order_id,customer_id,product_id,order_date,quantity,price,total_amount
ORD_00889,CUST_0074,PROD_025,2023-01-01,5,191.87,959.35
ORD_00004,CUST_0549,PROD_027,2023-01-01,2,355.74,711.48
ORD_02762,CUST_0838,PROD_013,2023-01-01,3,339.75,1019.25
ORD_01444,CUST_0179,PROD_047,2023-01-01,5,494.14,2470.7
ORD_00698,CUST_0557,PROD_019,2023-01-02,3,412.99,1238.97
ORD_00441,CUST_0590,PROD_010,2023-01-02,3,424.35,1273.0500000000002
ORD_01881,CUST_0040,PROD_050,2023-01-02,1,78.87,78.87
ORD_03378,CUST_0538,PROD_041,2023-01-02,4,210.72,842.88
ORD_04090,CUST_0835,PROD_047,2023-01-02,5,494.14,2470.7
ORD_00424,CUST_0306,PROD_050,2023-01-02,2,78.87,157.74
ORD_01140,CUST_0021,PROD_021,2023-01-02,3,459.15,1377.4499999999998
ORD_01258,CUST_0680,PROD_035,2023-01-02,5,85.69,428.45
ORD_02005,CUST_0354,PROD_013,2023-01-02,4,339.75,1359.0
ORD_02683,CUST_0197,PROD_021,2023-01-02,5,459.15,2295.75
ORD_02201,CUST_0820,PROD_035,2023-01-03,5,85.69,428.45
ORD_00477,CUST_0611,PROD_008,2023-01-03,5,367.3,1836.5
ORD_02561,CUST_0795,PROD_038,2023-01-03,1,322.08,322.08
ORD_00937,CUST_0826,PROD_013,2023-01-03,3,339.75,1019.25
ORD_00901,CUST_0113,PROD_035,2023-01-03,2,85.69,171.38
ORD_01579,CUST_0984,PROD_016,2023-01-03,1,396.6,396.6
ORD_04236,CUST_0189,PROD_010,2023-01-03,1,424.35,424.35
ORD_04560,CUST_0618,PROD_040,2023-01-03,5,45.14,225.7
ORD_00121,CUST_0325,PROD_029,2023-01-03,5,193.53,967.65
ORD_04616,CUST_0223,PROD_042,2023-01-03,2,162.5,325.0
ORD_00626,CUST_0785,PROD_016,2023-01-03,4,396.6,1586.4
ORD_00209,CUST_0658,PROD_012,2023-01-03,2,220.67,441.34
ORD_02565,CUST_0049,PROD_003,2023-01-03,2,292.83,585.66
ORD_02154,CUST_0023,PROD_040,2023-01-04,2,45.14,90.28
ORD_03351,CUST_0149,PROD_009,2023-01-04,2,329.62,659.24
ORD_02605,CUST_0118,PROD_002,2023-01-04,3,248.14,744.42
ORD_02276,CUST_0920,PROD_014,2023-01-04,2,144.94,289.88
ORD_04282,CUST_0572,PROD_026,2023-01-04,4,304.53,1218.12
ORD_03465,CUST_0179,PROD_004,2023-01-04,3,31.43,94.28999999999999
ORD_02856,CUST_0089,PROD_008,2023-01-04,5,367.3,1836.5
ORD_03577,CUST_0142,PROD_002,2023-01-04,1,248.14,248.14
ORD_03931,CUST_0679,PROD_007,2023-01-04,1,178.15,178.15
ORD_03048,CUST_0346,PROD_001,2023-01-04,5,154.57,772.8499999999999
ORD_01561,CUST_0514,PROD_049,2023-01-04,3,347.25,1041.75
ORD_03380,CUST_0306,PROD_009,2023-01-04,2,329.62,659.24
ORD_00832,CUST_0439,PROD_022,2023-01-05,2,221.18,442.36
ORD_03638,CUST_0474,PROD_033,2023-01-05,1,446.15,446.15
ORD_03693,CUST_0256,PROD_017,2023-01-05,3,228.75,686.25
ORD_00630,CUST_0290,PROD_014,2023-01-05,4,144.94,579.76
ORD_01164,CUST_0314,PROD_005,2023-01-05,5,70.27,351.34999999999997
ORD_02167,CUST_0920,PROD_041,2023-01-05,4,210.72,842.88
ORD_00276,CUST_0380,PROD_019,2023-01-05,3,412.99,1238.97
ORD_04715,CUST_0116,PROD_024,2023-01-05,1,295.28,295.28
ORD_03824,CUST_0460,PROD_050,2023-01-05,2,78.87,157.74
ORD_00432,CUST_0393,PROD_034,2023-01-05,4,179.48,717.92
ORD_01249,CUST_0502,PROD_041,2023-01-06,3,210.72,632.16
ORD_01784,CUST_0788,PROD_012,2023-01-06,1,220.67,220.67
ORD_04180,CUST_0845,PROD_014,2023-01-06,3,144.94,434.82
ORD_02872,CUST_0698,PROD_031,2023-01-06,3,220.96,662.88
ORD_00089,CUST_0288,PROD_020,2023-01-06,1,430.21,430.21
ORD_04340,CUST_0670,PROD_024,2023-01-06,2,295.28,590.56
ORD_01710,CUST_0929,PROD_037,2023-01-06,4,326.45,1305.8
ORD_04612,CUST_0394,PROD_030,2023-01-06,4,91.76,367.04
ORD_02618,CUST_0092,PROD_027,2023-01-06,3,355.74,1067.22
ORD_01851,CUST_0543,PROD_022,2023-01-06,5,221.18,1105.9
ORD_00763,CUST_0881,PROD_012,2023-01-06,1,220.67,220.67
ORD_03411,CUST_0984,PROD_037,2023-01-06,4,326.45,1305.8
ORD_03160,CUST_0009,PROD_006,2023-01-07,1,283.73,283.73
ORD_00321,CUST_0432,PROD_046,2023-01-07,5,116.77,583.85
ORD_01183,CUST_0414,PROD_001,2023-01-07,5,154.57,772.8499999999999
ORD_02679,CUST_0404,PROD_049,2023-01-07,1,347.25,347.25
ORD_04816,CUST_0116,PROD_028,2023-01-07,1,347.32,347.32
ORD_01865,CUST_0153,PROD_046,2023-01-07,5,116.77,583.85
ORD_00858,CUST_0951,PROD_043,2023-01-07,2,341.79,683.58
ORD_03497,CUST_0861,PROD_029,2023-01-08,1,193.53,193.53
ORD_04294,CUST_0031,PROD_049,2023-01-08,4,347.25,1389.0
ORD_02085,CUST_0558,PROD_016,2023-01-08,3,396.6,1189.8000000000002
ORD_00489,CUST_0420,PROD_002,2023-01-08,3,248.14,744.42
ORD_03293,CUST_0446,PROD_025,2023-01-08,1,191.87,191.87
ORD_04634,CUST_0092,PROD_043,2023-01-08,1,341.79,341.79
ORD_00826,CUST_0755,PROD_035,2023-01-08,4,85.69,342.76
ORD_03780,CUST_0474,PROD_018,2023-01-08,4,401.21,1604.84
ORD_00829,CUST_0662,PROD_023,2023-01-08,1,166.24,166.24
ORD_02904,CUST_0942,PROD_013,2023-01-08,3,339.75,1019.25
ORD_04213,CUST_0502,PROD_046,2023-01-08,1,116.77,116.77
ORD_01159,CUST_0486,PROD_045,2023-01-08,5,188.65,943.25
ORD_01141,CUST_0141,PROD_024,2023-01-08,5,295.28,1476.3999999999999
ORD_00029,CUST_0342,PROD_025,2023-01-08,4,191.87,767.48
ORD_03304,CUST_0398,PROD_044,2023-01-08,4,306.83,1227.32
ORD_02041,CUST_0209,PROD_007,2023-01-09,2,178.15,356.3
ORD_04257,CUST_0877,PROD_021,2023-01-09,3,459.15,1377.4499999999998
ORD_00401,CUST_0220,PROD_047,2023-01-09,3,494.14,1482.42
ORD_02138,CUST_0119,PROD_011,2023-01-09,1,349.32,349.32
ORD_00429,CUST_0517,PROD_022,2023-01-09,5,221.18,1105.9
ORD_00780,CUST_0880,PROD_040,2023-01-09,1,45.14,45.14
ORD_01050,CUST_0510,PROD_045,2023-01-09,1,188.65,188.65
ORD_00783,CUST_0595,PROD_042,2023-01-09,1,162.5,162.5
ORD_00211,CUST_0212,PROD_044,2023-01-09,1,306.83,306.83
ORD_00853,CUST_0644,PROD_042,2023-01-09,1,162.5,162.5
ORD_01733,CUST_0392,PROD_017,2023-01-09,2,228.75,457.5
ORD_04644,CUST_0389,PROD_001,2023-01-09,1,154.57,154.57
ORD_01113,CUST_0800,PROD_010,2023-01-09,1,424.35,424.35
ORD_01423,CUST_0533,PROD_045,2023-01-10,4,188.65,754.6
ORD_00129,CUST_0207,PROD_007,2023-01-10,1,178.15,178.15
ORD_01264,CUST_0890,PROD_042,2023-01-10,4,162.5,650.0
ORD_03867,CUST_0745,PROD_021,2023-01-10,1,459.15,459.15
ORD_02252,CUST_0557,PROD_041,2023-01-10,2,210.72,421.44
ORD_01125,CUST_0414,PROD_028,2023-01-10,3,347.32,1041.96
ORD_03792,CUST_0100,PROD_038,2023-01-10,4,322.08,1288.32
ORD_04425,CUST_0582,PROD_038,2023-01-10,5,322.08,1610.3999999999999
ORD_04965,CUST_0158,PROD_029,2023-01-10,3,193.53,580.59
ORD_03759,CUST_0470,PROD_038,2023-01-10,2,322.08,644.16
ORD_00464,CUST_0404,PROD_015,2023-01-10,2,160.09,320.18
ORD_04566,CUST_0744,PROD_027,2023-01-10,2,355.74,711.48
ORD_00607,CUST_0300,PROD_019,2023-01-10,1,412.99,412.99
ORD_02454,CUST_0429,PROD_002,2023-01-10,4,248.14,992.56
ORD_03617,CUST_0378,PROD_014,2023-01-10,3,144.94,434.82
ORD_04500,CUST_0395,PROD_015,2023-01-10,2,160.09,320.18
ORD_04552,CUST_0456,PROD_032,2023-01-11,5,79.87,399.35
ORD_01400,CUST_0863,PROD_027,2023-01-11,4,355.74,1422.96
ORD_02261,CUST_0625,PROD_017,2023-01-11,5,228.75,1143.75
ORD_04597,CUST_0678,PROD_031,2023-01-11,2,220.96,441.92
ORD_04819,CUST_0194,PROD_017,2023-01-11,1,228.75,228.75
ORD_01987,CUST_0387,PROD_006,2023-01-11,1,283.73,283.73
ORD_01160,CUST_0660,PROD_044,2023-01-11,4,306.83,1227.32
ORD_04555,CUST_0276,PROD_037,2023-01-11,1,326.45,326.45
ORD_01857,CUST_0865,PROD_040,2023-01-11,3,45.14,135.42000000000002
ORD_03573,CUST_0848,PROD_018,2023-01-12,4,401.21,1604.84
ORD_03866,CUST_0087,PROD_005,2023-01-12,5,70.27,351.34999999999997
ORD_04214,CUST_0633,PROD_015,2023-01-12,2,160.09,320.18
ORD_01108,CUST_0021,PROD_032,2023-01-12,2,79.87,159.74
ORD_00232,CUST_0453,PROD_043,2023-01-12,5,341.79,1708.95
ORD_03461,CUST_0597,PROD_036,2023-01-12,4,22.47,89.88
ORD_01914,CUST_0557,PROD_045,2023-01-12,4,188.65,754.6
ORD_04690,CUST_0993,PROD_026,2023-01-12,3,304.53,913.5899999999999
ORD_04378,CUST_0561,PROD_005,2023-01-12,1,70.27,70.27
ORD_00216,CUST_0877,PROD_043,2023-01-12,3,341.79,1025.3700000000001
ORD_01150,CUST_0289,PROD_039,2023-01-13,1,176.9,176.9
ORD_01584,CUST_0907,PROD_007,2023-01-13,4,178.15,712.6
ORD_01992,CUST_0238,PROD_022,2023-01-13,3,221.18,663.54
ORD_02843,CUST_0390,PROD_008,2023-01-13,1,367.3,367.3
ORD_02335,CUST_0660,PROD_018,2023-01-13,3,401.21,1203.6299999999999
ORD_03484,CUST_0904,PROD_016,2023-01-13,4,396.6,1586.4
ORD_02408,CUST_0482,PROD_032,2023-01-14,2,79.87,159.74
ORD_02390,CUST_0091,PROD_033,2023-01-14,4,446.15,1784.6
ORD_00882,CUST_0915,PROD_013,2023-01-14,2,339.75,679.5
ORD_03601,CUST_0283,PROD_034,2023-01-14,1,179.48,179.48
ORD_04390,CUST_0112,PROD_018,2023-01-14,5,401.21,2006.05
ORD_00803,CUST_0620,PROD_023,2023-01-15,1,166.24,166.24
ORD_03101,CUST_0853,PROD_022,2023-01-15,3,221.18,663.54
ORD_02418,CUST_0520,PROD_047,2023-01-15,5,494.14,2470.7
ORD_01037,CUST_0333,PROD_012,2023-01-15,4,220.67,882.68
ORD_01393,CUST_0820,PROD_036,2023-01-15,1,22.47,22.47
ORD_00314,CUST_0935,PROD_008,2023-01-15,2,367.3,734.6
ORD_02894,CUST_0430,PROD_034,2023-01-15,2,179.48,358.96
ORD_03098,CUST_0668,PROD_035,2023-01-15,2,85.69,171.38
ORD_03860,CUST_0980,PROD_016,2023-01-15,2,396.6,793.2
ORD_00526,CUST_0144,PROD_003,2023-01-15,2,292.83,585.66
ORD_01578,CUST_0758,PROD_002,2023-01-15,1,248.14,248.14
ORD_03978,CUST_0409,PROD_049,2023-01-15,2,347.25,694.5
ORD_02941,CUST_0040,PROD_025,2023-01-15,3,191.87,575.61
ORD_02913,CUST_0075,PROD_035,2023-01-15,4,85.69,342.76
ORD_02080,CUST_0737,PROD_005,2023-01-15,5,70.27,351.34999999999997
ORD_03195,CUST_0118,PROD_032,2023-01-16,5,79.87,399.35
ORD_01742,CUST_0745,PROD_042,2023-01-16,4,162.5,650.0
ORD_03184,CUST_0270,PROD_034,2023-01-16,3,179.48,538.4399999999999
ORD_04652,CUST_0158,PROD_042,2023-01-16,3,162.5,487.5
ORD_02409,CUST_0848,PROD_024,2023-01-16,1,295.28,295.28
ORD_02547,CUST_0758,PROD_027,2023-01-16,1,355.74,355.74
ORD_00677,CUST_0858,PROD_036,2023-01-16,2,22.47,44.94
ORD_01350,CUST_0991,PROD_007,2023-01-16,4,178.15,712.6
ORD_02697,CUST_0182,PROD_038,2023-01-16,5,322.08,1610.3999999999999
ORD_01592,CUST_0339,PROD_025,2023-01-16,2,191.87,383.74
ORD_02310,CUST_0409,PROD_033,2023-01-16,3,446.15,1338.4499999999998
ORD_04377,CUST_0023,PROD_011,2023-01-16,1,349.32,349.32
ORD_01767,CUST_0525,PROD_009,2023-01-17,3,329.62,988.86
ORD_01502,CUST_0181,PROD_048,2023-01-17,3,232.46,697.38
ORD_00891,CUST_0741,PROD_010,2023-01-17,1,424.35,424.35
ORD_01654,CUST_0040,PROD_009,2023-01-17,4,329.62,1318.48
ORD_02571,CUST_0975,PROD_046,2023-01-17,1,116.77,116.77
ORD_02051,CUST_0066,PROD_010,2023-01-17,4,424.35,1697.4
ORD_02790,CUST_0391,PROD_018,2023-01-17,2,401.21,802.42
ORD_02668,CUST_0358,PROD_033,2023-01-17,2,446.15,892.3
ORD_02054,CUST_0495,PROD_018,2023-01-18,3,401.21,1203.6299999999999
ORD_04669,CUST_0318,PROD_010,2023-01-18,5,424.35,2121.75
ORD_02012,CUST_0394,PROD_026,2023-01-18,2,304.53,609.06
ORD_02827,CUST_0875,PROD_013,2023-01-18,3,339.75,1019.25
ORD_00888,CUST_0574,PROD_009,2023-01-18,2,329.62,659.24
ORD_00847,CUST_0355,PROD_004,2023-01-18,4,31.43,125.72
ORD_01629,CUST_0747,PROD_008,2023-01-18,1,367.3,367.3
ORD_04225,CUST_0325,PROD_024,2023-01-18,5,295.28,1476.3999999999999
ORD_00976,CUST_0049,PROD_010,2023-01-19,2,424.35,848.7
ORD_02989,CUST_0668,PROD_049,2023-01-19,1,347.25,347.25
ORD_03082,CUST_0212,PROD_006,2023-01-19,4,283.73,1134.92
ORD_04152,CUST_0707,PROD_034,2023-01-19,5,179.48,897.4
ORD_01693,CUST_0320,PROD_036,2023-01-19,5,22.47,112.35
ORD_03039,CUST_0847,PROD_024,2023-01-20,3,295.28,885.8399999999999
ORD_02079,CUST_0142,PROD_046,2023-01-20,5,116.77,583.85
ORD_04540,CUST_0061,PROD_040,2023-01-20,1,45.14,45.14
ORD_02047,CUST_0985,PROD_046,2023-01-20,3,116.77,350.31
ORD_00102,CUST_0814,PROD_013,2023-01-20,1,339.75,339.75
ORD_04694,CUST_0580,PROD_045,2023-01-20,3,188.65,565.95
ORD_00724,CUST_0018,PROD_011,2023-01-20,4,349.32,1397.28
ORD_03439,CUST_0220,PROD_013,2023-01-20,5,339.75,1698.75
ORD_04739,CUST_0520,PROD_033,2023-01-20,2,446.15,892.3
ORD_04637,CUST_0877,PROD_015,2023-01-20,3,160.09,480.27
ORD_03690,CUST_0191,PROD_049,2023-01-20,5,347.25,1736.25
ORD_04946,CUST_0516,PROD_004,2023-01-20,4,31.43,125.72
ORD_00383,CUST_0031,PROD_019,2023-01-20,5,412.99,2064.95
ORD_01091,CUST_0290,PROD_003,2023-01-20,3,292.83,878.49
ORD_04322,CUST_0800,PROD_048,2023-01-20,2,232.46,464.92
ORD_01957,CUST_0764,PROD_048,2023-01-21,3,232.46,697.38
ORD_03312,CUST_0414,PROD_006,2023-01-21,1,283.73,283.73
ORD_00567,CUST_0050,PROD_022,2023-01-21,4,221.18,884.72
ORD_04393,CUST_0104,PROD_031,2023-01-21,3,220.96,662.88
ORD_02125,CUST_0129,PROD_019,2023-01-21,5,412.99,2064.95
ORD_02634,CUST_0745,PROD_014,2023-01-22,4,144.94,579.76
ORD_00077,CUST_0031,PROD_014,2023-01-22,3,144.94,434.82
ORD_03040,CUST_0996,PROD_014,2023-01-22,1,144.94,144.94
ORD_04299,CUST_0032,PROD_031,2023-01-22,2,220.96,441.92
ORD_00317,CUST_0148,PROD_026,2023-01-22,5,304.53,1522.6499999999999
ORD_00044,CUST_0156,PROD_041,2023-01-22,3,210.72,632.16
ORD_04797,CUST_0307,PROD_028,2023-01-22,5,347.32,1736.6
ORD_03801,CUST_0262,PROD_016,2023-01-23,2,396.6,793.2
ORD_00903,CUST_0984,PROD_029,2023-01-23,1,193.53,193.53
ORD_03995,CUST_0656,PROD_011,2023-01-23,3,349.32,1047.96
ORD_00733,CUST_0925,PROD_049,2023-01-23,1,347.25,347.25
ORD_01083,CUST_0721,PROD_006,2023-01-23,5,283.73,1418.65
ORD_03347,CUST_0997,PROD_001,2023-01-23,3,154.57,463.71
ORD_01587,CUST_0809,PROD_034,2023-01-23,1,179.48,179.48
ORD_02704,CUST_0685,PROD_041,2023-01-23,3,210.72,632.16
ORD_01685,CUST_0849,PROD_035,2023-01-23,4,85.69,342.76
ORD_01462,CUST_0227,PROD_009,2023-01-23,2,329.62,659.24
ORD_01952,CUST_0680,PROD_023,2023-01-24,5,166.24,831.2
ORD_04980,CUST_0085,PROD_036,2023-01-24,4,22.47,89.88
ORD_03539,CUST_0737,PROD_007,2023-01-24,2,178.15,356.3
ORD_02551,CUST_0392,PROD_026,2023-01-24,1,304.53,304.53
ORD_02256,CUST_0837,PROD_015,2023-01-24,3,160.09,480.27
ORD_00095,CUST_0984,PROD_022,2023-01-24,3,221.18,663.54
ORD_02682,CUST_0546,PROD_032,2023-01-24,5,79.87,399.35
ORD_01937,CUST_0433,PROD_017,2023-01-24,3,228.75,686.25
ORD_00001,CUST_0021,PROD_047,2023-01-24,1,494.14,494.14
ORD_00637,CUST_0858,PROD_036,2023-01-24,4,22.47,89.88
ORD_03077,CUST_0410,PROD_038,2023-01-24,1,322.08,322.08
ORD_03226,CUST_0568,PROD_013,2023-01-24,4,339.75,1359.0
ORD_01667,CUST_0470,PROD_038,2023-01-24,1,322.08,322.08
ORD_01221,CUST_0793,PROD_010,2023-01-25,3,424.35,1273.0500000000002
ORD_01683,CUST_0049,PROD_013,2023-01-25,5,339.75,1698.75
ORD_04222,CUST_0991,PROD_014,2023-01-25,3,144.94,434.82
ORD_02203,CUST_0408,PROD_042,2023-01-25,2,162.5,325.0
ORD_02027,CUST_0030,PROD_047,2023-01-25,4,494.14,1976.56
ORD_01836,CUST_0872,PROD_030,2023-01-25,2,91.76,183.52
ORD_01718,CUST_0861,PROD_038,2023-01-25,4,322.08,1288.32
ORD_02631,CUST_0414,PROD_014,2023-01-25,1,144.94,144.94
ORD_00218,CUST_0608,PROD_021,2023-01-25,1,459.15,459.15
ORD_04916,CUST_0912,PROD_001,2023-01-25,5,154.57,772.8499999999999
ORD_01033,CUST_0394,PROD_024,2023-01-25,2,295.28,590.56
ORD_04718,CUST_0226,PROD_001,2023-01-25,1,154.57,154.57
ORD_01977,CUST_0553,PROD_014,2023-01-25,2,144.94,289.88
ORD_04572,CUST_0214,PROD_031,2023-01-25,3,220.96,662.88
ORD_03264,CUST_0866,PROD_012,2023-01-25,3,220.67,662.01
ORD_01941,CUST_0289,PROD_044,2023-01-25,1,306.83,306.83
ORD_04117,CUST_0625,PROD_028,2023-01-25,3,347.32,1041.96
ORD_00009,CUST_0752,PROD_041,2023-01-25,1,210.72,210.72
ORD_00304,CUST_0313,PROD_041,2023-01-25,5,210.72,1053.6
ORD_04430,CUST_0425,PROD_010,2023-01-26,5,424.35,2121.75
ORD_04270,CUST_0516,PROD_022,2023-01-26,5,221.18,1105.9
ORD_03092,CUST_0014,PROD_029,2023-01-26,5,193.53,967.65
ORD_03396,CUST_0414,PROD_028,2023-01-26,1,347.32,347.32
ORD_00536,CUST_0578,PROD_028,2023-01-26,3,347.32,1041.96
ORD_03654,CUST_0578,PROD_013,2023-01-26,3,339.75,1019.25
ORD_01309,CUST_0344,PROD_018,2023-01-26,3,401.21,1203.6299999999999
ORD_01680,CUST_0051,PROD_028,2023-01-26,3,347.32,1041.96
ORD_03669,CUST_0334,PROD_021,2023-01-27,2,459.15,918.3
ORD_00662,CUST_0580,PROD_038,2023-01-27,3,322.08,966.24
ORD_02511,CUST_0160,PROD_017,2023-01-27,4,228.75,915.0
ORD_02703,CUST_0264,PROD_036,2023-01-27,3,22.47,67.41
ORD_00673,CUST_0212,PROD_036,2023-01-27,4,22.47,89.88
ORD_02122,CUST_0785,PROD_004,2023-01-27,3,31.43,94.28999999999999
ORD_02923,CUST_0235,PROD_019,2023-01-27,1,412.99,412.99
ORD_03260,CUST_0796,PROD_049,2023-01-27,1,347.25,347.25
ORD_04802,CUST_0543,PROD_010,2023-01-27,3,424.35,1273.0500000000002
ORD_04890,CUST_0252,PROD_048,2023-01-27,4,232.46,929.84
ORD_01627,CUST_0717,PROD_014,2023-01-27,1,144.94,144.94
ORD_00198,CUST_0983,PROD_030,2023-01-28,2,91.76,183.52
ORD_04788,CUST_0064,PROD_034,2023-01-28,1,179.48,179.48
ORD_01101,CUST_0086,PROD_047,2023-01-28,1,494.14,494.14
ORD_04544,CUST_0516,PROD_025,2023-01-28,4,191.87,767.48
ORD_03069,CUST_0571,PROD_033,2023-01-28,5,446.15,2230.75
ORD_01441,CUST_0766,PROD_040,2023-01-28,3,45.14,135.42000000000002
ORD_00039,CUST_0439,PROD_020,2023-01-28,4,430.21,1720.84
ORD_03456,CUST_0165,PROD_037,2023-01-28,1,326.45,326.45
ORD_00992,CUST_0361,PROD_028,2023-01-28,1,347.32,347.32
ORD_02524,CUST_0720,PROD_031,2023-01-28,1,220.96,220.96
ORD_01112,CUST_0574,PROD_011,2023-02-01,4,349.32,1397.28
ORD_02416,CUST_0068,PROD_050,2023-02-01,3,78.87,236.61
ORD_02360,CUST_0708,PROD_008,2023-02-01,2,367.3,734.6
ORD_01194,CUST_0905,PROD_020,2023-02-01,3,430.21,1290.6299999999999
ORD_04256,CUST_0677,PROD_036,2023-02-01,5,22.47,112.35
ORD_03081,CUST_0394,PROD_033,2023-02-01,2,446.15,892.3
ORD_01080,CUST_0680,PROD_017,2023-02-01,4,228.75,915.0
ORD_04758,CUST_0180,PROD_022,2023-02-01,1,221.18,221.18
ORD_02151,CUST_0257,PROD_007,2023-02-01,1,178.15,178.15
ORD_00582,CUST_0050,PROD_029,2023-02-01,3,193.53,580.59
ORD_00674,CUST_0060,PROD_030,2023-02-02,2,91.76,183.52
ORD_00078,CUST_0409,PROD_030,2023-02-02,4,91.76,367.04
ORD_04218,CUST_0736,PROD_046,2023-02-02,1,116.77,116.77
ORD_01165,CUST_0394,PROD_025,2023-02-02,4,191.87,767.48
ORD_02268,CUST_0163,PROD_026,2023-02-02,3,304.53,913.5899999999999
ORD_00481,CUST_0664,PROD_028,2023-02-02,1,347.32,347.32
ORD_00797,CUST_0081,PROD_037,2023-02-02,5,326.45,1632.25
ORD_04121,CUST_0217,PROD_044,2023-02-02,1,306.83,306.83
ORD_03862,CUST_0021,PROD_007,2023-02-02,2,178.15,356.3
ORD_01492,CUST_0309,PROD_024,2023-02-02,3,295.28,885.8399999999999
ORD_01908,CUST_0558,PROD_019,2023-02-02,4,412.99,1651.96
ORD_01905,CUST_0283,PROD_003,2023-02-02,5,292.83,1464.1499999999999
ORD_03633,CUST_0941,PROD_034,2023-02-02,3,179.48,538.4399999999999
ORD_04248,CUST_0626,PROD_013,2023-02-02,1,339.75,339.75
ORD_04551,CUST_0118,PROD_023,2023-02-02,4,166.24,664.96
ORD_04259,CUST_0758,PROD_012,2023-02-02,4,220.67,882.68
ORD_02951,CUST_0231,PROD_023,2023-02-02,1,166.24,166.24
ORD_00109,CUST_0224,PROD_044,2023-02-03,4,306.83,1227.32
ORD_03878,CUST_0848,PROD_029,2023-02-03,2,193.53,387.06
ORD_04865,CUST_0501,PROD_002,2023-02-03,3,248.14,744.42
ORD_02556,CUST_0082,PROD_033,2023-02-03,4,446.15,1784.6
ORD_00654,CUST_0092,PROD_011,2023-02-03,5,349.32,1746.6
ORD_02292,CUST_0245,PROD_008,2023-02-03,5,367.3,1836.5
ORD_04241,CUST_0070,PROD_010,2023-02-03,3,424.35,1273.0500000000002
ORD_01681,CUST_0837,PROD_010,2023-02-03,5,424.35,2121.75
ORD_03879,CUST_0713,PROD_035,2023-02-03,4,85.69,342.76
ORD_00444,CUST_0073,PROD_026,2023-02-03,3,304.53,913.5899999999999
ORD_01306,CUST_0996,PROD_028,2023-02-03,2,347.32,694.64
ORD_03635,CUST_0718,PROD_027,2023-02-03,5,355.74,1778.7
ORD_04318,CUST_0527,PROD_045,2023-02-03,4,188.65,754.6
ORD_02915,CUST_0963,PROD_037,2023-02-03,3,326.45,979.3499999999999
ORD_03363,CUST_0417,PROD_046,2023-02-03,2,116.77,233.54
ORD_04467,CUST_0630,PROD_007,2023-02-04,5,178.15,890.75
ORD_03410,CUST_0510,PROD_045,2023-02-04,2,188.65,377.3
ORD_02448,CUST_0567,PROD_046,2023-02-04,4,116.77,467.08
ORD_04480,CUST_0493,PROD_030,2023-02-04,2,91.76,183.52
ORD_01816,CUST_0890,PROD_033,2023-02-04,3,446.15,1338.4499999999998
ORD_01443,CUST_0608,PROD_047,2023-02-04,5,494.14,2470.7
ORD_03358,CUST_0325,PROD_027,2023-02-04,5,355.74,1778.7
ORD_00974,CUST_0543,PROD_013,2023-02-04,4,339.75,1359.0
ORD_02895,CUST_0377,PROD_009,2023-02-04,3,329.62,988.86
ORD_01974,CUST_0502,PROD_024,2023-02-04,1,295.28,295.28
ORD_04060,CUST_0040,PROD_039,2023-02-04,4,176.9,707.6
ORD_02346,CUST_0419,PROD_009,2023-02-04,1,329.62,329.62
ORD_02546,CUST_0372,PROD_049,2023-02-04,2,347.25,694.5
ORD_01087,CUST_0255,PROD_029,2023-02-04,3,193.53,580.59
ORD_03094,CUST_0796,PROD_026,2023-02-04,1,304.53,304.53
ORD_00411,CUST_0795,PROD_017,2023-02-04,2,228.75,457.5
ORD_01313,CUST_0214,PROD_021,2023-02-04,4,459.15,1836.6
ORD_04722,CUST_0375,PROD_027,2023-02-04,3,355.74,1067.22
ORD_01904,CUST_0436,PROD_037,2023-02-04,5,326.45,1632.25
ORD_02592,CUST_0590,PROD_025,2023-02-04,2,191.87,383.74
ORD_02965,CUST_0726,PROD_038,2023-02-04,5,322.08,1610.3999999999999
ORD_02068,CUST_0307,PROD_025,2023-02-04,4,191.87,767.48
ORD_00116,CUST_0745,PROD_012,2023-02-05,5,220.67,1103.35
ORD_01177,CUST_0657,PROD_035,2023-02-05,3,85.69,257.07
ORD_04356,CUST_0377,PROD_039,2023-02-05,2,176.9,353.8
ORD_00476,CUST_0617,PROD_019,2023-02-05,1,412.99,412.99
ORD_02236,CUST_0721,PROD_016,2023-02-05,4,396.6,1586.4
ORD_02901,CUST_0656,PROD_043,2023-02-05,5,341.79,1708.95
ORD_01883,CUST_0766,PROD_039,2023-02-05,2,176.9,353.8
ORD_02503,CUST_0506,PROD_048,2023-02-05,3,232.46,697.38
ORD_00657,CUST_0659,PROD_006,2023-02-05,2,283.73,567.46
ORD_03686,CUST_0046,PROD_021,2023-02-05,2,459.15,918.3
ORD_02031,CUST_0118,PROD_026,2023-02-05,3,304.53,913.5899999999999
ORD_01396,CUST_0967,PROD_033,2023-02-05,3,446.15,1338.4499999999998
ORD_03062,CUST_0983,PROD_007,2023-02-05,4,178.15,712.6
ORD_02078,CUST_0923,PROD_008,2023-02-05,4,367.3,1469.2
ORD_03843,CUST_0323,PROD_019,2023-02-05,5,412.99,2064.95
ORD_00708,CUST_0699,PROD_011,2023-02-05,4,349.32,1397.28
ORD_04769,CUST_0011,PROD_025,2023-02-05,4,191.87,767.48
ORD_01804,CUST_0586,PROD_021,2023-02-06,4,459.15,1836.6
ORD_04483,CUST_0477,PROD_044,2023-02-06,5,306.83,1534.1499999999999
ORD_00514,CUST_0023,PROD_008,2023-02-06,3,367.3,1101.9
ORD_01927,CUST_0918,PROD_003,2023-02-06,1,292.83,292.83
ORD_03154,CUST_0357,PROD_028,2023-02-06,3,347.32,1041.96
ORD_02725,CUST_0394,PROD_050,2023-02-06,2,78.87,157.74
ORD_01543,CUST_0433,PROD_027,2023-02-06,1,355.74,355.74
ORD_04927,CUST_0451,PROD_039,2023-02-06,2,176.9,353.8
ORD_00778,CUST_0684,PROD_050,2023-02-06,1,78.87,78.87
ORD_00945,CUST_0214,PROD_035,2023-02-06,1,85.69,85.69
ORD_04562,CUST_0914,PROD_018,2023-02-06,4,401.21,1604.84
ORD_03489,CUST_0224,PROD_027,2023-02-06,5,355.74,1778.7
ORD_03549,CUST_0517,PROD_040,2023-02-06,3,45.14,135.42000000000002
ORD_02577,CUST_0652,PROD_016,2023-02-06,1,396.6,396.6
ORD_03830,CUST_0914,PROD_041,2023-02-06,1,210.72,210.72
ORD_02061,CUST_0060,PROD_050,2023-02-06,1,78.87,78.87
ORD_01575,CUST_0717,PROD_029,2023-02-07,3,193.53,580.59
ORD_04820,CUST_0435,PROD_015,2023-02-07,4,160.09,640.36
ORD_02574,CUST_0017,PROD_039,2023-02-07,5,176.9,884.5
ORD_02445,CUST_0127,PROD_050,2023-02-07,2,78.87,157.74
ORD_02162,CUST_0630,PROD_020,2023-02-07,2,430.21,860.42
ORD_03938,CUST_0951,PROD_030,2023-02-07,4,91.76,367.04
ORD_00729,CUST_0343,PROD_031,2023-02-07,5,220.96,1104.8
ORD_01812,CUST_0355,PROD_030,2023-02-07,1,91.76,91.76
ORD_01328,CUST_0599,PROD_027,2023-02-07,2,355.74,711.48
ORD_02498,CUST_0149,PROD_039,2023-02-07,3,176.9,530.7
ORD_03927,CUST_0639,PROD_044,2023-02-07,1,306.83,306.83
ORD_04187,CUST_0996,PROD_007,2023-02-07,5,178.15,890.75
ORD_04523,CUST_0256,PROD_040,2023-02-08,4,45.14,180.56
ORD_04360,CUST_0691,PROD_008,2023-02-08,1,367.3,367.3
ORD_00504,CUST_0387,PROD_010,2023-02-08,5,424.35,2121.75
ORD_03276,CUST_0354,PROD_015,2023-02-08,1,160.09,160.09
ORD_02383,CUST_0492,PROD_001,2023-02-08,2,154.57,309.14
ORD_01675,CUST_0757,PROD_018,2023-02-08,5,401.21,2006.05
ORD_00378,CUST_0990,PROD_016,2023-02-08,3,396.6,1189.8000000000002
ORD_04973,CUST_0250,PROD_039,2023-02-08,1,176.9,176.9
ORD_01379,CUST_0097,PROD_045,2023-02-08,3,188.65,565.95
ORD_02745,CUST_0730,PROD_029,2023-02-08,1,193.53,193.53
ORD_00359,CUST_0533,PROD_009,2023-02-08,4,329.62,1318.48
ORD_02691,CUST_0322,PROD_022,2023-02-08,3,221.18,663.54
ORD_01219,CUST_0108,PROD_004,2023-02-08,3,31.43,94.28999999999999
ORD_01139,CUST_0941,PROD_050,2023-02-08,3,78.87,236.61
ORD_01438,CUST_0098,PROD_050,2023-02-09,1,78.87,78.87
ORD_01461,CUST_0183,PROD_025,2023-02-09,2,191.87,383.74
ORD_03011,CUST_0060,PROD_021,2023-02-09,5,459.15,2295.75
ORD_01031,CUST_0218,PROD_043,2023-02-09,4,341.79,1367.16
ORD_00243,CUST_0030,PROD_041,2023-02-09,1,210.72,210.72
ORD_02603,CUST_0439,PROD_013,2023-02-09,2,339.75,679.5
ORD_04288,CUST_0280,PROD_028,2023-02-09,2,347.32,694.64
ORD_00147,CUST_0076,PROD_011,2023-02-09,1,349.32,349.32
ORD_00639,CUST_0945,PROD_032,2023-02-09,3,79.87,239.61
ORD_03546,CUST_0664,PROD_020,2023-02-10,1,430.21,430.21
ORD_00254,CUST_0425,PROD_044,2023-02-10,4,306.83,1227.32
ORD_01427,CUST_0040,PROD_022,2023-02-10,4,221.18,884.72
ORD_03567,CUST_0759,PROD_048,2023-02-10,5,232.46,1162.3
ORD_01345,CUST_0014,PROD_014,2023-02-10,4,144.94,579.76
ORD_01607,CUST_0544,PROD_022,2023-02-10,1,221.18,221.18
ORD_01332,CUST_0996,PROD_023,2023-02-10,2,166.24,332.48
ORD_01122,CUST_0309,PROD_046,2023-02-10,3,116.77,350.31
ORD_00544,CUST_0876,PROD_048,2023-02-10,3,232.46,697.38
ORD_04096,CUST_0325,PROD_049,2023-02-10,4,347.25,1389.0
ORD_03374,CUST_0882,PROD_031,2023-02-10,3,220.96,662.88
ORD_02793,CUST_0086,PROD_001,2023-02-11,3,154.57,463.71
ORD_04874,CUST_0855,PROD_029,2023-02-11,2,193.53,387.06
ORD_04348,CUST_0182,PROD_016,2023-02-11,2,396.6,793.2
ORD_02698,CUST_0953,PROD_041,2023-02-11,1,210.72,210.72
ORD_02153,CUST_0941,PROD_018,2023-02-11,4,401.21,1604.84
ORD_02684,CUST_0727,PROD_040,2023-02-11,4,45.14,180.56
ORD_02187,CUST_0648,PROD_035,2023-02-11,5,85.69,428.45
ORD_02947,CUST_0954,PROD_006,2023-02-11,3,283.73,851.19
ORD_04190,CUST_0164,PROD_027,2023-02-11,3,355.74,1067.22
ORD_01268,CUST_0615,PROD_013,2023-02-11,4,339.75,1359.0
ORD_04680,CUST_0430,PROD_002,2023-02-11,3,248.14,744.42
ORD_04683,CUST_0517,PROD_010,2023-02-11,3,424.35,1273.0500000000002
ORD_03482,CUST_0378,PROD_015,2023-02-11,1,160.09,160.09
ORD_04385,CUST_0947,PROD_013,2023-02-12,5,339.75,1698.75
ORD_03828,CUST_0424,PROD_031,2023-02-12,1,220.96,220.96
ORD_00947,CUST_0553,PROD_010,2023-02-12,1,424.35,424.35
ORD_04028,CUST_0116,PROD_046,2023-02-12,2,116.77,233.54
ORD_04936,CUST_0032,PROD_020,2023-02-12,1,430.21,430.21
ORD_02523,CUST_0381,PROD_011,2023-02-12,4,349.32,1397.28
ORD_02967,CUST_0983,PROD_015,2023-02-12,3,160.09,480.27
ORD_04504,CUST_0235,PROD_050,2023-02-12,4,78.87,315.48
ORD_00897,CUST_0829,PROD_044,2023-02-12,5,306.83,1534.1499999999999
ORD_00486,CUST_0835,PROD_017,2023-02-12,5,228.75,1143.75
ORD_03399,CUST_0766,PROD_048,2023-02-12,1,232.46,232.46
ORD_02321,CUST_0643,PROD_040,2023-02-12,4,45.14,180.56
ORD_01565,CUST_0113,PROD_038,2023-02-13,5,322.08,1610.3999999999999
ORD_00020,CUST_0994,PROD_040,2023-02-13,2,45.14,90.28
ORD_00015,CUST_0546,PROD_032,2023-02-13,4,79.87,319.48
ORD_02616,CUST_0118,PROD_036,2023-02-13,2,22.47,44.94
ORD_04481,CUST_0792,PROD_015,2023-02-13,3,160.09,480.27
ORD_02686,CUST_0862,PROD_027,2023-02-13,5,355.74,1778.7
ORD_02422,CUST_0422,PROD_026,2023-02-13,2,304.53,609.06
ORD_03339,CUST_0289,PROD_037,2023-02-13,5,326.45,1632.25
ORD_01480,CUST_0055,PROD_044,2023-02-13,5,306.83,1534.1499999999999
ORD_03262,CUST_0061,PROD_008,2023-02-13,3,367.3,1101.9
ORD_04682,CUST_0985,PROD_012,2023-02-13,2,220.67,441.34
ORD_01997,CUST_0323,PROD_044,2023-02-13,1,306.83,306.83
ORD_01634,CUST_0578,PROD_027,2023-02-13,1,355.74,355.74
ORD_00275,CUST_0936,PROD_003,2023-02-13,4,292.83,1171.32
ORD_01688,CUST_0040,PROD_017,2023-02-14,2,228.75,457.5
ORD_04141,CUST_0648,PROD_032,2023-02-14,5,79.87,399.35
ORD_01466,CUST_0680,PROD_043,2023-02-14,2,341.79,683.58
ORD_03623,CUST_0431,PROD_015,2023-02-14,3,160.09,480.27
ORD_02545,CUST_0310,PROD_032,2023-02-14,3,79.87,239.61
ORD_03592,CUST_0755,PROD_003,2023-02-14,2,292.83,585.66
ORD_00701,CUST_0068,PROD_041,2023-02-14,2,210.72,421.44
ORD_04080,CUST_0389,PROD_022,2023-02-14,4,221.18,884.72
ORD_03338,CUST_0393,PROD_018,2023-02-14,1,401.21,401.21
ORD_02842,CUST_0020,PROD_045,2023-02-14,3,188.65,565.95
ORD_03848,CUST_0431,PROD_025,2023-02-14,3,191.87,575.61
ORD_02685,CUST_0050,PROD_028,2023-02-14,5,347.32,1736.6
ORD_04961,CUST_0387,PROD_039,2023-02-14,3,176.9,530.7
ORD_01460,CUST_0118,PROD_029,2023-02-14,5,193.53,967.65
ORD_04462,CUST_0899,PROD_011,2023-02-15,4,349.32,1397.28
ORD_01791,CUST_0626,PROD_018,2023-02-15,1,401.21,401.21
ORD_00658,CUST_0854,PROD_024,2023-02-15,3,295.28,885.8399999999999
ORD_01913,CUST_0053,PROD_004,2023-02-15,3,31.43,94.28999999999999
ORD_04195,CUST_0173,PROD_046,2023-02-15,1,116.77,116.77
ORD_04382,CUST_0634,PROD_018,2023-02-15,5,401.21,2006.05
ORD_02412,CUST_0719,PROD_015,2023-02-15,3,160.09,480.27
ORD_00174,CUST_0325,PROD_031,2023-02-15,4,220.96,883.84
ORD_00374,CUST_0095,PROD_034,2023-02-15,4,179.48,717.92
ORD_00362,CUST_0720,PROD_037,2023-02-15,2,326.45,652.9
ORD_04583,CUST_0104,PROD_038,2023-02-16,1,322.08,322.08
ORD_02389,CUST_0305,PROD_033,2023-02-16,2,446.15,892.3
ORD_00436,CUST_0546,PROD_040,2023-02-16,4,45.14,180.56
ORD_02606,CUST_0533,PROD_035,2023-02-16,1,85.69,85.69
ORD_02182,CUST_0984,PROD_030,2023-02-16,4,91.76,367.04
ORD_03808,CUST_0920,PROD_021,2023-02-16,2,459.15,918.3
ORD_00811,CUST_0907,PROD_036,2023-02-16,3,22.47,67.41
ORD_04962,CUST_0730,PROD_003,2023-02-16,5,292.83,1464.1499999999999
ORD_01384,CUST_0323,PROD_021,2023-02-16,2,459.15,918.3
ORD_04968,CUST_0409,PROD_035,2023-02-16,3,85.69,257.07
ORD_01660,CUST_0726,PROD_023,2023-02-16,4,166.24,664.96
ORD_03711,CUST_0519,PROD_016,2023-02-16,5,396.6,1983.0
ORD_02870,CUST_0546,PROD_042,2023-02-16,4,162.5,650.0
ORD_04003,CUST_0474,PROD_034,2023-02-17,5,179.48,897.4
ORD_02491,CUST_0118,PROD_017,2023-02-17,1,228.75,228.75
ORD_03353,CUST_0785,PROD_045,2023-02-17,5,188.65,943.25
ORD_00919,CUST_0283,PROD_049,2023-02-17,4,347.25,1389.0
ORD_03467,CUST_0757,PROD_039,2023-02-17,5,176.9,884.5
ORD_01107,CUST_0182,PROD_045,2023-02-17,2,188.65,377.3
ORD_04399,CUST_0216,PROD_016,2023-02-17,4,396.6,1586.4
ORD_00906,CUST_0041,PROD_028,2023-02-17,1,347.32,347.32
ORD_00802,CUST_0226,PROD_049,2023-02-17,4,347.25,1389.0
ORD_03705,CUST_0794,PROD_035,2023-02-17,3,85.69,257.07
ORD_01426,CUST_0397,PROD_027,2023-02-17,1,355.74,355.74
ORD_01651,CUST_0490,PROD_026,2023-02-17,3,304.53,913.5899999999999
ORD_01866,CUST_0329,PROD_030,2023-02-17,2,91.76,183.52
ORD_02316,CUST_0089,PROD_034,2023-02-18,2,179.48,358.96
ORD_04822,CUST_0568,PROD_028,2023-02-18,2,347.32,694.64
ORD_04216,CUST_0427,PROD_015,2023-02-18,2,160.09,320.18
ORD_03250,CUST_0428,PROD_019,2023-02-18,3,412.99,1238.97
ORD_02432,CUST_0019,PROD_019,2023-02-18,5,412.99,2064.95
ORD_02413,CUST_0160,PROD_004,2023-02-18,1,31.43,31.43
ORD_03508,CUST_0395,PROD_025,2023-02-18,4,191.87,767.48
ORD_02804,CUST_0794,PROD_050,2023-02-18,5,78.87,394.35
ORD_03493,CUST_0256,PROD_047,2023-02-18,2,494.14,988.28
ORD_01729,CUST_0556,PROD_043,2023-02-18,4,341.79,1367.16
ORD_04207,CUST_0984,PROD_049,2023-02-19,1,347.25,347.25
ORD_03969,CUST_0420,PROD_032,2023-02-19,4,79.87,319.48
ORD_04898,CUST_0499,PROD_045,2023-02-19,1,188.65,188.65
ORD_01170,CUST_0306,PROD_006,2023-02-19,5,283.73,1418.65
ORD_01193,CUST_0737,PROD_037,2023-02-19,3,326.45,979.3499999999999
ORD_01168,CUST_0630,PROD_034,2023-02-19,5,179.48,897.4
ORD_02654,CUST_0785,PROD_018,2023-02-19,1,401.21,401.21
ORD_03911,CUST_0468,PROD_004,2023-02-19,1,31.43,31.43
ORD_03815,CUST_0867,PROD_049,2023-02-19,3,347.25,1041.75
ORD_04428,CUST_0877,PROD_047,2023-02-20,2,494.14,988.28
ORD_01951,CUST_0530,PROD_037,2023-02-20,2,326.45,652.9
ORD_00099,CUST_0334,PROD_029,2023-02-20,2,193.53,387.06
ORD_04741,CUST_0092,PROD_004,2023-02-20,2,31.43,62.86
ORD_00024,CUST_0380,PROD_016,2023-02-20,2,396.6,793.2
ORD_00524,CUST_0533,PROD_012,2023-02-20,3,220.67,662.01
ORD_02368,CUST_0227,PROD_015,2023-02-21,4,160.09,640.36
ORD_02296,CUST_0092,PROD_040,2023-02-21,2,45.14,90.28
ORD_04465,CUST_0637,PROD_017,2023-02-21,3,228.75,686.25
ORD_01117,CUST_0553,PROD_017,2023-02-21,3,228.75,686.25
ORD_03419,CUST_0941,PROD_030,2023-02-21,5,91.76,458.8
ORD_04711,CUST_0106,PROD_010,2023-02-21,4,424.35,1697.4
ORD_02326,CUST_0261,PROD_039,2023-02-21,2,176.9,353.8
ORD_02516,CUST_0659,PROD_011,2023-02-21,1,349.32,349.32
ORD_02991,CUST_0196,PROD_043,2023-02-22,3,341.79,1025.3700000000001
ORD_02241,CUST_0199,PROD_039,2023-02-22,3,176.9,530.7
ORD_03462,CUST_0339,PROD_018,2023-02-22,4,401.21,1604.84
ORD_03280,CUST_0212,PROD_040,2023-02-22,2,45.14,90.28
ORD_01340,CUST_0431,PROD_019,2023-02-22,5,412.99,2064.95
ORD_04993,CUST_0439,PROD_018,2023-02-22,1,401.21,401.21
ORD_01424,CUST_0082,PROD_027,2023-02-22,1,355.74,355.74
ORD_03903,CUST_0064,PROD_019,2023-02-23,5,412.99,2064.95
ORD_04389,CUST_0040,PROD_022,2023-02-23,3,221.18,663.54
ORD_03237,CUST_0669,PROD_033,2023-02-23,4,446.15,1784.6
ORD_03746,CUST_0450,PROD_026,2023-02-23,5,304.53,1522.6499999999999
ORD_03284,CUST_0726,PROD_041,2023-02-23,4,210.72,842.88
ORD_03608,CUST_0734,PROD_039,2023-02-23,1,176.9,176.9
ORD_02653,CUST_0228,PROD_017,2023-02-23,5,228.75,1143.75
ORD_04327,CUST_0651,PROD_003,2023-02-23,5,292.83,1464.1499999999999
ORD_04450,CUST_0184,PROD_019,2023-02-24,2,412.99,825.98
ORD_04511,CUST_0165,PROD_040,2023-02-24,4,45.14,180.56
ORD_04770,CUST_0139,PROD_003,2023-02-24,4,292.83,1171.32
ORD_02833,CUST_0743,PROD_033,2023-02-24,2,446.15,892.3
ORD_02594,CUST_0978,PROD_050,2023-02-24,5,78.87,394.35
ORD_04814,CUST_0538,PROD_017,2023-02-24,4,228.75,915.0
ORD_01577,CUST_0719,PROD_003,2023-02-24,3,292.83,878.49
ORD_03401,CUST_0016,PROD_020,2023-02-24,2,430.21,860.42
ORD_01780,CUST_0684,PROD_023,2023-02-24,3,166.24,498.72
ORD_01706,CUST_0467,PROD_043,2023-02-24,5,341.79,1708.95
ORD_03550,CUST_0390,PROD_007,2023-02-24,5,178.15,890.75
ORD_04350,CUST_0083,PROD_047,2023-02-24,2,494.14,988.28
ORD_01035,CUST_0165,PROD_034,2023-02-24,2,179.48,358.96
ORD_03672,CUST_0470,PROD_010,2023-02-24,2,424.35,848.7
ORD_00859,CUST_0630,PROD_025,2023-02-24,5,191.87,959.35
ORD_03488,CUST_0409,PROD_041,2023-02-25,5,210.72,1053.6
ORD_01039,CUST_0404,PROD_015,2023-02-25,2,160.09,320.18
ORD_01499,CUST_0890,PROD_042,2023-02-25,2,162.5,325.0
ORD_01131,CUST_0210,PROD_029,2023-02-25,5,193.53,967.65
ORD_03472,CUST_0452,PROD_020,2023-02-25,1,430.21,430.21
ORD_00600,CUST_0384,PROD_002,2023-02-25,1,248.14,248.14
ORD_03087,CUST_0214,PROD_043,2023-02-25,4,341.79,1367.16
ORD_03240,CUST_0872,PROD_019,2023-02-25,5,412.99,2064.95
ORD_00284,CUST_0029,PROD_045,2023-02-25,5,188.65,943.25
ORD_01586,CUST_0325,PROD_007,2023-02-25,5,178.15,890.75
ORD_00224,CUST_0474,PROD_015,2023-02-25,4,160.09,640.36
ORD_01003,CUST_0394,PROD_015,2023-02-26,3,160.09,480.27
ORD_02188,CUST_0700,PROD_036,2023-02-26,5,22.47,112.35
ORD_03722,CUST_0146,PROD_011,2023-02-26,4,349.32,1397.28
ORD_03479,CUST_0449,PROD_018,2023-02-26,5,401.21,2006.05
ORD_04951,CUST_0226,PROD_001,2023-02-26,2,154.57,309.14
ORD_04808,CUST_0720,PROD_028,2023-02-26,1,347.32,347.32
ORD_02331,CUST_0833,PROD_014,2023-02-26,4,144.94,579.76
ORD_04086,CUST_0858,PROD_029,2023-02-26,5,193.53,967.65
ORD_00231,CUST_0456,PROD_009,2023-02-26,2,329.62,659.24
ORD_01314,CUST_0001,PROD_014,2023-02-26,2,144.94,289.88
ORD_04755,CUST_0050,PROD_020,2023-02-26,2,430.21,860.42
ORD_02588,CUST_0131,PROD_034,2023-02-27,3,179.48,538.4399999999999
ORD_02649,CUST_0391,PROD_017,2023-02-27,3,228.75,686.25
ORD_02717,CUST_0134,PROD_008,2023-02-27,2,367.3,734.6
ORD_03988,CUST_0243,PROD_028,2023-02-27,5,347.32,1736.6
ORD_01254,CUST_0691,PROD_011,2023-02-27,1,349.32,349.32
ORD_00881,CUST_0548,PROD_022,2023-02-27,5,221.18,1105.9
ORD_02570,CUST_0019,PROD_043,2023-02-27,2,341.79,683.58
ORD_02896,CUST_0371,PROD_002,2023-02-27,3,248.14,744.42
ORD_02796,CUST_0336,PROD_008,2023-02-27,4,367.3,1469.2
ORD_01956,CUST_0373,PROD_046,2023-02-28,1,116.77,116.77
ORD_02784,CUST_0142,PROD_047,2023-02-28,2,494.14,988.28
ORD_00450,CUST_0589,PROD_012,2023-02-28,2,220.67,441.34
ORD_03373,CUST_0718,PROD_031,2023-02-28,2,220.96,441.92
ORD_02214,CUST_0848,PROD_042,2023-02-28,2,162.5,325.0
ORD_03018,CUST_0569,PROD_019,2023-02-28,3,412.99,1238.97
ORD_04321,CUST_0003,PROD_036,2023-02-28,3,22.47,67.41
ORD_01325,CUST_0502,PROD_020,2023-02-28,2,430.21,860.42
ORD_01237,CUST_0880,PROD_014,2023-02-28,4,144.94,579.76
ORD_00628,CUST_0557,PROD_027,2023-03-01,5,355.74,1778.7
ORD_02723,CUST_0020,PROD_014,2023-03-01,4,144.94,579.76
ORD_03449,CUST_0070,PROD_048,2023-03-01,1,232.46,232.46
ORD_02477,CUST_0792,PROD_035,2023-03-01,4,85.69,342.76
ORD_03390,CUST_0098,PROD_034,2023-03-01,5,179.48,897.4
ORD_04661,CUST_0720,PROD_035,2023-03-01,3,85.69,257.07
ORD_03490,CUST_0187,PROD_031,2023-03-01,3,220.96,662.88
ORD_02934,CUST_0070,PROD_001,2023-03-01,2,154.57,309.14
ORD_00869,CUST_0148,PROD_049,2023-03-01,3,347.25,1041.75
ORD_02992,CUST_0880,PROD_024,2023-03-01,2,295.28,590.56
ORD_03024,CUST_0546,PROD_014,2023-03-01,1,144.94,144.94
ORD_03790,CUST_0119,PROD_045,2023-03-01,2,188.65,377.3
ORD_01158,CUST_0867,PROD_004,2023-03-01,5,31.43,157.15
ORD_01821,CUST_0685,PROD_001,2023-03-01,1,154.57,154.57
ORD_02752,CUST_0375,PROD_049,2023-03-01,2,347.25,694.5
ORD_03751,CUST_0611,PROD_010,2023-03-01,5,424.35,2121.75
ORD_00757,CUST_0319,PROD_041,2023-03-01,1,210.72,210.72
ORD_03115,CUST_0023,PROD_009,2023-03-02,5,329.62,1648.1
ORD_03773,CUST_0223,PROD_031,2023-03-02,4,220.96,883.84
ORD_00764,CUST_0996,PROD_002,2023-03-02,2,248.14,496.28
ORD_04402,CUST_0420,PROD_018,2023-03-02,3,401.21,1203.6299999999999
ORD_04586,CUST_0440,PROD_048,2023-03-02,4,232.46,929.84
ORD_02739,CUST_0558,PROD_016,2023-03-02,3,396.6,1189.8000000000002
ORD_01665,CUST_0592,PROD_048,2023-03-02,5,232.46,1162.3
ORD_01302,CUST_0737,PROD_022,2023-03-02,1,221.18,221.18
ORD_04836,CUST_0569,PROD_029,2023-03-03,3,193.53,580.59
ORD_01090,CUST_0503,PROD_047,2023-03-03,1,494.14,494.14
ORD_00390,CUST_0948,PROD_038,2023-03-03,4,322.08,1288.32
ORD_01472,CUST_0165,PROD_048,2023-03-03,1,232.46,232.46
ORD_00353,CUST_0479,PROD_024,2023-03-03,4,295.28,1181.12
ORD_02225,CUST_0568,PROD_015,2023-03-03,2,160.09,320.18
ORD_03061,CUST_0630,PROD_004,2023-03-03,3,31.43,94.28999999999999
ORD_02595,CUST_0507,PROD_008,2023-03-03,2,367.3,734.6
ORD_01196,CUST_0168,PROD_037,2023-03-03,4,326.45,1305.8
ORD_04550,CUST_0319,PROD_021,2023-03-03,5,459.15,2295.75
ORD_04344,CUST_0735,PROD_042,2023-03-03,2,162.5,325.0
ORD_03810,CUST_0235,PROD_008,2023-03-03,3,367.3,1101.9
ORD_01190,CUST_0777,PROD_028,2023-03-04,5,347.32,1736.6
ORD_01943,CUST_0519,PROD_006,2023-03-04,5,283.73,1418.65
ORD_01126,CUST_0593,PROD_033,2023-03-04,2,446.15,892.3
ORD_02141,CUST_0953,PROD_006,2023-03-04,5,283.73,1418.65
ORD_02810,CUST_0691,PROD_005,2023-03-04,5,70.27,351.34999999999997
ORD_02785,CUST_0235,PROD_036,2023-03-04,5,22.47,112.35
ORD_00431,CUST_0461,PROD_039,2023-03-04,4,176.9,707.6
ORD_04888,CUST_0829,PROD_043,2023-03-04,2,341.79,683.58
ORD_00893,CUST_0829,PROD_031,2023-03-04,2,220.96,441.92
ORD_01452,CUST_0334,PROD_029,2023-03-04,1,193.53,193.53
ORD_03741,CUST_0978,PROD_039,2023-03-04,2,176.9,353.8
ORD_01506,CUST_0374,PROD_047,2023-03-04,2,494.14,988.28
ORD_02294,CUST_0260,PROD_013,2023-03-04,1,339.75,339.75
ORD_01454,CUST_0617,PROD_006,2023-03-04,3,283.73,851.19
ORD_01299,CUST_0404,PROD_048,2023-03-04,5,232.46,1162.3
ORD_04615,CUST_0826,PROD_001,2023-03-05,5,154.57,772.8499999999999
ORD_00494,CUST_0470,PROD_012,2023-03-05,5,220.67,1103.35
ORD_01511,CUST_0574,PROD_015,2023-03-05,3,160.09,480.27
ORD_02959,CUST_0648,PROD_035,2023-03-05,3,85.69,257.07
ORD_03200,CUST_0752,PROD_027,2023-03-05,4,355.74,1422.96
ORD_04786,CUST_0290,PROD_014,2023-03-05,3,144.94,434.82
ORD_01820,CUST_0404,PROD_040,2023-03-05,1,45.14,45.14
ORD_00430,CUST_0032,PROD_037,2023-03-05,5,326.45,1632.25
ORD_00997,CUST_0378,PROD_010,2023-03-06,4,424.35,1697.4
ORD_02468,CUST_0474,PROD_004,2023-03-06,1,31.43,31.43
ORD_01224,CUST_0964,PROD_027,2023-03-06,5,355.74,1778.7
ORD_01546,CUST_0616,PROD_024,2023-03-06,4,295.28,1181.12
ORD_02074,CUST_0991,PROD_010,2023-03-06,1,424.35,424.35
ORD_00367,CUST_0644,PROD_021,2023-03-06,1,459.15,459.15
ORD_04497,CUST_0387,PROD_027,2023-03-06,2,355.74,711.48
ORD_01906,CUST_0974,PROD_032,2023-03-06,1,79.87,79.87
ORD_00799,CUST_0095,PROD_016,2023-03-06,2,396.6,793.2
ORD_02802,CUST_0352,PROD_019,2023-03-07,3,412.99,1238.97
ORD_03609,CUST_0538,PROD_027,2023-03-07,2,355.74,711.48
ORD_00711,CUST_0681,PROD_008,2023-03-07,5,367.3,1836.5
ORD_04619,CUST_0354,PROD_015,2023-03-07,2,160.09,320.18
ORD_03340,CUST_0543,PROD_038,2023-03-07,2,322.08,644.16
ORD_01388,CUST_0616,PROD_006,2023-03-07,1,283.73,283.73
ORD_02266,CUST_0153,PROD_009,2023-03-07,3,329.62,988.86
ORD_01413,CUST_0531,PROD_038,2023-03-07,3,322.08,966.24
ORD_04398,CUST_0021,PROD_028,2023-03-07,4,347.32,1389.28
ORD_04913,CUST_0063,PROD_010,2023-03-07,2,424.35,848.7
ORD_03937,CUST_0690,PROD_002,2023-03-07,5,248.14,1240.6999999999998
ORD_01301,CUST_0250,PROD_013,2023-03-07,4,339.75,1359.0
ORD_00093,CUST_0907,PROD_030,2023-03-07,3,91.76,275.28000000000003
ORD_01860,CUST_0118,PROD_018,2023-03-07,2,401.21,802.42
ORD_03682,CUST_0116,PROD_021,2023-03-07,1,459.15,459.15
ORD_03136,CUST_0492,PROD_022,2023-03-07,3,221.18,663.54
ORD_02509,CUST_0098,PROD_009,2023-03-07,4,329.62,1318.48
ORD_01422,CUST_0142,PROD_008,2023-03-07,2,367.3,734.6
ORD_00262,CUST_0100,PROD_003,2023-03-07,2,292.83,585.66
ORD_03209,CUST_0101,PROD_018,2023-03-07,1,401.21,401.21
ORD_03610,CUST_0813,PROD_041,2023-03-08,4,210.72,842.88
ORD_03107,CUST_0991,PROD_048,2023-03-08,2,232.46,464.92
ORD_00220,CUST_0136,PROD_014,2023-03-08,1,144.94,144.94
ORD_01149,CUST_0705,PROD_002,2023-03-08,5,248.14,1240.6999999999998
ORD_01670,CUST_0096,PROD_005,2023-03-08,1,70.27,70.27
ORD_04757,CUST_0425,PROD_027,2023-03-08,1,355.74,355.74
ORD_00511,CUST_0777,PROD_028,2023-03-08,2,347.32,694.64
ORD_04017,CUST_0648,PROD_028,2023-03-08,1,347.32,347.32
ORD_02687,CUST_0184,PROD_002,2023-03-08,1,248.14,248.14
ORD_00370,CUST_0325,PROD_044,2023-03-08,4,306.83,1227.32
ORD_00133,CUST_0872,PROD_044,2023-03-08,4,306.83,1227.32
ORD_00286,CUST_0654,PROD_037,2023-03-08,4,326.45,1305.8
ORD_04292,CUST_0356,PROD_037,2023-03-08,1,326.45,326.45
ORD_03301,CUST_0691,PROD_001,2023-03-09,3,154.57,463.71
ORD_03285,CUST_0648,PROD_023,2023-03-09,4,166.24,664.96
ORD_00823,CUST_0021,PROD_044,2023-03-09,2,306.83,613.66
ORD_02730,CUST_0367,PROD_018,2023-03-09,2,401.21,802.42
ORD_04025,CUST_0207,PROD_024,2023-03-09,2,295.28,590.56
ORD_04217,CUST_0909,PROD_024,2023-03-09,4,295.28,1181.12
ORD_02769,CUST_0572,PROD_011,2023-03-09,1,349.32,349.32
ORD_04163,CUST_0013,PROD_015,2023-03-09,3,160.09,480.27
ORD_01118,CUST_0165,PROD_017,2023-03-09,3,228.75,686.25
ORD_00061,CUST_0588,PROD_024,2023-03-09,5,295.28,1476.3999999999999
ORD_04693,CUST_0792,PROD_020,2023-03-09,5,430.21,2151.0499999999997
ORD_03348,CUST_0288,PROD_003,2023-03-09,2,292.83,585.66
ORD_03235,CUST_0907,PROD_047,2023-03-09,4,494.14,1976.56
ORD_02674,CUST_0442,PROD_023,2023-03-09,5,166.24,831.2
ORD_03349,CUST_0283,PROD_021,2023-03-09,1,459.15,459.15
ORD_02021,CUST_0664,PROD_024,2023-03-10,2,295.28,590.56
ORD_03194,CUST_0104,PROD_038,2023-03-10,5,322.08,1610.3999999999999
ORD_00325,CUST_0648,PROD_003,2023-03-10,5,292.83,1464.1499999999999
ORD_04492,CUST_0794,PROD_013,2023-03-10,5,339.75,1698.75
ORD_04577,CUST_0784,PROD_034,2023-03-10,1,179.48,179.48
ORD_04406,CUST_0951,PROD_027,2023-03-10,5,355.74,1778.7
ORD_04085,CUST_0070,PROD_021,2023-03-10,2,459.15,918.3
ORD_03131,CUST_0981,PROD_034,2023-03-10,5,179.48,897.4
ORD_01595,CUST_0767,PROD_028,2023-03-10,1,347.32,347.32
ORD_03743,CUST_0266,PROD_005,2023-03-10,1,70.27,70.27
ORD_04001,CUST_0246,PROD_042,2023-03-11,5,162.5,812.5
ORD_00540,CUST_0837,PROD_036,2023-03-11,1,22.47,22.47
ORD_03287,CUST_0798,PROD_009,2023-03-11,3,329.62,988.86
ORD_03149,CUST_0231,PROD_024,2023-03-11,1,295.28,295.28
ORD_01409,CUST_0287,PROD_007,2023-03-11,4,178.15,712.6
ORD_04884,CUST_0847,PROD_050,2023-03-11,5,78.87,394.35
ORD_01445,CUST_0129,PROD_048,2023-03-11,5,232.46,1162.3
ORD_01392,CUST_0176,PROD_012,2023-03-11,1,220.67,220.67
ORD_03248,CUST_0299,PROD_017,2023-03-11,3,228.75,686.25
ORD_01960,CUST_0346,PROD_024,2023-03-11,3,295.28,885.8399999999999
ORD_02024,CUST_0725,PROD_014,2023-03-11,5,144.94,724.7
ORD_01012,CUST_0717,PROD_039,2023-03-11,1,176.9,176.9
ORD_04650,CUST_0250,PROD_038,2023-03-11,4,322.08,1288.32
ORD_04571,CUST_0670,PROD_050,2023-03-11,1,78.87,78.87
ORD_03594,CUST_0377,PROD_017,2023-03-11,4,228.75,915.0
ORD_01004,CUST_0477,PROD_017,2023-03-12,5,228.75,1143.75
ORD_01631,CUST_0179,PROD_022,2023-03-12,4,221.18,884.72
ORD_03366,CUST_0437,PROD_028,2023-03-12,3,347.32,1041.96
ORD_04792,CUST_0377,PROD_039,2023-03-12,4,176.9,707.6
ORD_04601,CUST_0618,PROD_040,2023-03-12,5,45.14,225.7
ORD_01833,CUST_0704,PROD_018,2023-03-12,4,401.21,1604.84
ORD_04950,CUST_0118,PROD_003,2023-03-12,2,292.83,585.66
ORD_04069,CUST_0343,PROD_015,2023-03-12,5,160.09,800.45
ORD_02464,CUST_0250,PROD_022,2023-03-12,4,221.18,884.72
ORD_04029,CUST_0622,PROD_036,2023-03-13,1,22.47,22.47
ORD_02607,CUST_0533,PROD_047,2023-03-13,5,494.14,2470.7
ORD_01109,CUST_0870,PROD_001,2023-03-13,4,154.57,618.28
ORD_02293,CUST_0924,PROD_039,2023-03-13,3,176.9,530.7
ORD_04721,CUST_0984,PROD_024,2023-03-13,1,295.28,295.28
ORD_01649,CUST_0941,PROD_004,2023-03-13,4,31.43,125.72
ORD_01245,CUST_0838,PROD_035,2023-03-13,1,85.69,85.69
ORD_04317,CUST_0942,PROD_050,2023-03-13,2,78.87,157.74
ORD_04734,CUST_0021,PROD_046,2023-03-13,3,116.77,350.31
ORD_03901,CUST_0306,PROD_010,2023-03-13,3,424.35,1273.0500000000002
ORD_03463,CUST_0864,PROD_025,2023-03-13,1,191.87,191.87
ORD_04118,CUST_0252,PROD_014,2023-03-13,1,144.94,144.94
ORD_00332,CUST_0055,PROD_039,2023-03-13,2,176.9,353.8
ORD_00661,CUST_0572,PROD_027,2023-03-14,5,355.74,1778.7
ORD_03579,CUST_0958,PROD_014,2023-03-14,1,144.94,144.94
ORD_01425,CUST_0377,PROD_018,2023-03-14,1,401.21,401.21
ORD_02791,CUST_0926,PROD_021,2023-03-14,1,459.15,459.15
ORD_00134,CUST_0141,PROD_015,2023-03-14,4,160.09,640.36
ORD_04957,CUST_0595,PROD_031,2023-03-14,2,220.96,441.92
ORD_04599,CUST_0843,PROD_016,2023-03-14,1,396.6,396.6
ORD_03716,CUST_0282,PROD_046,2023-03-14,1,116.77,116.77
ORD_04948,CUST_0144,PROD_029,2023-03-14,3,193.53,580.59
ORD_00087,CUST_0182,PROD_016,2023-03-14,3,396.6,1189.8000000000002
ORD_00758,CUST_0089,PROD_008,2023-03-14,5,367.3,1836.5
ORD_00415,CUST_0454,PROD_023,2023-03-14,1,166.24,166.24
ORD_01093,CUST_0482,PROD_001,2023-03-14,2,154.57,309.14
ORD_04068,CUST_0432,PROD_011,2023-03-14,5,349.32,1746.6
ORD_03230,CUST_0785,PROD_009,2023-03-14,5,329.62,1648.1
ORD_02476,CUST_0925,PROD_048,2023-03-15,3,232.46,697.38
ORD_03818,CUST_0409,PROD_022,2023-03-15,3,221.18,663.54
ORD_04754,CUST_0370,PROD_048,2023-03-15,5,232.46,1162.3
ORD_04083,CUST_0869,PROD_039,2023-03-15,4,176.9,707.6
ORD_04707,CUST_0158,PROD_009,2023-03-15,2,329.62,659.24
ORD_03458,CUST_0972,PROD_028,2023-03-15,3,347.32,1041.96
ORD_01633,CUST_0603,PROD_016,2023-03-15,4,396.6,1586.4
ORD_02576,CUST_0941,PROD_004,2023-03-15,3,31.43,94.28999999999999
ORD_04284,CUST_0664,PROD_010,2023-03-15,4,424.35,1697.4
ORD_00328,CUST_0557,PROD_032,2023-03-16,4,79.87,319.48
ORD_04796,CUST_0060,PROD_009,2023-03-16,5,329.62,1648.1
ORD_01712,CUST_0474,PROD_048,2023-03-16,1,232.46,232.46
ORD_01459,CUST_0378,PROD_004,2023-03-16,3,31.43,94.28999999999999
ORD_03553,CUST_0301,PROD_020,2023-03-16,5,430.21,2151.0499999999997
ORD_00347,CUST_0418,PROD_010,2023-03-16,4,424.35,1697.4
ORD_01750,CUST_0041,PROD_013,2023-03-16,1,339.75,339.75
ORD_02952,CUST_0457,PROD_011,2023-03-16,3,349.32,1047.96
ORD_04639,CUST_0116,PROD_047,2023-03-16,5,494.14,2470.7
ORD_04834,CUST_0656,PROD_020,2023-03-16,4,430.21,1720.84
ORD_01085,CUST_0475,PROD_045,2023-03-16,2,188.65,377.3
ORD_02821,CUST_0540,PROD_038,2023-03-16,5,322.08,1610.3999999999999
ORD_03432,CUST_0079,PROD_036,2023-03-17,1,22.47,22.47
ORD_04944,CUST_0322,PROD_031,2023-03-17,2,220.96,441.92
ORD_00348,CUST_0832,PROD_027,2023-03-17,2,355.74,711.48
ORD_03527,CUST_0484,PROD_014,2023-03-17,5,144.94,724.7
ORD_02253,CUST_0595,PROD_022,2023-03-17,1,221.18,221.18
ORD_01554,CUST_0211,PROD_028,2023-03-17,1,347.32,347.32
ORD_01518,CUST_0926,PROD_045,2023-03-17,1,188.65,188.65
ORD_02931,CUST_0633,PROD_049,2023-03-17,1,347.25,347.25
ORD_02978,CUST_0548,PROD_044,2023-03-17,1,306.83,306.83
ORD_01923,CUST_0981,PROD_023,2023-03-18,4,166.24,664.96
ORD_01018,CUST_0786,PROD_040,2023-03-18,2,45.14,90.28
ORD_00619,CUST_0656,PROD_005,2023-03-18,5,70.27,351.34999999999997
ORD_02305,CUST_0174,PROD_013,2023-03-18,2,339.75,679.5
ORD_02963,CUST_0205,PROD_028,2023-03-18,3,347.32,1041.96
ORD_04333,CUST_0451,PROD_014,2023-03-18,5,144.94,724.7
ORD_01929,CUST_0800,PROD_013,2023-03-18,5,339.75,1698.75
ORD_03512,CUST_0548,PROD_039,2023-03-18,3,176.9,530.7
ORD_01120,CUST_0185,PROD_005,2023-03-18,5,70.27,351.34999999999997
ORD_01624,CUST_0378,PROD_032,2023-03-18,1,79.87,79.87
ORD_03059,CUST_0644,PROD_038,2023-03-18,4,322.08,1288.32
ORD_01638,CUST_0509,PROD_021,2023-03-19,2,459.15,918.3
ORD_04338,CUST_0648,PROD_015,2023-03-19,3,160.09,480.27
ORD_01228,CUST_0802,PROD_046,2023-03-19,2,116.77,233.54
ORD_02400,CUST_0991,PROD_016,2023-03-19,2,396.6,793.2
ORD_02918,CUST_0051,PROD_012,2023-03-19,4,220.67,882.68
ORD_04783,CUST_0377,PROD_004,2023-03-19,1,31.43,31.43
ORD_02135,CUST_0100,PROD_015,2023-03-19,5,160.09,800.45
ORD_04000,CUST_0432,PROD_010,2023-03-19,1,424.35,424.35
ORD_02250,CUST_0095,PROD_001,2023-03-19,5,154.57,772.8499999999999
ORD_04429,CUST_0552,PROD_032,2023-03-20,3,79.87,239.61
ORD_02262,CUST_0319,PROD_041,2023-03-20,5,210.72,1053.6
ORD_01351,CUST_0740,PROD_016,2023-03-20,1,396.6,396.6
ORD_01672,CUST_0231,PROD_007,2023-03-20,4,178.15,712.6
ORD_01682,CUST_0106,PROD_009,2023-03-20,4,329.62,1318.48
ORD_02879,CUST_0127,PROD_031,2023-03-20,5,220.96,1104.8
ORD_02136,CUST_0049,PROD_002,2023-03-20,3,248.14,744.42
ORD_04335,CUST_0158,PROD_021,2023-03-20,5,459.15,2295.75
ORD_03437,CUST_0576,PROD_009,2023-03-20,5,329.62,1648.1
ORD_00162,CUST_0994,PROD_021,2023-03-20,2,459.15,918.3
ORD_03864,CUST_0883,PROD_034,2023-03-20,2,179.48,358.96
ORD_04716,CUST_0942,PROD_014,2023-03-20,3,144.94,434.82
ORD_03644,CUST_0108,PROD_034,2023-03-20,1,179.48,179.48
ORD_00555,CUST_0309,PROD_021,2023-03-20,4,459.15,1836.6
ORD_03683,CUST_0358,PROD_017,2023-03-21,5,228.75,1143.75
ORD_01074,CUST_0727,PROD_042,2023-03-21,3,162.5,487.5
ORD_03471,CUST_0323,PROD_016,2023-03-21,4,396.6,1586.4
ORD_00387,CUST_0160,PROD_014,2023-03-21,3,144.94,434.82
ORD_01664,CUST_0506,PROD_008,2023-03-21,2,367.3,734.6
ORD_04902,CUST_0581,PROD_004,2023-03-21,1,31.43,31.43
ORD_02304,CUST_0306,PROD_002,2023-03-21,5,248.14,1240.6999999999998
ORD_00839,CUST_0377,PROD_016,2023-03-21,4,396.6,1586.4
ORD_00270,CUST_0116,PROD_041,2023-03-21,4,210.72,842.88
ORD_02722,CUST_0074,PROD_020,2023-03-21,2,430.21,860.42
ORD_03632,CUST_0132,PROD_024,2023-03-21,4,295.28,1181.12
ORD_02023,CUST_0574,PROD_035,2023-03-21,1,85.69,85.69
ORD_03861,CUST_0626,PROD_017,2023-03-21,3,228.75,686.25
ORD_01723,CUST_0980,PROD_001,2023-03-22,4,154.57,618.28
ORD_01378,CUST_0327,PROD_050,2023-03-22,1,78.87,78.87
ORD_00168,CUST_0478,PROD_048,2023-03-22,3,232.46,697.38
ORD_03717,CUST_0325,PROD_031,2023-03-22,1,220.96,220.96
ORD_02195,CUST_0877,PROD_050,2023-03-22,2,78.87,157.74
ORD_00592,CUST_0141,PROD_005,2023-03-22,3,70.27,210.81
ORD_03537,CUST_0890,PROD_022,2023-03-22,5,221.18,1105.9
ORD_04709,CUST_0290,PROD_041,2023-03-22,4,210.72,842.88
ORD_02367,CUST_0825,PROD_017,2023-03-23,2,228.75,457.5
ORD_01051,CUST_0996,PROD_005,2023-03-23,1,70.27,70.27
ORD_02355,CUST_0246,PROD_032,2023-03-23,3,79.87,239.61
ORD_01825,CUST_0674,PROD_011,2023-03-23,2,349.32,698.64
ORD_01505,CUST_0325,PROD_042,2023-03-23,5,162.5,812.5
ORD_04549,CUST_0885,PROD_046,2023-03-23,4,116.77,467.08
ORD_03851,CUST_0656,PROD_028,2023-03-23,5,347.32,1736.6
ORD_02553,CUST_0470,PROD_019,2023-03-23,1,412.99,412.99
ORD_02067,CUST_0755,PROD_036,2023-03-23,4,22.47,89.88
ORD_02170,CUST_0368,PROD_008,2023-03-23,4,367.3,1469.2
ORD_01991,CUST_0974,PROD_026,2023-03-23,2,304.53,609.06
ORD_03767,CUST_0207,PROD_022,2023-03-24,5,221.18,1105.9
ORD_03271,CUST_0872,PROD_020,2023-03-24,5,430.21,2151.0499999999997
ORD_04397,CUST_0250,PROD_029,2023-03-24,1,193.53,193.53
ORD_04354,CUST_0605,PROD_009,2023-03-24,2,329.62,659.24
ORD_04175,CUST_0401,PROD_044,2023-03-24,3,306.83,920.49
ORD_03689,CUST_0014,PROD_045,2023-03-24,2,188.65,377.3
ORD_03317,CUST_0978,PROD_021,2023-03-24,5,459.15,2295.75
ORD_00931,CUST_0819,PROD_038,2023-03-24,4,322.08,1288.32
ORD_01639,CUST_0184,PROD_027,2023-03-24,3,355.74,1067.22
ORD_00557,CUST_0568,PROD_037,2023-03-24,3,326.45,979.3499999999999
ORD_00124,CUST_0118,PROD_034,2023-03-24,3,179.48,538.4399999999999
ORD_04685,CUST_0076,PROD_045,2023-03-24,4,188.65,754.6
ORD_03031,CUST_0713,PROD_038,2023-03-24,2,322.08,644.16
ORD_01757,CUST_0196,PROD_023,2023-03-25,1,166.24,166.24
ORD_01797,CUST_0877,PROD_033,2023-03-25,5,446.15,2230.75
ORD_03806,CUST_0699,PROD_014,2023-03-25,3,144.94,434.82
ORD_04635,CUST_0691,PROD_022,2023-03-25,2,221.18,442.36
ORD_03796,CUST_0392,PROD_015,2023-03-25,1,160.09,160.09
ORD_01049,CUST_0391,PROD_047,2023-03-25,5,494.14,2470.7
ORD_01969,CUST_0217,PROD_009,2023-03-25,3,329.62,988.86
ORD_02532,CUST_0885,PROD_027,2023-03-25,2,355.74,711.48
ORD_02602,CUST_0490,PROD_020,2023-03-25,1,430.21,430.21
ORD_01111,CUST_0897,PROD_013,2023-03-25,1,339.75,339.75
ORD_02075,CUST_0219,PROD_050,2023-03-25,2,78.87,157.74
ORD_02147,CUST_0277,PROD_049,2023-03-25,5,347.25,1736.25
ORD_03165,CUST_0926,PROD_036,2023-03-25,2,22.47,44.94
ORD_01411,CUST_0377,PROD_004,2023-03-26,2,31.43,62.86
ORD_00605,CUST_0890,PROD_029,2023-03-26,4,193.53,774.12
ORD_02481,CUST_0478,PROD_047,2023-03-26,3,494.14,1482.42
ORD_04513,CUST_0950,PROD_026,2023-03-26,3,304.53,913.5899999999999
ORD_00179,CUST_0963,PROD_015,2023-03-26,5,160.09,800.45
ORD_02420,CUST_0460,PROD_026,2023-03-26,3,304.53,913.5899999999999
ORD_02399,CUST_0153,PROD_045,2023-03-26,4,188.65,754.6
ORD_02834,CUST_0584,PROD_029,2023-03-26,4,193.53,774.12
ORD_02910,CUST_0501,PROD_011,2023-03-26,2,349.32,698.64
ORD_01671,CUST_0839,PROD_016,2023-03-26,4,396.6,1586.4
ORD_00918,CUST_0808,PROD_012,2023-03-26,3,220.67,662.01
ORD_00565,CUST_0375,PROD_031,2023-03-27,1,220.96,220.96
ORD_04138,CUST_0685,PROD_018,2023-03-27,3,401.21,1203.6299999999999
ORD_02263,CUST_0972,PROD_050,2023-03-27,4,78.87,315.48
ORD_01304,CUST_0323,PROD_047,2023-03-27,1,494.14,494.14
ORD_01010,CUST_0969,PROD_023,2023-03-27,4,166.24,664.96
ORD_03435,CUST_0400,PROD_042,2023-03-27,4,162.5,650.0
ORD_00603,CUST_0626,PROD_018,2023-03-27,3,401.21,1203.6299999999999
ORD_01143,CUST_0444,PROD_003,2023-03-28,5,292.83,1464.1499999999999
ORD_00210,CUST_0214,PROD_029,2023-03-28,2,193.53,387.06
ORD_02038,CUST_0116,PROD_040,2023-03-28,3,45.14,135.42000000000002
ORD_04016,CUST_0310,PROD_038,2023-03-28,5,322.08,1610.3999999999999
ORD_00770,CUST_0658,PROD_014,2023-03-28,5,144.94,724.7
ORD_01801,CUST_0325,PROD_042,2023-03-28,3,162.5,487.5
ORD_04724,CUST_0062,PROD_009,2023-03-28,3,329.62,988.86
ORD_04795,CUST_0116,PROD_032,2023-03-28,5,79.87,399.35
ORD_03447,CUST_0918,PROD_047,2023-03-28,5,494.14,2470.7
ORD_00334,CUST_0209,PROD_019,2023-03-28,3,412.99,1238.97
ORD_00911,CUST_0658,PROD_017,2023-03-28,5,228.75,1143.75
ORD_01785,CUST_0724,PROD_040,2023-03-28,4,45.14,180.56
ORD_03185,CUST_0104,PROD_022,2023-03-28,1,221.18,221.18
ORD_02727,CUST_0620,PROD_025,2023-03-28,4,191.87,767.48
ORD_02419,CUST_0996,PROD_030,2023-03-28,1,91.76,91.76
ORD_04293,CUST_0049,PROD_032,2023-03-28,4,79.87,319.48
ORD_01342,CUST_0501,PROD_048,2023-03-28,4,232.46,929.84
ORD_02735,CUST_0502,PROD_024,2023-04-01,1,295.28,295.28
ORD_03394,CUST_0790,PROD_046,2023-04-01,5,116.77,583.85
ORD_03056,CUST_0068,PROD_038,2023-04-01,2,322.08,644.16
ORD_02116,CUST_0075,PROD_050,2023-04-01,1,78.87,78.87
ORD_04221,CUST_0325,PROD_004,2023-04-01,2,31.43,62.86
ORD_03222,CUST_0514,PROD_038,2023-04-01,3,322.08,966.24
ORD_04417,CUST_0544,PROD_026,2023-04-01,3,304.53,913.5899999999999
ORD_04400,CUST_0057,PROD_012,2023-04-01,2,220.67,441.34
ORD_04024,CUST_0905,PROD_017,2023-04-01,2,228.75,457.5
ORD_01886,CUST_0583,PROD_045,2023-04-01,3,188.65,565.95
ORD_03014,CUST_0142,PROD_013,2023-04-01,3,339.75,1019.25
ORD_03477,CUST_0131,PROD_022,2023-04-01,2,221.18,442.36
ORD_02087,CUST_0552,PROD_012,2023-04-02,2,220.67,441.34
ORD_01123,CUST_0541,PROD_010,2023-04-02,5,424.35,2121.75
ORD_01563,CUST_0245,PROD_036,2023-04-02,2,22.47,44.94
ORD_00056,CUST_0653,PROD_001,2023-04-02,2,154.57,309.14
ORD_00728,CUST_0542,PROD_047,2023-04-02,2,494.14,988.28
ORD_04471,CUST_0538,PROD_025,2023-04-02,2,191.87,383.74
ORD_01721,CUST_0090,PROD_014,2023-04-02,1,144.94,144.94
ORD_03599,CUST_0244,PROD_039,2023-04-02,1,176.9,176.9
ORD_00784,CUST_0172,PROD_040,2023-04-02,1,45.14,45.14
ORD_03147,CUST_0741,PROD_001,2023-04-02,1,154.57,154.57
ORD_04469,CUST_0052,PROD_021,2023-04-03,3,459.15,1377.4499999999998
ORD_02338,CUST_0670,PROD_013,2023-04-03,3,339.75,1019.25
ORD_04510,CUST_0695,PROD_038,2023-04-03,1,322.08,322.08
ORD_03578,CUST_0031,PROD_027,2023-04-03,5,355.74,1778.7
ORD_00228,CUST_0202,PROD_023,2023-04-03,2,166.24,332.48
ORD_04020,CUST_0449,PROD_017,2023-04-03,3,228.75,686.25
ORD_02401,CUST_0819,PROD_039,2023-04-03,5,176.9,884.5
ORD_03613,CUST_0580,PROD_050,2023-04-03,2,78.87,157.74
ORD_02347,CUST_0425,PROD_047,2023-04-03,5,494.14,2470.7
ORD_02737,CUST_0605,PROD_028,2023-04-03,5,347.32,1736.6
ORD_00426,CUST_0107,PROD_019,2023-04-03,4,412.99,1651.96
ORD_04039,CUST_0523,PROD_040,2023-04-03,3,45.14,135.42000000000002
ORD_04186,CUST_0016,PROD_009,2023-04-03,5,329.62,1648.1
ORD_01873,CUST_0449,PROD_004,2023-04-04,1,31.43,31.43
ORD_04132,CUST_0993,PROD_037,2023-04-04,5,326.45,1632.25
ORD_04037,CUST_0633,PROD_030,2023-04-04,3,91.76,275.28000000000003
ORD_01280,CUST_0358,PROD_042,2023-04-04,3,162.5,487.5
ORD_00229,CUST_0228,PROD_029,2023-04-04,2,193.53,387.06
ORD_02558,CUST_0826,PROD_030,2023-04-04,2,91.76,183.52
ORD_01189,CUST_0185,PROD_024,2023-04-04,2,295.28,590.56
ORD_01604,CUST_0208,PROD_017,2023-04-04,3,228.75,686.25
ORD_01611,CUST_0964,PROD_048,2023-04-04,4,232.46,929.84
ORD_04174,CUST_0661,PROD_004,2023-04-04,4,31.43,125.72
ORD_03102,CUST_0790,PROD_041,2023-04-04,4,210.72,842.88
ORD_03433,CUST_0918,PROD_008,2023-04-04,3,367.3,1101.9
ORD_04253,CUST_0360,PROD_032,2023-04-04,4,79.87,319.48
ORD_01907,CUST_0127,PROD_035,2023-04-04,3,85.69,257.07
ORD_03313,CUST_0574,PROD_027,2023-04-05,3,355.74,1067.22
ORD_01052,CUST_0119,PROD_013,2023-04-05,2,339.75,679.5
ORD_03505,CUST_0378,PROD_041,2023-04-05,4,210.72,842.88
ORD_00051,CUST_0617,PROD_046,2023-04-05,3,116.77,350.31
ORD_00425,CUST_0941,PROD_028,2023-04-05,2,347.32,694.64
ORD_04969,CUST_0505,PROD_028,2023-04-05,4,347.32,1389.28
ORD_00392,CUST_0991,PROD_015,2023-04-05,4,160.09,640.36
ORD_02433,CUST_0880,PROD_045,2023-04-05,3,188.65,565.95
ORD_02908,CUST_0028,PROD_045,2023-04-05,5,188.65,943.25
ORD_04394,CUST_0097,PROD_006,2023-04-05,2,283.73,567.46
ORD_02552,CUST_0762,PROD_028,2023-04-05,5,347.32,1736.6
ORD_01961,CUST_0421,PROD_026,2023-04-05,1,304.53,304.53
ORD_02013,CUST_0431,PROD_026,2023-04-05,4,304.53,1218.12
ORD_04276,CUST_0312,PROD_006,2023-04-05,2,283.73,567.46
ORD_00789,CUST_0858,PROD_012,2023-04-05,3,220.67,662.01
ORD_00466,CUST_0885,PROD_030,2023-04-05,1,91.76,91.76
ORD_01840,CUST_0981,PROD_016,2023-04-06,3,396.6,1189.8000000000002
ORD_04339,CUST_0144,PROD_001,2023-04-06,4,154.57,618.28
ORD_04749,CUST_0979,PROD_049,2023-04-06,4,347.25,1389.0
ORD_02840,CUST_0160,PROD_037,2023-04-06,5,326.45,1632.25
ORD_04527,CUST_0361,PROD_013,2023-04-06,2,339.75,679.5
ORD_04984,CUST_0685,PROD_029,2023-04-06,1,193.53,193.53
ORD_00775,CUST_0116,PROD_041,2023-04-06,1,210.72,210.72
ORD_03369,CUST_0355,PROD_050,2023-04-06,4,78.87,315.48
ORD_01263,CUST_0393,PROD_044,2023-04-06,1,306.83,306.83
ORD_03652,CUST_0770,PROD_017,2023-04-06,5,228.75,1143.75
ORD_00697,CUST_0895,PROD_037,2023-04-07,5,326.45,1632.25
ORD_01921,CUST_0081,PROD_011,2023-04-07,2,349.32,698.64
ORD_00907,CUST_0392,PROD_016,2023-04-07,2,396.6,793.2
ORD_00080,CUST_0584,PROD_027,2023-04-07,1,355.74,355.74
ORD_02206,CUST_0235,PROD_050,2023-04-07,2,78.87,157.74
ORD_01515,CUST_0452,PROD_046,2023-04-07,1,116.77,116.77
ORD_03079,CUST_0580,PROD_021,2023-04-07,4,459.15,1836.6
ORD_03133,CUST_0481,PROD_031,2023-04-07,5,220.96,1104.8
ORD_04262,CUST_0516,PROD_043,2023-04-07,3,341.79,1025.3700000000001
ORD_03634,CUST_0378,PROD_028,2023-04-07,3,347.32,1041.96
ORD_03795,CUST_0246,PROD_021,2023-04-07,5,459.15,2295.75
ORD_04811,CUST_0089,PROD_013,2023-04-08,1,339.75,339.75
ORD_00142,CUST_0495,PROD_022,2023-04-08,4,221.18,884.72
ORD_03615,CUST_0041,PROD_026,2023-04-08,1,304.53,304.53
ORD_01412,CUST_0387,PROD_037,2023-04-08,5,326.45,1632.25
ORD_00822,CUST_0920,PROD_034,2023-04-08,5,179.48,897.4
ORD_03423,CUST_0913,PROD_035,2023-04-08,5,85.69,428.45
ORD_03315,CUST_0337,PROD_004,2023-04-08,3,31.43,94.28999999999999
ORD_01509,CUST_0963,PROD_012,2023-04-09,5,220.67,1103.35
ORD_03320,CUST_0216,PROD_035,2023-04-09,2,85.69,171.38
ORD_04183,CUST_0104,PROD_034,2023-04-09,2,179.48,358.96
ORD_04103,CUST_0588,PROD_033,2023-04-09,3,446.15,1338.4499999999998
ORD_00137,CUST_0306,PROD_010,2023-04-09,2,424.35,848.7
ORD_03371,CUST_0493,PROD_040,2023-04-09,5,45.14,225.7
ORD_02738,CUST_0955,PROD_021,2023-04-09,5,459.15,2295.75
ORD_04850,CUST_0169,PROD_021,2023-04-09,3,459.15,1377.4499999999998
ORD_04506,CUST_0109,PROD_050,2023-04-09,4,78.87,315.48
ORD_00739,CUST_0106,PROD_015,2023-04-09,1,160.09,160.09
ORD_04592,CUST_0929,PROD_050,2023-04-09,1,78.87,78.87
ORD_01774,CUST_0951,PROD_032,2023-04-09,2,79.87,159.74
ORD_02705,CUST_0644,PROD_036,2023-04-09,2,22.47,44.94
ORD_01352,CUST_0241,PROD_014,2023-04-09,1,144.94,144.94
ORD_04575,CUST_0778,PROD_041,2023-04-10,1,210.72,210.72
ORD_04239,CUST_0070,PROD_048,2023-04-10,2,232.46,464.92
ORD_02650,CUST_0330,PROD_049,2023-04-10,2,347.25,694.5
ORD_03545,CUST_0527,PROD_017,2023-04-10,2,228.75,457.5
ORD_01542,CUST_0659,PROD_039,2023-04-10,2,176.9,353.8
ORD_02325,CUST_0610,PROD_031,2023-04-10,1,220.96,220.96
ORD_04252,CUST_0486,PROD_016,2023-04-10,3,396.6,1189.8000000000002
ORD_01027,CUST_0995,PROD_017,2023-04-10,3,228.75,686.25
ORD_01172,CUST_0755,PROD_014,2023-04-10,5,144.94,724.7
ORD_03622,CUST_0567,PROD_047,2023-04-10,4,494.14,1976.56
ORD_03570,CUST_0523,PROD_008,2023-04-10,1,367.3,367.3
ORD_04919,CUST_0730,PROD_016,2023-04-10,3,396.6,1189.8000000000002
ORD_00740,CUST_0001,PROD_016,2023-04-10,2,396.6,793.2
ORD_04914,CUST_0826,PROD_047,2023-04-10,3,494.14,1482.42
ORD_01036,CUST_0790,PROD_048,2023-04-10,5,232.46,1162.3
ORD_00428,CUST_0668,PROD_022,2023-04-11,1,221.18,221.18
ORD_04478,CUST_0390,PROD_019,2023-04-11,5,412.99,2064.95
ORD_01145,CUST_0648,PROD_031,2023-04-11,4,220.96,883.84
ORD_04750,CUST_0116,PROD_025,2023-04-11,4,191.87,767.48
ORD_01371,CUST_0541,PROD_036,2023-04-11,3,22.47,67.41
ORD_00958,CUST_0170,PROD_038,2023-04-11,2,322.08,644.16
ORD_02645,CUST_0459,PROD_027,2023-04-11,5,355.74,1778.7
ORD_00527,CUST_0158,PROD_005,2023-04-11,2,70.27,140.54
ORD_04424,CUST_0441,PROD_019,2023-04-11,3,412.99,1238.97
ORD_02406,CUST_0561,PROD_012,2023-04-11,5,220.67,1103.35
ORD_02437,CUST_0323,PROD_006,2023-04-11,4,283.73,1134.92
ORD_00683,CUST_0327,PROD_032,2023-04-11,4,79.87,319.48
ORD_01899,CUST_0334,PROD_021,2023-04-11,1,459.15,459.15
ORD_04505,CUST_0665,PROD_046,2023-04-12,5,116.77,583.85
ORD_00562,CUST_0691,PROD_017,2023-04-12,3,228.75,686.25
ORD_00867,CUST_0116,PROD_043,2023-04-12,2,341.79,683.58
ORD_03392,CUST_0451,PROD_036,2023-04-12,3,22.47,67.41
ORD_02754,CUST_0476,PROD_001,2023-04-12,1,154.57,154.57
ORD_04301,CUST_0227,PROD_041,2023-04-12,3,210.72,632.16
ORD_00155,CUST_0555,PROD_018,2023-04-12,4,401.21,1604.84
ORD_01863,CUST_0459,PROD_045,2023-04-13,5,188.65,943.25
ORD_03246,CUST_0323,PROD_019,2023-04-13,1,412.99,412.99
ORD_00478,CUST_0391,PROD_039,2023-04-13,4,176.9,707.6
ORD_00861,CUST_0134,PROD_049,2023-04-13,2,347.25,694.5
ORD_02388,CUST_0149,PROD_044,2023-04-13,3,306.83,920.49
ORD_04924,CUST_0451,PROD_026,2023-04-13,2,304.53,609.06
ORD_04720,CUST_0587,PROD_045,2023-04-13,1,188.65,188.65
ORD_00377,CUST_0107,PROD_026,2023-04-13,2,304.53,609.06
ORD_03128,CUST_0584,PROD_038,2023-04-13,3,322.08,966.24
ORD_03733,CUST_0942,PROD_029,2023-04-13,5,193.53,967.65
ORD_02675,CUST_0745,PROD_015,2023-04-13,1,160.09,160.09
ORD_04535,CUST_0605,PROD_004,2023-04-13,1,31.43,31.43
ORD_02271,CUST_0923,PROD_046,2023-04-13,5,116.77,583.85
ORD_00293,CUST_0958,PROD_026,2023-04-14,5,304.53,1522.6499999999999
ORD_01659,CUST_0539,PROD_045,2023-04-14,3,188.65,565.95
ORD_04457,CUST_0361,PROD_027,2023-04-14,1,355.74,355.74
ORD_02694,CUST_0165,PROD_013,2023-04-14,3,339.75,1019.25
ORD_04366,CUST_0794,PROD_009,2023-04-14,2,329.62,659.24
ORD_04095,CUST_0398,PROD_004,2023-04-14,5,31.43,157.15
ORD_03765,CUST_0995,PROD_035,2023-04-14,2,85.69,171.38
ORD_02016,CUST_0232,PROD_014,2023-04-14,2,144.94,289.88
ORD_01079,CUST_0254,PROD_024,2023-04-14,4,295.28,1181.12
ORD_03049,CUST_0259,PROD_020,2023-04-15,5,430.21,2151.0499999999997
ORD_00418,CUST_0214,PROD_013,2023-04-15,3,339.75,1019.25
ORD_01732,CUST_0755,PROD_018,2023-04-15,3,401.21,1203.6299999999999
ORD_00981,CUST_0630,PROD_021,2023-04-15,2,459.15,918.3
ORD_00949,CUST_0060,PROD_028,2023-04-15,3,347.32,1041.96
ORD_02962,CUST_0920,PROD_028,2023-04-15,1,347.32,347.32
ORD_03964,CUST_0074,PROD_006,2023-04-15,4,283.73,1134.92
ORD_01155,CUST_0249,PROD_042,2023-04-15,4,162.5,650.0
ORD_00559,CUST_0984,PROD_021,2023-04-15,2,459.15,918.3
ORD_04331,CUST_0721,PROD_038,2023-04-15,2,322.08,644.16
ORD_02065,CUST_0327,PROD_036,2023-04-15,2,22.47,44.94
ORD_00222,CUST_0353,PROD_044,2023-04-15,4,306.83,1227.32
ORD_00203,CUST_0371,PROD_036,2023-04-16,4,22.47,89.88
ORD_03126,CUST_0891,PROD_032,2023-04-16,4,79.87,319.48
ORD_02462,CUST_0831,PROD_035,2023-04-16,5,85.69,428.45
ORD_00873,CUST_0539,PROD_001,2023-04-16,3,154.57,463.71
ORD_03442,CUST_0775,PROD_032,2023-04-16,2,79.87,159.74
ORD_03238,CUST_0866,PROD_032,2023-04-16,3,79.87,239.61
ORD_00955,CUST_0074,PROD_027,2023-04-16,4,355.74,1422.96
ORD_04145,CUST_0174,PROD_048,2023-04-16,1,232.46,232.46
ORD_03436,CUST_0432,PROD_050,2023-04-16,5,78.87,394.35
ORD_01753,CUST_0130,PROD_028,2023-04-16,4,347.32,1389.28
ORD_01467,CUST_0369,PROD_027,2023-04-16,5,355.74,1778.7
ORD_03204,CUST_0717,PROD_046,2023-04-16,5,116.77,583.85
ORD_01867,CUST_0949,PROD_021,2023-04-16,1,459.15,459.15
ORD_03345,CUST_0838,PROD_020,2023-04-16,1,430.21,430.21
ORD_03889,CUST_0118,PROD_002,2023-04-17,4,248.14,992.56
ORD_00994,CUST_0668,PROD_026,2023-04-17,2,304.53,609.06
ORD_00167,CUST_0727,PROD_042,2023-04-17,5,162.5,812.5
ORD_03224,CUST_0337,PROD_045,2023-04-17,3,188.65,565.95
ORD_02282,CUST_0572,PROD_037,2023-04-17,5,326.45,1632.25
ORD_04246,CUST_0656,PROD_012,2023-04-17,3,220.67,662.01
ORD_04127,CUST_0392,PROD_041,2023-04-17,4,210.72,842.88
ORD_02826,CUST_0633,PROD_030,2023-04-17,3,91.76,275.28000000000003
ORD_02569,CUST_0628,PROD_008,2023-04-17,2,367.3,734.6
ORD_01843,CUST_0871,PROD_041,2023-04-17,4,210.72,842.88
ORD_02053,CUST_0261,PROD_046,2023-04-17,3,116.77,350.31
ORD_02434,CUST_0227,PROD_018,2023-04-18,4,401.21,1604.84
ORD_03663,CUST_0493,PROD_019,2023-04-18,2,412.99,825.98
ORD_03145,CUST_0371,PROD_013,2023-04-18,5,339.75,1698.75
ORD_01971,CUST_0253,PROD_036,2023-04-18,5,22.47,112.35
ORD_04223,CUST_0653,PROD_016,2023-04-18,5,396.6,1983.0
ORD_03637,CUST_0199,PROD_001,2023-04-18,5,154.57,772.8499999999999
ORD_03021,CUST_0888,PROD_047,2023-04-18,3,494.14,1482.42
ORD_04070,CUST_0123,PROD_010,2023-04-19,4,424.35,1697.4
ORD_03506,CUST_0919,PROD_012,2023-04-19,5,220.67,1103.35
ORD_02407,CUST_0935,PROD_029,2023-04-19,2,193.53,387.06
ORD_01922,CUST_0306,PROD_045,2023-04-19,4,188.65,754.6
ORD_00942,CUST_0972,PROD_033,2023-04-19,1,446.15,446.15
ORD_04426,CUST_0674,PROD_029,2023-04-19,4,193.53,774.12
ORD_01222,CUST_0869,PROD_028,2023-04-19,5,347.32,1736.6
ORD_04332,CUST_0306,PROD_022,2023-04-19,2,221.18,442.36
ORD_03027,CUST_0116,PROD_020,2023-04-19,4,430.21,1720.84
ORD_04319,CUST_0516,PROD_004,2023-04-19,4,31.43,125.72
ORD_02131,CUST_0876,PROD_009,2023-04-19,3,329.62,988.86
ORD_02403,CUST_0068,PROD_045,2023-04-19,1,188.65,188.65
ORD_00343,CUST_0270,PROD_035,2023-04-19,1,85.69,85.69
ORD_02789,CUST_0685,PROD_013,2023-04-19,3,339.75,1019.25
ORD_03308,CUST_0290,PROD_026,2023-04-20,1,304.53,304.53
ORD_02306,CUST_0306,PROD_023,2023-04-20,3,166.24,498.72
ORD_02291,CUST_0548,PROD_037,2023-04-20,2,326.45,652.9
ORD_02652,CUST_0553,PROD_036,2023-04-20,5,22.47,112.35
ORD_03935,CUST_0439,PROD_015,2023-04-20,3,160.09,480.27
ORD_02749,CUST_0141,PROD_019,2023-04-20,2,412.99,825.98
ORD_03274,CUST_0018,PROD_003,2023-04-20,5,292.83,1464.1499999999999
ORD_02190,CUST_0320,PROD_014,2023-04-20,4,144.94,579.76
ORD_02102,CUST_0691,PROD_038,2023-04-20,5,322.08,1610.3999999999999
ORD_02604,CUST_0739,PROD_020,2023-04-21,2,430.21,860.42
ORD_01195,CUST_0853,PROD_003,2023-04-21,4,292.83,1171.32
ORD_02393,CUST_0377,PROD_023,2023-04-21,3,166.24,498.72
ORD_04554,CUST_0030,PROD_031,2023-04-21,3,220.96,662.88
ORD_04219,CUST_0475,PROD_008,2023-04-21,2,367.3,734.6
ORD_00754,CUST_0380,PROD_044,2023-04-21,5,306.83,1534.1499999999999
ORD_02019,CUST_0584,PROD_001,2023-04-21,3,154.57,463.71
ORD_01250,CUST_0580,PROD_033,2023-04-21,3,446.15,1338.4499999999998
ORD_00407,CUST_0819,PROD_031,2023-04-21,5,220.96,1104.8
ORD_02820,CUST_0920,PROD_049,2023-04-21,5,347.25,1736.25
ORD_00171,CUST_0364,PROD_027,2023-04-22,1,355.74,355.74
ORD_01464,CUST_0626,PROD_026,2023-04-22,5,304.53,1522.6499999999999
ORD_04395,CUST_0705,PROD_027,2023-04-22,1,355.74,355.74
ORD_04971,CUST_0648,PROD_026,2023-04-22,4,304.53,1218.12
ORD_01744,CUST_0306,PROD_044,2023-04-22,2,306.83,613.66
ORD_01372,CUST_0290,PROD_029,2023-04-22,3,193.53,580.59
ORD_04372,CUST_0016,PROD_001,2023-04-22,5,154.57,772.8499999999999
ORD_01497,CUST_0727,PROD_014,2023-04-23,5,144.94,724.7
ORD_03446,CUST_0277,PROD_014,2023-04-23,4,144.94,579.76
ORD_00252,CUST_0034,PROD_043,2023-04-23,1,341.79,341.79
ORD_01403,CUST_0757,PROD_032,2023-04-23,3,79.87,239.61
ORD_04501,CUST_0524,PROD_028,2023-04-23,1,347.32,347.32
ORD_03502,CUST_0210,PROD_022,2023-04-23,5,221.18,1105.9
ORD_00063,CUST_0841,PROD_013,2023-04-23,2,339.75,679.5
ORD_04588,CUST_0095,PROD_004,2023-04-23,1,31.43,31.43
ORD_04009,CUST_0182,PROD_020,2023-04-23,3,430.21,1290.6299999999999
ORD_03738,CUST_0595,PROD_001,2023-04-23,4,154.57,618.28
ORD_00741,CUST_0695,PROD_044,2023-04-23,1,306.83,306.83
ORD_00175,CUST_0438,PROD_021,2023-04-23,5,459.15,2295.75
ORD_03823,CUST_0337,PROD_050,2023-04-23,4,78.87,315.48
ORD_02110,CUST_0557,PROD_014,2023-04-23,4,144.94,579.76
ORD_03299,CUST_0090,PROD_039,2023-04-24,5,176.9,884.5
ORD_01948,CUST_0484,PROD_029,2023-04-24,4,193.53,774.12
ORD_03647,CUST_0908,PROD_050,2023-04-24,1,78.87,78.87
ORD_01754,CUST_0991,PROD_002,2023-04-24,5,248.14,1240.6999999999998
ORD_02042,CUST_0394,PROD_011,2023-04-24,4,349.32,1397.28
ORD_03426,CUST_0595,PROD_013,2023-04-24,3,339.75,1019.25
ORD_03413,CUST_0210,PROD_044,2023-04-24,4,306.83,1227.32
ORD_02149,CUST_0340,PROD_034,2023-04-24,3,179.48,538.4399999999999
ORD_04386,CUST_0149,PROD_005,2023-04-24,2,70.27,140.54
ORD_02281,CUST_0668,PROD_037,2023-04-24,5,326.45,1632.25
ORD_04576,CUST_0437,PROD_034,2023-04-24,4,179.48,717.92
ORD_00725,CUST_0717,PROD_011,2023-04-24,5,349.32,1746.6
ORD_02792,CUST_0633,PROD_048,2023-04-25,5,232.46,1162.3
ORD_02436,CUST_0721,PROD_027,2023-04-25,2,355.74,711.48
ORD_00793,CUST_0097,PROD_044,2023-04-25,5,306.83,1534.1499999999999
ORD_04899,CUST_0461,PROD_034,2023-04-25,1,179.48,179.48
ORD_04921,CUST_0794,PROD_019,2023-04-25,4,412.99,1651.96
ORD_02043,CUST_0685,PROD_027,2023-04-25,4,355.74,1422.96
ORD_01529,CUST_0341,PROD_008,2023-04-25,5,367.3,1836.5
ORD_01541,CUST_0391,PROD_022,2023-04-25,4,221.18,884.72
ORD_04609,CUST_0484,PROD_027,2023-04-25,4,355.74,1422.96
ORD_02352,CUST_0160,PROD_003,2023-04-25,4,292.83,1171.32
ORD_03884,CUST_0986,PROD_035,2023-04-25,3,85.69,257.07
ORD_01053,CUST_0661,PROD_005,2023-04-25,4,70.27,281.08
ORD_00244,CUST_0197,PROD_030,2023-04-25,5,91.76,458.8
ORD_04691,CUST_0380,PROD_003,2023-04-25,1,292.83,292.83
ORD_04267,CUST_0071,PROD_014,2023-04-25,1,144.94,144.94
ORD_04911,CUST_0199,PROD_036,2023-04-25,4,22.47,89.88
ORD_00693,CUST_0299,PROD_044,2023-04-25,1,306.83,306.83
ORD_00280,CUST_0514,PROD_004,2023-04-25,4,31.43,125.72
ORD_01740,CUST_0191,PROD_034,2023-04-25,3,179.48,538.4399999999999
ORD_01686,CUST_0256,PROD_023,2023-04-26,1,166.24,166.24
ORD_04863,CUST_0510,PROD_023,2023-04-26,4,166.24,664.96
ORD_03019,CUST_0710,PROD_047,2023-04-26,5,494.14,2470.7
ORD_03118,CUST_0848,PROD_008,2023-04-26,2,367.3,734.6
ORD_04493,CUST_0047,PROD_016,2023-04-26,1,396.6,396.6
ORD_02426,CUST_0394,PROD_020,2023-04-26,2,430.21,860.42
ORD_03307,CUST_0225,PROD_045,2023-04-26,5,188.65,943.25
ORD_01040,CUST_0557,PROD_033,2023-04-26,1,446.15,446.15
ORD_02113,CUST_0516,PROD_007,2023-04-26,3,178.15,534.45
ORD_03675,CUST_0638,PROD_016,2023-04-27,1,396.6,396.6
ORD_02948,CUST_0659,PROD_023,2023-04-27,2,166.24,332.48
ORD_04392,CUST_0319,PROD_005,2023-04-27,4,70.27,281.08
ORD_00573,CUST_0814,PROD_009,2023-04-27,5,329.62,1648.1
ORD_00819,CUST_0685,PROD_008,2023-04-27,1,367.3,367.3
ORD_03566,CUST_0828,PROD_017,2023-04-27,2,228.75,457.5
ORD_01043,CUST_0873,PROD_038,2023-04-27,2,322.08,644.16
ORD_04678,CUST_0890,PROD_031,2023-04-27,3,220.96,662.88
ORD_00140,CUST_0120,PROD_029,2023-04-27,3,193.53,580.59
ORD_01022,CUST_0928,PROD_013,2023-04-27,5,339.75,1698.75
ORD_00845,CUST_0996,PROD_038,2023-04-28,2,322.08,644.16
ORD_03065,CUST_0506,PROD_019,2023-04-28,2,412.99,825.98
ORD_00088,CUST_0722,PROD_012,2023-04-28,1,220.67,220.67
ORD_00691,CUST_0535,PROD_009,2023-04-28,1,329.62,329.62
ORD_03430,CUST_0154,PROD_036,2023-04-28,4,22.47,89.88
ORD_00467,CUST_0543,PROD_043,2023-04-28,2,341.79,683.58
ORD_03148,CUST_0966,PROD_004,2023-04-28,1,31.43,31.43
ORD_04468,CUST_0048,PROD_030,2023-04-28,4,91.76,367.04
ORD_03445,CUST_0608,PROD_031,2023-04-28,3,220.96,662.88
ORD_01574,CUST_0139,PROD_048,2023-04-28,5,232.46,1162.3
ORD_00419,CUST_0378,PROD_043,2023-04-28,5,341.79,1708.95
ORD_00398,CUST_0051,PROD_028,2023-04-28,2,347.32,694.64
ORD_02746,CUST_0713,PROD_039,2023-04-28,2,176.9,353.8
ORD_01347,CUST_0449,PROD_026,2023-04-28,3,304.53,913.5899999999999
ORD_04747,CUST_0391,PROD_045,2023-04-28,5,188.65,943.25
ORD_03536,CUST_0223,PROD_009,2023-05-01,4,329.62,1318.48
ORD_00472,CUST_0214,PROD_034,2023-05-01,3,179.48,538.4399999999999
ORD_01985,CUST_0087,PROD_019,2023-05-01,1,412.99,412.99
ORD_01547,CUST_0171,PROD_023,2023-05-01,3,166.24,498.72
ORD_04906,CUST_0732,PROD_020,2023-05-01,5,430.21,2151.0499999999997
ORD_02155,CUST_0680,PROD_014,2023-05-01,3,144.94,434.82
ORD_02702,CUST_0532,PROD_041,2023-05-01,2,210.72,421.44
ORD_03977,CUST_0288,PROD_011,2023-05-01,4,349.32,1397.28
ORD_04608,CUST_0901,PROD_001,2023-05-02,5,154.57,772.8499999999999
ORD_01910,CUST_0283,PROD_048,2023-05-02,2,232.46,464.92
ORD_00417,CUST_0846,PROD_013,2023-05-02,5,339.75,1698.75
ORD_02249,CUST_0170,PROD_013,2023-05-02,1,339.75,339.75
ORD_00122,CUST_0305,PROD_027,2023-05-02,3,355.74,1067.22
ORD_03429,CUST_0923,PROD_030,2023-05-02,1,91.76,91.76
ORD_02211,CUST_0819,PROD_008,2023-05-02,5,367.3,1836.5
ORD_04264,CUST_0557,PROD_009,2023-05-02,2,329.62,659.24
ORD_02439,CUST_0148,PROD_002,2023-05-02,5,248.14,1240.6999999999998
ORD_00268,CUST_0386,PROD_023,2023-05-02,4,166.24,664.96
ORD_00766,CUST_0802,PROD_004,2023-05-02,3,31.43,94.28999999999999
ORD_03028,CUST_0516,PROD_023,2023-05-02,5,166.24,831.2
ORD_00289,CUST_0589,PROD_017,2023-05-02,3,228.75,686.25
ORD_03206,CUST_0373,PROD_015,2023-05-03,4,160.09,640.36
ORD_00019,CUST_0561,PROD_036,2023-05-03,3,22.47,67.41
ORD_04591,CUST_0087,PROD_028,2023-05-03,2,347.32,694.64
ORD_02929,CUST_0238,PROD_026,2023-05-03,2,304.53,609.06
ORD_01076,CUST_0355,PROD_006,2023-05-03,1,283.73,283.73
ORD_04278,CUST_0840,PROD_021,2023-05-03,1,459.15,459.15
ORD_02759,CUST_0051,PROD_002,2023-05-03,2,248.14,496.28
ORD_03766,CUST_0759,PROD_035,2023-05-03,5,85.69,428.45
ORD_01668,CUST_0415,PROD_043,2023-05-03,4,341.79,1367.16
ORD_00613,CUST_0659,PROD_050,2023-05-04,1,78.87,78.87
ORD_04773,CUST_0290,PROD_050,2023-05-04,5,78.87,394.35
ORD_04198,CUST_0207,PROD_023,2023-05-04,1,166.24,166.24
ORD_01162,CUST_0744,PROD_042,2023-05-04,5,162.5,812.5
ORD_04837,CUST_0923,PROD_023,2023-05-04,4,166.24,664.96
ORD_04381,CUST_0415,PROD_047,2023-05-04,5,494.14,2470.7
ORD_04027,CUST_0283,PROD_032,2023-05-04,4,79.87,319.48
ORD_03584,CUST_0558,PROD_028,2023-05-04,4,347.32,1389.28
ORD_00225,CUST_0927,PROD_042,2023-05-04,1,162.5,162.5
ORD_03071,CUST_0601,PROD_014,2023-05-04,2,144.94,289.88
ORD_01608,CUST_0865,PROD_037,2023-05-04,2,326.45,652.9
ORD_03661,CUST_0603,PROD_029,2023-05-05,4,193.53,774.12
ORD_00751,CUST_0536,PROD_027,2023-05-05,1,355.74,355.74
ORD_01404,CUST_0945,PROD_026,2023-05-05,3,304.53,913.5899999999999
ORD_04306,CUST_0928,PROD_044,2023-05-05,4,306.83,1227.32
ORD_03728,CUST_0116,PROD_009,2023-05-05,3,329.62,988.86
ORD_04785,CUST_0664,PROD_028,2023-05-05,2,347.32,694.64
ORD_02396,CUST_0991,PROD_026,2023-05-05,1,304.53,304.53
ORD_04168,CUST_0688,PROD_038,2023-05-05,3,322.08,966.24
ORD_00871,CUST_0203,PROD_029,2023-05-05,5,193.53,967.65
ORD_02030,CUST_0212,PROD_021,2023-05-05,5,459.15,2295.75
ORD_03459,CUST_0492,PROD_024,2023-05-05,3,295.28,885.8399999999999
ORD_04966,CUST_0220,PROD_050,2023-05-05,2,78.87,157.74
ORD_00034,CUST_0632,PROD_014,2023-05-05,1,144.94,144.94
ORD_04094,CUST_0956,PROD_031,2023-05-05,1,220.96,220.96
ORD_03847,CUST_0705,PROD_012,2023-05-06,1,220.67,220.67
ORD_02766,CUST_0158,PROD_015,2023-05-06,4,160.09,640.36
ORD_01673,CUST_0180,PROD_001,2023-05-06,1,154.57,154.57
ORD_01129,CUST_0158,PROD_050,2023-05-06,1,78.87,78.87
ORD_02461,CUST_0609,PROD_034,2023-05-06,4,179.48,717.92
ORD_02302,CUST_0954,PROD_032,2023-05-06,4,79.87,319.48
ORD_02417,CUST_0366,PROD_002,2023-05-06,4,248.14,992.56
ORD_01364,CUST_0828,PROD_036,2023-05-07,2,22.47,44.94
ORD_00771,CUST_0668,PROD_030,2023-05-07,2,91.76,183.52
ORD_02932,CUST_0826,PROD_042,2023-05-07,4,162.5,650.0
ORD_02489,CUST_0615,PROD_029,2023-05-07,1,193.53,193.53
ORD_00485,CUST_0129,PROD_036,2023-05-07,3,22.47,67.41
ORD_01102,CUST_0605,PROD_002,2023-05-07,5,248.14,1240.6999999999998
ORD_01600,CUST_0690,PROD_018,2023-05-07,2,401.21,802.42
ORD_04324,CUST_0615,PROD_015,2023-05-07,3,160.09,480.27
ORD_04589,CUST_0705,PROD_033,2023-05-07,4,446.15,1784.6
ORD_02288,CUST_0293,PROD_041,2023-05-07,5,210.72,1053.6
ORD_00666,CUST_0278,PROD_013,2023-05-07,1,339.75,339.75
ORD_03242,CUST_0165,PROD_014,2023-05-07,1,144.94,144.94
ORD_04325,CUST_0923,PROD_046,2023-05-08,4,116.77,467.08
ORD_04184,CUST_0994,PROD_036,2023-05-08,2,22.47,44.94
ORD_01275,CUST_0123,PROD_006,2023-05-08,2,283.73,567.46
ORD_04040,CUST_0425,PROD_004,2023-05-08,5,31.43,157.15
ORD_03175,CUST_0459,PROD_005,2023-05-08,3,70.27,210.81
ORD_00360,CUST_0911,PROD_049,2023-05-08,1,347.25,347.25
ORD_00966,CUST_0843,PROD_009,2023-05-08,4,329.62,1318.48
ORD_00833,CUST_0395,PROD_005,2023-05-08,2,70.27,140.54
ORD_03842,CUST_0913,PROD_015,2023-05-09,3,160.09,480.27
ORD_04543,CUST_0900,PROD_020,2023-05-09,5,430.21,2151.0499999999997
ORD_02535,CUST_0337,PROD_008,2023-05-09,3,367.3,1101.9
ORD_02117,CUST_0424,PROD_004,2023-05-09,5,31.43,157.15
ORD_01852,CUST_0053,PROD_024,2023-05-09,5,295.28,1476.3999999999999
ORD_00164,CUST_0373,PROD_006,2023-05-10,2,283.73,567.46
ORD_00118,CUST_0425,PROD_040,2023-05-10,2,45.14,90.28
ORD_02295,CUST_0904,PROD_013,2023-05-10,5,339.75,1698.75
ORD_01844,CUST_0465,PROD_043,2023-05-10,1,341.79,341.79
ORD_02747,CUST_0120,PROD_018,2023-05-10,4,401.21,1604.84
ORD_04688,CUST_0565,PROD_023,2023-05-10,2,166.24,332.48
ORD_02247,CUST_0979,PROD_036,2023-05-10,5,22.47,112.35
ORD_03319,CUST_0449,PROD_018,2023-05-10,1,401.21,401.21
ORD_02118,CUST_0293,PROD_002,2023-05-10,2,248.14,496.28
ORD_00492,CUST_0245,PROD_033,2023-05-10,4,446.15,1784.6
ORD_03656,CUST_0484,PROD_020,2023-05-10,4,430.21,1720.84
ORD_04620,CUST_0626,PROD_027,2023-05-10,1,355.74,355.74
ORD_01360,CUST_0391,PROD_036,2023-05-10,3,22.47,67.41
ORD_04078,CUST_0796,PROD_020,2023-05-10,2,430.21,860.42
ORD_00760,CUST_0991,PROD_033,2023-05-11,2,446.15,892.3
ORD_04005,CUST_0307,PROD_002,2023-05-11,3,248.14,744.42
ORD_00354,CUST_0305,PROD_013,2023-05-11,3,339.75,1019.25
ORD_02724,CUST_0092,PROD_032,2023-05-11,5,79.87,399.35
ORD_02803,CUST_0765,PROD_023,2023-05-11,3,166.24,498.72
ORD_02278,CUST_0630,PROD_008,2023-05-11,2,367.3,734.6
ORD_00242,CUST_0158,PROD_016,2023-05-11,4,396.6,1586.4
ORD_03668,CUST_0724,PROD_041,2023-05-11,2,210.72,421.44
ORD_01792,CUST_0704,PROD_050,2023-05-12,1,78.87,78.87
ORD_03113,CUST_0064,PROD_005,2023-05-12,3,70.27,210.81
ORD_04790,CUST_0393,PROD_031,2023-05-12,1,220.96,220.96
ORD_04677,CUST_0050,PROD_036,2023-05-12,5,22.47,112.35
ORD_01338,CUST_0793,PROD_016,2023-05-12,5,396.6,1983.0
ORD_02179,CUST_0312,PROD_032,2023-05-12,4,79.87,319.48
ORD_04947,CUST_0050,PROD_043,2023-05-12,3,341.79,1025.3700000000001
ORD_02369,CUST_0634,PROD_050,2023-05-12,3,78.87,236.61
ORD_04851,CUST_0745,PROD_001,2023-05-12,1,154.57,154.57
ORD_02831,CUST_0530,PROD_037,2023-05-12,4,326.45,1305.8
ORD_03947,CUST_0184,PROD_050,2023-05-13,5,78.87,394.35
ORD_01764,CUST_0811,PROD_011,2023-05-13,3,349.32,1047.96
ORD_03825,CUST_0590,PROD_002,2023-05-13,2,248.14,496.28
ORD_01316,CUST_0849,PROD_027,2023-05-13,3,355.74,1067.22
ORD_04164,CUST_0157,PROD_050,2023-05-13,4,78.87,315.48
ORD_02011,CUST_0984,PROD_003,2023-05-13,4,292.83,1171.32
ORD_02517,CUST_0592,PROD_022,2023-05-14,1,221.18,221.18
ORD_04654,CUST_0018,PROD_026,2023-05-14,1,304.53,304.53
ORD_03218,CUST_0682,PROD_034,2023-05-14,1,179.48,179.48
ORD_01582,CUST_0630,PROD_006,2023-05-14,2,283.73,567.46
ORD_03032,CUST_0032,PROD_030,2023-05-14,5,91.76,458.8
ORD_04472,CUST_0890,PROD_032,2023-05-14,3,79.87,239.61
ORD_02208,CUST_0179,PROD_036,2023-05-14,4,22.47,89.88
ORD_04684,CUST_0914,PROD_031,2023-05-14,2,220.96,441.92
ORD_02105,CUST_0796,PROD_044,2023-05-14,5,306.83,1534.1499999999999
ORD_02362,CUST_0705,PROD_030,2023-05-14,2,91.76,183.52
ORD_01354,CUST_0995,PROD_041,2023-05-14,4,210.72,842.88
ORD_00082,CUST_0890,PROD_016,2023-05-15,3,396.6,1189.8000000000002
ORD_03457,CUST_0557,PROD_043,2023-05-15,1,341.79,341.79
ORD_01807,CUST_0223,PROD_008,2023-05-15,5,367.3,1836.5
ORD_00483,CUST_0719,PROD_048,2023-05-15,5,232.46,1162.3
ORD_00107,CUST_0069,PROD_013,2023-05-15,1,339.75,339.75
ORD_02238,CUST_0561,PROD_048,2023-05-15,2,232.46,464.92
ORD_00688,CUST_0025,PROD_022,2023-05-15,1,221.18,221.18
ORD_01778,CUST_0277,PROD_018,2023-05-15,1,401.21,401.21
ORD_02057,CUST_0851,PROD_017,2023-05-15,2,228.75,457.5
ORD_03140,CUST_0511,PROD_047,2023-05-15,4,494.14,1976.56
ORD_00376,CUST_0451,PROD_004,2023-05-15,4,31.43,125.72
ORD_00371,CUST_0015,PROD_044,2023-05-15,5,306.83,1534.1499999999999
ORD_00190,CUST_0552,PROD_020,2023-05-15,3,430.21,1290.6299999999999
ORD_03943,CUST_0157,PROD_048,2023-05-15,3,232.46,697.38
ORD_00297,CUST_0283,PROD_030,2023-05-15,2,91.76,183.52
ORD_00720,CUST_0212,PROD_047,2023-05-16,4,494.14,1976.56
ORD_04043,CUST_0878,PROD_025,2023-05-16,2,191.87,383.74
ORD_00695,CUST_0981,PROD_046,2023-05-16,1,116.77,116.77
ORD_03813,CUST_0901,PROD_001,2023-05-16,4,154.57,618.28
ORD_02332,CUST_0995,PROD_018,2023-05-16,4,401.21,1604.84
ORD_02512,CUST_0630,PROD_019,2023-05-16,1,412.99,412.99
ORD_00272,CUST_0227,PROD_005,2023-05-16,3,70.27,210.81
ORD_03382,CUST_0322,PROD_013,2023-05-16,5,339.75,1698.75
ORD_01551,CUST_0293,PROD_003,2023-05-16,5,292.83,1464.1499999999999
ORD_00679,CUST_0721,PROD_005,2023-05-16,1,70.27,70.27
ORD_02099,CUST_0118,PROD_009,2023-05-16,4,329.62,1318.48
ORD_03602,CUST_0178,PROD_035,2023-05-16,3,85.69,257.07
ORD_00299,CUST_0014,PROD_008,2023-05-17,2,367.3,734.6
ORD_02774,CUST_0793,PROD_048,2023-05-17,3,232.46,697.38
ORD_00120,CUST_0789,PROD_040,2023-05-17,1,45.14,45.14
ORD_00329,CUST_0913,PROD_029,2023-05-17,5,193.53,967.65
ORD_01917,CUST_0425,PROD_037,2023-05-17,1,326.45,326.45
ORD_00048,CUST_0630,PROD_044,2023-05-17,1,306.83,306.83
ORD_04490,CUST_0214,PROD_039,2023-05-17,3,176.9,530.7
ORD_01483,CUST_0380,PROD_049,2023-05-17,5,347.25,1736.25
ORD_00890,CUST_0949,PROD_016,2023-05-18,2,396.6,793.2
ORD_04872,CUST_0327,PROD_007,2023-05-18,5,178.15,890.75
ORD_01942,CUST_0525,PROD_023,2023-05-18,5,166.24,831.2
ORD_01220,CUST_0313,PROD_036,2023-05-18,5,22.47,112.35
ORD_04509,CUST_0630,PROD_032,2023-05-18,2,79.87,159.74
ORD_01491,CUST_0113,PROD_024,2023-05-18,4,295.28,1181.12
ORD_04879,CUST_0983,PROD_045,2023-05-18,4,188.65,754.6
ORD_02986,CUST_0327,PROD_049,2023-05-18,2,347.25,694.5
ORD_00249,CUST_0501,PROD_050,2023-05-18,4,78.87,315.48
ORD_03530,CUST_0875,PROD_013,2023-05-18,2,339.75,679.5
ORD_01737,CUST_0603,PROD_010,2023-05-18,2,424.35,848.7
ORD_02975,CUST_0543,PROD_014,2023-05-19,5,144.94,724.7
ORD_03956,CUST_0557,PROD_003,2023-05-19,5,292.83,1464.1499999999999
ORD_04611,CUST_0792,PROD_012,2023-05-19,3,220.67,662.01
ORD_01648,CUST_0346,PROD_001,2023-05-19,2,154.57,309.14
ORD_00403,CUST_0246,PROD_002,2023-05-19,5,248.14,1240.6999999999998
ORD_04894,CUST_0191,PROD_010,2023-05-19,4,424.35,1697.4
ORD_00226,CUST_0041,PROD_004,2023-05-19,3,31.43,94.28999999999999
ORD_04778,CUST_0371,PROD_039,2023-05-19,2,176.9,353.8
ORD_02788,CUST_0070,PROD_041,2023-05-19,5,210.72,1053.6
ORD_03528,CUST_0311,PROD_002,2023-05-19,5,248.14,1240.6999999999998
ORD_03764,CUST_0461,PROD_025,2023-05-19,5,191.87,959.35
ORD_03220,CUST_0123,PROD_013,2023-05-19,2,339.75,679.5
ORD_00520,CUST_0166,PROD_023,2023-05-19,1,166.24,166.24
ORD_00305,CUST_0338,PROD_010,2023-05-19,1,424.35,424.35
ORD_03017,CUST_0263,PROD_002,2023-05-19,2,248.14,496.28
ORD_04371,CUST_0885,PROD_008,2023-05-20,1,367.3,367.3
ORD_04954,CUST_0749,PROD_047,2023-05-20,2,494.14,988.28
ORD_00239,CUST_0757,PROD_011,2023-05-20,1,349.32,349.32
ORD_02799,CUST_0482,PROD_043,2023-05-20,2,341.79,683.58
ORD_00738,CUST_0773,PROD_033,2023-05-20,5,446.15,2230.75
ORD_01011,CUST_0576,PROD_035,2023-05-20,2,85.69,171.38
ORD_02773,CUST_0021,PROD_002,2023-05-20,1,248.14,248.14
ORD_04563,CUST_0505,PROD_035,2023-05-20,5,85.69,428.45
ORD_04613,CUST_0225,PROD_009,2023-05-20,3,329.62,988.86
ORD_03718,CUST_0954,PROD_034,2023-05-20,3,179.48,538.4399999999999
ORD_04403,CUST_0224,PROD_034,2023-05-20,5,179.48,897.4
ORD_02086,CUST_0892,PROD_036,2023-05-20,3,22.47,67.41
ORD_03093,CUST_0078,PROD_004,2023-05-20,1,31.43,31.43
ORD_02242,CUST_0354,PROD_028,2023-05-20,1,347.32,347.32
ORD_04100,CUST_0996,PROD_004,2023-05-20,5,31.43,157.15
ORD_01806,CUST_0729,PROD_020,2023-05-20,4,430.21,1720.84
ORD_01837,CUST_0442,PROD_010,2023-05-20,4,424.35,1697.4
ORD_00375,CUST_0557,PROD_025,2023-05-21,3,191.87,575.61
ORD_03172,CUST_0081,PROD_039,2023-05-21,4,176.9,707.6
ORD_02156,CUST_0715,PROD_039,2023-05-21,5,176.9,884.5
ORD_04208,CUST_0425,PROD_045,2023-05-21,3,188.65,565.95
ORD_02323,CUST_0664,PROD_013,2023-05-21,5,339.75,1698.75
ORD_00675,CUST_0118,PROD_025,2023-05-21,5,191.87,959.35
ORD_01104,CUST_0393,PROD_030,2023-05-21,2,91.76,183.52
ORD_00542,CUST_0119,PROD_025,2023-05-21,5,191.87,959.35
ORD_02522,CUST_0993,PROD_034,2023-05-21,2,179.48,358.96
ORD_04130,CUST_0061,PROD_041,2023-05-21,5,210.72,1053.6
ORD_00625,CUST_0985,PROD_007,2023-05-21,1,178.15,178.15
ORD_02706,CUST_0993,PROD_044,2023-05-21,2,306.83,613.66
ORD_04146,CUST_0497,PROD_010,2023-05-22,3,424.35,1273.0500000000002
ORD_01527,CUST_0747,PROD_007,2023-05-22,2,178.15,356.3
ORD_00373,CUST_0792,PROD_034,2023-05-22,4,179.48,717.92
ORD_02812,CUST_0371,PROD_008,2023-05-22,2,367.3,734.6
ORD_04407,CUST_0914,PROD_049,2023-05-22,4,347.25,1389.0
ORD_00487,CUST_0527,PROD_024,2023-05-22,5,295.28,1476.3999999999999
ORD_03821,CUST_0049,PROD_007,2023-05-22,5,178.15,890.75
ORD_01516,CUST_0220,PROD_027,2023-05-22,3,355.74,1067.22
ORD_04530,CUST_0626,PROD_049,2023-05-22,2,347.25,694.5
ORD_00386,CUST_0092,PROD_008,2023-05-22,3,367.3,1101.9
ORD_01738,CUST_0118,PROD_029,2023-05-23,1,193.53,193.53
ORD_01614,CUST_0516,PROD_006,2023-05-23,4,283.73,1134.92
ORD_03355,CUST_0984,PROD_019,2023-05-23,1,412.99,412.99
ORD_01058,CUST_0887,PROD_021,2023-05-23,4,459.15,1836.6
ORD_04015,CUST_0092,PROD_050,2023-05-23,1,78.87,78.87
ORD_01534,CUST_0951,PROD_050,2023-05-23,3,78.87,236.61
ORD_03877,CUST_0960,PROD_018,2023-05-23,2,401.21,802.42
ORD_04582,CUST_0319,PROD_046,2023-05-23,3,116.77,350.31
ORD_01717,CUST_0343,PROD_046,2023-05-23,1,116.77,116.77
ORD_01353,CUST_0525,PROD_037,2023-05-23,2,326.45,652.9
ORD_00773,CUST_0118,PROD_008,2023-05-23,2,367.3,734.6
ORD_02619,CUST_0603,PROD_007,2023-05-23,4,178.15,712.6
ORD_00787,CUST_0430,PROD_025,2023-05-23,5,191.87,959.35
ORD_04880,CUST_0677,PROD_016,2023-05-23,3,396.6,1189.8000000000002
ORD_00641,CUST_0826,PROD_003,2023-05-23,2,292.83,585.66
ORD_03453,CUST_0517,PROD_027,2023-05-23,1,355.74,355.74
ORD_04528,CUST_0460,PROD_041,2023-05-23,5,210.72,1053.6
ORD_03657,CUST_0141,PROD_033,2023-05-23,1,446.15,446.15
ORD_04692,CUST_0049,PROD_023,2023-05-24,2,166.24,332.48
ORD_02771,CUST_0104,PROD_038,2023-05-24,2,322.08,644.16
ORD_04045,CUST_0584,PROD_006,2023-05-24,1,283.73,283.73
ORD_00806,CUST_0484,PROD_025,2023-05-24,5,191.87,959.35
ORD_04489,CUST_0557,PROD_030,2023-05-24,4,91.76,367.04
ORD_03357,CUST_0888,PROD_027,2023-05-24,2,355.74,711.48
ORD_03365,CUST_0721,PROD_033,2023-05-24,5,446.15,2230.75
ORD_00337,CUST_0391,PROD_022,2023-05-24,2,221.18,442.36
ORD_01811,CUST_0157,PROD_021,2023-05-24,4,459.15,1836.6
ORD_02480,CUST_0567,PROD_046,2023-05-25,4,116.77,467.08
ORD_01100,CUST_0459,PROD_044,2023-05-25,2,306.83,613.66
ORD_00384,CUST_0644,PROD_006,2023-05-25,4,283.73,1134.92
ORD_02297,CUST_0643,PROD_043,2023-05-25,2,341.79,683.58
ORD_02184,CUST_0462,PROD_038,2023-05-25,5,322.08,1610.3999999999999
ORD_03341,CUST_0307,PROD_012,2023-05-25,2,220.67,441.34
ORD_04977,CUST_0573,PROD_050,2023-05-25,5,78.87,394.35
ORD_02599,CUST_0794,PROD_013,2023-05-25,1,339.75,339.75
ORD_01590,CUST_0460,PROD_013,2023-05-25,1,339.75,339.75
ORD_04277,CUST_0309,PROD_020,2023-05-26,1,430.21,430.21
ORD_01283,CUST_0427,PROD_020,2023-05-26,2,430.21,860.42
ORD_04765,CUST_0227,PROD_024,2023-05-26,2,295.28,590.56
ORD_04515,CUST_0863,PROD_020,2023-05-26,3,430.21,1290.6299999999999
ORD_02274,CUST_0745,PROD_038,2023-05-26,4,322.08,1288.32
ORD_00561,CUST_0277,PROD_009,2023-05-26,2,329.62,659.24
ORD_04452,CUST_0608,PROD_027,2023-05-26,2,355.74,711.48
ORD_04114,CUST_0590,PROD_012,2023-05-26,3,220.67,662.01
ORD_04436,CUST_0480,PROD_045,2023-05-26,5,188.65,943.25
ORD_03996,CUST_0984,PROD_019,2023-05-26,1,412.99,412.99
ORD_02259,CUST_0859,PROD_012,2023-05-26,1,220.67,220.67
ORD_00928,CUST_0211,PROD_005,2023-05-26,1,70.27,70.27
ORD_00292,CUST_0856,PROD_047,2023-05-26,5,494.14,2470.7
ORD_04058,CUST_0333,PROD_037,2023-05-27,1,326.45,326.45
ORD_03906,CUST_0640,PROD_024,2023-05-27,5,295.28,1476.3999999999999
ORD_04631,CUST_0042,PROD_018,2023-05-27,1,401.21,401.21
ORD_00050,CUST_0142,PROD_033,2023-05-27,2,446.15,892.3
ORD_03252,CUST_0732,PROD_048,2023-05-27,4,232.46,929.84
ORD_01861,CUST_0300,PROD_017,2023-05-27,2,228.75,457.5
ORD_03951,CUST_0527,PROD_033,2023-05-27,4,446.15,1784.6
ORD_00394,CUST_0983,PROD_023,2023-05-27,5,166.24,831.2
ORD_02133,CUST_0606,PROD_012,2023-05-27,3,220.67,662.01
ORD_04446,CUST_0225,PROD_003,2023-05-28,1,292.83,292.83
ORD_00274,CUST_0548,PROD_047,2023-05-28,5,494.14,2470.7
ORD_04272,CUST_0468,PROD_011,2023-05-28,2,349.32,698.64
ORD_02587,CUST_0474,PROD_048,2023-05-28,2,232.46,464.92
ORD_00230,CUST_0916,PROD_041,2023-05-28,3,210.72,632.16
ORD_00647,CUST_0894,PROD_048,2023-05-28,5,232.46,1162.3
ORD_03883,CUST_0144,PROD_024,2023-05-28,3,295.28,885.8399999999999
ORD_01698,CUST_0981,PROD_045,2023-05-28,3,188.65,565.95
ORD_04265,CUST_0735,PROD_001,2023-06-01,1,154.57,154.57
ORD_01322,CUST_0935,PROD_047,2023-06-01,3,494.14,1482.42
ORD_00234,CUST_0141,PROD_007,2023-06-01,5,178.15,890.75
ORD_00574,CUST_0940,PROD_046,2023-06-01,3,116.77,350.31
ORD_03075,CUST_0963,PROD_014,2023-06-01,4,144.94,579.76
ORD_04624,CUST_0090,PROD_027,2023-06-01,4,355.74,1422.96
ORD_04200,CUST_0165,PROD_040,2023-06-01,3,45.14,135.42000000000002
ORD_03395,CUST_0725,PROD_043,2023-06-01,4,341.79,1367.16
ORD_04052,CUST_0371,PROD_041,2023-06-01,2,210.72,421.44
ORD_01596,CUST_0855,PROD_048,2023-06-01,4,232.46,929.84
ORD_03856,CUST_0380,PROD_014,2023-06-01,5,144.94,724.7
ORD_04942,CUST_0536,PROD_019,2023-06-02,1,412.99,412.99
ORD_03281,CUST_0664,PROD_023,2023-06-02,3,166.24,498.72
ORD_03132,CUST_0263,PROD_011,2023-06-02,3,349.32,1047.96
ORD_01640,CUST_0795,PROD_017,2023-06-02,3,228.75,686.25
ORD_02628,CUST_0873,PROD_024,2023-06-02,3,295.28,885.8399999999999
ORD_02095,CUST_0495,PROD_016,2023-06-02,1,396.6,396.6
ORD_00421,CUST_0826,PROD_048,2023-06-02,2,232.46,464.92
ORD_02529,CUST_0394,PROD_030,2023-06-02,5,91.76,458.8
ORD_00920,CUST_0118,PROD_015,2023-06-02,5,160.09,800.45
ORD_02800,CUST_0113,PROD_021,2023-06-02,4,459.15,1836.6
ORD_02267,CUST_0695,PROD_022,2023-06-02,4,221.18,884.72
ORD_02132,CUST_0828,PROD_009,2023-06-03,1,329.62,329.62
ORD_02322,CUST_0523,PROD_016,2023-06-03,3,396.6,1189.8000000000002
ORD_00503,CUST_0981,PROD_008,2023-06-03,3,367.3,1101.9
ORD_00400,CUST_0442,PROD_010,2023-06-03,4,424.35,1697.4
ORD_02035,CUST_0346,PROD_036,2023-06-03,3,22.47,67.41
ORD_00170,CUST_0841,PROD_009,2023-06-03,2,329.62,659.24
ORD_01238,CUST_0157,PROD_003,2023-06-03,4,292.83,1171.32
ORD_01749,CUST_0594,PROD_028,2023-06-03,2,347.32,694.64
ORD_00233,CUST_0745,PROD_043,2023-06-03,4,341.79,1367.16
ORD_02091,CUST_0225,PROD_037,2023-06-03,1,326.45,326.45
ORD_02209,CUST_0092,PROD_014,2023-06-03,1,144.94,144.94
ORD_00496,CUST_0310,PROD_012,2023-06-03,5,220.67,1103.35
ORD_00537,CUST_0148,PROD_027,2023-06-03,3,355.74,1067.22
ORD_00796,CUST_0527,PROD_031,2023-06-03,4,220.96,883.84
ORD_02980,CUST_0397,PROD_013,2023-06-03,4,339.75,1359.0
ORD_04712,CUST_0640,PROD_026,2023-06-03,4,304.53,1218.12
ORD_02069,CUST_0802,PROD_011,2023-06-03,5,349.32,1746.6
ORD_02505,CUST_0991,PROD_027,2023-06-03,5,355.74,1778.7
ORD_00777,CUST_0678,PROD_026,2023-06-03,2,304.53,609.06
ORD_02235,CUST_0023,PROD_044,2023-06-04,2,306.83,613.66
ORD_03858,CUST_0355,PROD_050,2023-06-04,1,78.87,78.87
ORD_03872,CUST_0601,PROD_035,2023-06-04,2,85.69,171.38
ORD_04625,CUST_0269,PROD_031,2023-06-04,1,220.96,220.96
ORD_00261,CUST_0714,PROD_019,2023-06-04,2,412.99,825.98
ORD_00465,CUST_0157,PROD_022,2023-06-04,1,221.18,221.18
ORD_04367,CUST_0906,PROD_044,2023-06-04,2,306.83,613.66
ORD_04699,CUST_0485,PROD_041,2023-06-04,2,210.72,421.44
ORD_00817,CUST_0453,PROD_040,2023-06-04,4,45.14,180.56
ORD_03719,CUST_0285,PROD_029,2023-06-04,2,193.53,387.06
ORD_03491,CUST_0040,PROD_041,2023-06-04,1,210.72,210.72
ORD_02939,CUST_0011,PROD_026,2023-06-04,4,304.53,1218.12
ORD_01197,CUST_0968,PROD_026,2023-06-04,2,304.53,609.06
ORD_02536,CUST_0011,PROD_008,2023-06-04,5,367.3,1836.5
ORD_00601,CUST_0680,PROD_020,2023-06-05,2,430.21,860.42
ORD_01184,CUST_0628,PROD_045,2023-06-05,1,188.65,188.65
ORD_02608,CUST_0085,PROD_019,2023-06-05,5,412.99,2064.95
ORD_04155,CUST_0926,PROD_031,2023-06-05,2,220.96,441.92
ORD_04346,CUST_0889,PROD_031,2023-06-05,1,220.96,220.96
ORD_01610,CUST_0425,PROD_048,2023-06-05,4,232.46,929.84
ORD_03193,CUST_0514,PROD_016,2023-06-05,2,396.6,793.2
ORD_03724,CUST_0724,PROD_025,2023-06-05,4,191.87,767.48
ORD_00518,CUST_0108,PROD_028,2023-06-05,2,347.32,694.64
ORD_03444,CUST_0325,PROD_043,2023-06-05,3,341.79,1025.3700000000001
ORD_01619,CUST_0306,PROD_020,2023-06-05,4,430.21,1720.84
ORD_02107,CUST_0102,PROD_025,2023-06-05,4,191.87,767.48
ORD_03427,CUST_0144,PROD_022,2023-06-05,1,221.18,221.18
ORD_03732,CUST_0259,PROD_022,2023-06-05,5,221.18,1105.9
ORD_02646,CUST_0477,PROD_046,2023-06-06,4,116.77,467.08
ORD_03914,CUST_0180,PROD_005,2023-06-06,1,70.27,70.27
ORD_00273,CUST_0664,PROD_015,2023-06-06,3,160.09,480.27
ORD_02589,CUST_0630,PROD_019,2023-06-06,1,412.99,412.99
ORD_00479,CUST_0737,PROD_033,2023-06-06,5,446.15,2230.75
ORD_01137,CUST_0656,PROD_005,2023-06-06,1,70.27,70.27
ORD_00975,CUST_0974,PROD_012,2023-06-06,1,220.67,220.67
ORD_02550,CUST_0958,PROD_033,2023-06-06,2,446.15,892.3
ORD_00223,CUST_0087,PROD_016,2023-06-06,3,396.6,1189.8000000000002
ORD_00772,CUST_0319,PROD_029,2023-06-06,2,193.53,387.06
ORD_00736,CUST_0391,PROD_025,2023-06-06,4,191.87,767.48
ORD_04986,CUST_0433,PROD_022,2023-06-07,4,221.18,884.72
ORD_04315,CUST_0088,PROD_015,2023-06-07,3,160.09,480.27
ORD_00032,CUST_0996,PROD_024,2023-06-07,2,295.28,590.56
ORD_03051,CUST_0960,PROD_040,2023-06-07,1,45.14,45.14
ORD_00119,CUST_0282,PROD_017,2023-06-07,4,228.75,915.0
ORD_03907,CUST_0429,PROD_015,2023-06-07,1,160.09,160.09
ORD_01601,CUST_0522,PROD_039,2023-06-07,2,176.9,353.8
ORD_04013,CUST_0456,PROD_032,2023-06-07,3,79.87,239.61
ORD_02157,CUST_0838,PROD_036,2023-06-07,3,22.47,67.41
ORD_00385,CUST_0517,PROD_019,2023-06-08,2,412.99,825.98
ORD_02287,CUST_0991,PROD_039,2023-06-08,1,176.9,176.9
ORD_00835,CUST_0245,PROD_013,2023-06-08,2,339.75,679.5
ORD_00591,CUST_0745,PROD_032,2023-06-08,1,79.87,79.87
ORD_01473,CUST_0098,PROD_011,2023-06-08,1,349.32,349.32
ORD_01244,CUST_0157,PROD_019,2023-06-08,1,412.99,412.99
ORD_03965,CUST_0516,PROD_028,2023-06-08,4,347.32,1389.28
ORD_04798,CUST_0142,PROD_031,2023-06-08,5,220.96,1104.8
ORD_00687,CUST_0250,PROD_049,2023-06-08,5,347.25,1736.25
ORD_02398,CUST_0400,PROD_025,2023-06-08,1,191.87,191.87
ORD_03676,CUST_0595,PROD_001,2023-06-09,1,154.57,154.57
ORD_00104,CUST_0948,PROD_024,2023-06-09,5,295.28,1476.3999999999999
ORD_01257,CUST_0656,PROD_024,2023-06-09,4,295.28,1181.12
ORD_04420,CUST_0396,PROD_028,2023-06-09,3,347.32,1041.96
ORD_04281,CUST_0250,PROD_031,2023-06-09,4,220.96,883.84
ORD_02106,CUST_0755,PROD_031,2023-06-09,5,220.96,1104.8
ORD_00597,CUST_0665,PROD_032,2023-06-09,5,79.87,399.35
ORD_00874,CUST_0574,PROD_030,2023-06-09,4,91.76,367.04
ORD_02298,CUST_0915,PROD_028,2023-06-09,2,347.32,694.64
ORD_02938,CUST_0692,PROD_017,2023-06-09,2,228.75,457.5
ORD_01327,CUST_0375,PROD_019,2023-06-09,5,412.99,2064.95
ORD_03110,CUST_0208,PROD_021,2023-06-10,4,459.15,1836.6
ORD_04522,CUST_0336,PROD_002,2023-06-10,1,248.14,248.14
ORD_00112,CUST_0092,PROD_008,2023-06-10,4,367.3,1469.2
ORD_01240,CUST_0704,PROD_046,2023-06-10,2,116.77,233.54
ORD_00141,CUST_0561,PROD_017,2023-06-10,1,228.75,228.75
ORD_02944,CUST_0983,PROD_025,2023-06-10,2,191.87,383.74
ORD_00857,CUST_0807,PROD_009,2023-06-10,2,329.62,659.24
ORD_00864,CUST_0561,PROD_048,2023-06-10,2,232.46,464.92
ORD_02207,CUST_0538,PROD_043,2023-06-10,3,341.79,1025.3700000000001
ORD_03636,CUST_0021,PROD_040,2023-06-10,4,45.14,180.56
ORD_04081,CUST_0335,PROD_050,2023-06-10,5,78.87,394.35
ORD_02692,CUST_0914,PROD_043,2023-06-11,4,341.79,1367.16
ORD_03196,CUST_0523,PROD_006,2023-06-11,4,283.73,1134.92
ORD_00721,CUST_0648,PROD_050,2023-06-11,3,78.87,236.61
ORD_03895,CUST_0835,PROD_024,2023-06-11,1,295.28,295.28
ORD_02319,CUST_0820,PROD_005,2023-06-11,1,70.27,70.27
ORD_03665,CUST_0554,PROD_044,2023-06-11,4,306.83,1227.32
ORD_03305,CUST_0085,PROD_006,2023-06-11,2,283.73,567.46
ORD_03730,CUST_0118,PROD_021,2023-06-11,4,459.15,1836.6
ORD_03627,CUST_0525,PROD_001,2023-06-12,5,154.57,772.8499999999999
ORD_01775,CUST_0663,PROD_007,2023-06-12,5,178.15,890.75
ORD_01777,CUST_0948,PROD_044,2023-06-12,1,306.83,306.83
ORD_04596,CUST_0250,PROD_018,2023-06-12,1,401.21,401.21
ORD_00534,CUST_0019,PROD_017,2023-06-12,4,228.75,915.0
ORD_04230,CUST_0329,PROD_015,2023-06-12,4,160.09,640.36
ORD_02472,CUST_0996,PROD_028,2023-06-12,1,347.32,347.32
ORD_02567,CUST_0525,PROD_026,2023-06-12,3,304.53,913.5899999999999
ORD_00510,CUST_0390,PROD_014,2023-06-12,2,144.94,289.88
ORD_01954,CUST_0994,PROD_008,2023-06-12,5,367.3,1836.5
ORD_01558,CUST_0414,PROD_049,2023-06-12,3,347.25,1041.75
ORD_04641,CUST_0975,PROD_033,2023-06-13,2,446.15,892.3
ORD_02494,CUST_0602,PROD_024,2023-06-13,5,295.28,1476.3999999999999
ORD_02632,CUST_0144,PROD_014,2023-06-13,5,144.94,724.7
ORD_01564,CUST_0432,PROD_023,2023-06-13,5,166.24,831.2
ORD_02995,CUST_0326,PROD_044,2023-06-13,2,306.83,613.66
ORD_00030,CUST_0516,PROD_040,2023-06-13,4,45.14,180.56
ORD_03412,CUST_0981,PROD_042,2023-06-13,5,162.5,812.5
ORD_02642,CUST_0387,PROD_032,2023-06-13,3,79.87,239.61
ORD_01644,CUST_0644,PROD_042,2023-06-13,5,162.5,812.5
ORD_00159,CUST_0318,PROD_005,2023-06-13,4,70.27,281.08
ORD_00685,CUST_0016,PROD_010,2023-06-13,2,424.35,848.7
ORD_00917,CUST_0081,PROD_015,2023-06-13,1,160.09,160.09
ORD_00447,CUST_0391,PROD_044,2023-06-13,2,306.83,613.66
ORD_03322,CUST_0343,PROD_012,2023-06-13,4,220.67,882.68
ORD_00150,CUST_0823,PROD_039,2023-06-14,2,176.9,353.8
ORD_02647,CUST_0853,PROD_033,2023-06-14,3,446.15,1338.4499999999998
ORD_04978,CUST_0086,PROD_047,2023-06-14,4,494.14,1976.56
ORD_02384,CUST_0785,PROD_041,2023-06-14,2,210.72,421.44
ORD_02997,CUST_0502,PROD_023,2023-06-14,5,166.24,831.2
ORD_00791,CUST_0116,PROD_013,2023-06-14,5,339.75,1698.75
ORD_01903,CUST_0501,PROD_013,2023-06-14,3,339.75,1019.25
ORD_03450,CUST_0917,PROD_029,2023-06-14,3,193.53,580.59
ORD_03600,CUST_0795,PROD_046,2023-06-14,5,116.77,583.85
ORD_02888,CUST_0312,PROD_050,2023-06-14,4,78.87,315.48
ORD_03168,CUST_0552,PROD_041,2023-06-14,1,210.72,210.72
ORD_01745,CUST_0170,PROD_047,2023-06-14,2,494.14,988.28
ORD_00455,CUST_0395,PROD_010,2023-06-14,3,424.35,1273.0500000000002
ORD_03788,CUST_0958,PROD_004,2023-06-14,3,31.43,94.28999999999999
ORD_02018,CUST_0701,PROD_003,2023-06-15,1,292.83,292.83
ORD_01355,CUST_0865,PROD_004,2023-06-15,1,31.43,31.43
ORD_02767,CUST_0184,PROD_050,2023-06-15,1,78.87,78.87
ORD_01167,CUST_0985,PROD_037,2023-06-15,5,326.45,1632.25
ORD_00623,CUST_0142,PROD_016,2023-06-15,3,396.6,1189.8000000000002
ORD_02871,CUST_0747,PROD_029,2023-06-15,1,193.53,193.53
ORD_01674,CUST_0495,PROD_009,2023-06-15,3,329.62,988.86
ORD_00952,CUST_0514,PROD_020,2023-06-15,5,430.21,2151.0499999999997
ORD_01059,CUST_0915,PROD_010,2023-06-15,2,424.35,848.7
ORD_04162,CUST_0732,PROD_037,2023-06-15,5,326.45,1632.25
ORD_01255,CUST_0095,PROD_048,2023-06-15,5,232.46,1162.3
ORD_00742,CUST_0358,PROD_038,2023-06-16,1,322.08,322.08
ORD_04286,CUST_0673,PROD_006,2023-06-16,4,283.73,1134.92
ORD_04607,CUST_0442,PROD_020,2023-06-16,1,430.21,430.21
ORD_03932,CUST_0477,PROD_050,2023-06-16,3,78.87,236.61
ORD_01620,CUST_0517,PROD_013,2023-06-16,2,339.75,679.5
ORD_01653,CUST_0722,PROD_049,2023-06-16,3,347.25,1041.75
ORD_02458,CUST_0568,PROD_037,2023-06-16,3,326.45,979.3499999999999
ORD_02701,CUST_0929,PROD_018,2023-06-16,1,401.21,401.21
ORD_02275,CUST_0487,PROD_021,2023-06-17,2,459.15,918.3
ORD_00718,CUST_0003,PROD_013,2023-06-17,3,339.75,1019.25
ORD_02423,CUST_0786,PROD_020,2023-06-17,5,430.21,2151.0499999999997
ORD_03342,CUST_0081,PROD_011,2023-06-17,3,349.32,1047.96
ORD_04494,CUST_0995,PROD_044,2023-06-17,5,306.83,1534.1499999999999
ORD_00393,CUST_0252,PROD_023,2023-06-17,5,166.24,831.2
ORD_04730,CUST_0685,PROD_015,2023-06-17,1,160.09,160.09
ORD_00437,CUST_0699,PROD_033,2023-06-17,5,446.15,2230.75
ORD_00649,CUST_0294,PROD_040,2023-06-17,3,45.14,135.42000000000002
ORD_01588,CUST_0574,PROD_032,2023-06-17,4,79.87,319.48
ORD_00710,CUST_0515,PROD_021,2023-06-18,4,459.15,1836.6
ORD_04062,CUST_0502,PROD_019,2023-06-18,1,412.99,412.99
ORD_00705,CUST_0925,PROD_040,2023-06-18,2,45.14,90.28
ORD_01884,CUST_0118,PROD_008,2023-06-18,3,367.3,1101.9
ORD_04300,CUST_0371,PROD_007,2023-06-18,2,178.15,356.3
ORD_03020,CUST_0951,PROD_044,2023-06-18,1,306.83,306.83
ORD_01067,CUST_0572,PROD_004,2023-06-18,1,31.43,31.43
ORD_02194,CUST_0574,PROD_004,2023-06-18,1,31.43,31.43
ORD_01359,CUST_0011,PROD_047,2023-06-18,4,494.14,1976.56
ORD_01536,CUST_0727,PROD_021,2023-06-18,3,459.15,1377.4499999999998
ORD_00568,CUST_0414,PROD_012,2023-06-18,1,220.67,220.67
ORD_02868,CUST_0180,PROD_007,2023-06-18,3,178.15,534.45
ORD_04910,CUST_0680,PROD_025,2023-06-18,2,191.87,383.74
ORD_02130,CUST_0632,PROD_009,2023-06-18,3,329.62,988.86
ORD_01261,CUST_0715,PROD_040,2023-06-18,4,45.14,180.56
ORD_01032,CUST_0390,PROD_022,2023-06-18,1,221.18,221.18
ORD_04169,CUST_0657,PROD_002,2023-06-19,5,248.14,1240.6999999999998
ORD_04349,CUST_0591,PROD_009,2023-06-19,3,329.62,988.86
ORD_01650,CUST_0929,PROD_004,2023-06-19,4,31.43,125.72
ORD_00834,CUST_0945,PROD_031,2023-06-19,1,220.96,220.96
ORD_00017,CUST_0872,PROD_047,2023-06-19,5,494.14,2470.7
ORD_03201,CUST_0239,PROD_007,2023-06-19,2,178.15,356.3
ORD_01226,CUST_0648,PROD_048,2023-06-19,2,232.46,464.92
ORD_03515,CUST_0391,PROD_007,2023-06-19,3,178.15,534.45
ORD_00692,CUST_0160,PROD_024,2023-06-19,2,295.28,590.56
ORD_00905,CUST_0712,PROD_023,2023-06-19,4,166.24,664.96
ORD_01060,CUST_0995,PROD_024,2023-06-19,4,295.28,1181.12
ORD_03837,CUST_0148,PROD_011,2023-06-19,4,349.32,1397.28
ORD_02643,CUST_0856,PROD_044,2023-06-19,1,306.83,306.83
ORD_01213,CUST_0954,PROD_005,2023-06-19,3,70.27,210.81
ORD_03383,CUST_0455,PROD_022,2023-06-20,4,221.18,884.72
ORD_03121,CUST_0931,PROD_010,2023-06-20,5,424.35,2121.75
ORD_01007,CUST_0334,PROD_038,2023-06-20,3,322.08,966.24
ORD_01761,CUST_0021,PROD_011,2023-06-20,5,349.32,1746.6
ORD_01933,CUST_0976,PROD_050,2023-06-20,4,78.87,315.48
ORD_04179,CUST_0179,PROD_034,2023-06-20,3,179.48,538.4399999999999
ORD_02817,CUST_0774,PROD_024,2023-06-20,5,295.28,1476.3999999999999
ORD_01699,CUST_0983,PROD_006,2023-06-20,5,283.73,1418.65
ORD_01457,CUST_0574,PROD_046,2023-06-20,3,116.77,350.31
ORD_04508,CUST_0394,PROD_020,2023-06-20,5,430.21,2151.0499999999997
ORD_00156,CUST_0653,PROD_035,2023-06-20,2,85.69,171.38
ORD_00236,CUST_0419,PROD_004,2023-06-21,4,31.43,125.72
ORD_04161,CUST_0131,PROD_015,2023-06-21,1,160.09,160.09
ORD_03286,CUST_0357,PROD_047,2023-06-21,1,494.14,494.14
ORD_04857,CUST_0589,PROD_022,2023-06-21,5,221.18,1105.9
ORD_04330,CUST_0149,PROD_040,2023-06-21,5,45.14,225.7
ORD_04600,CUST_0432,PROD_010,2023-06-21,1,424.35,424.35
ORD_03100,CUST_0777,PROD_048,2023-06-21,3,232.46,697.38
ORD_04357,CUST_0092,PROD_026,2023-06-22,2,304.53,609.06
ORD_03855,CUST_0178,PROD_032,2023-06-22,5,79.87,399.35
ORD_02813,CUST_0095,PROD_011,2023-06-22,3,349.32,1047.96
ORD_03384,CUST_0288,PROD_016,2023-06-22,5,396.6,1983.0
ORD_02886,CUST_0076,PROD_041,2023-06-22,5,210.72,1053.6
ORD_04804,CUST_0495,PROD_006,2023-06-22,1,283.73,283.73
ORD_00645,CUST_0814,PROD_022,2023-06-22,1,221.18,221.18
ORD_01046,CUST_0124,PROD_050,2023-06-23,4,78.87,315.48
ORD_04414,CUST_0865,PROD_003,2023-06-23,5,292.83,1464.1499999999999
ORD_04247,CUST_0461,PROD_044,2023-06-23,5,306.83,1534.1499999999999
ORD_03343,CUST_0004,PROD_048,2023-06-23,1,232.46,232.46
ORD_03942,CUST_0531,PROD_044,2023-06-23,5,306.83,1534.1499999999999
ORD_01770,CUST_0831,PROD_003,2023-06-23,2,292.83,585.66
ORD_03540,CUST_0460,PROD_048,2023-06-23,5,232.46,1162.3
ORD_04975,CUST_0984,PROD_005,2023-06-23,3,70.27,210.81
ORD_01519,CUST_0409,PROD_036,2023-06-23,4,22.47,89.88
ORD_04912,CUST_0427,PROD_007,2023-06-23,3,178.15,534.45
ORD_01234,CUST_0727,PROD_036,2023-06-23,1,22.47,22.47
ORD_02582,CUST_0484,PROD_020,2023-06-23,4,430.21,1720.84
ORD_02847,CUST_0838,PROD_041,2023-06-23,3,210.72,632.16
ORD_00972,CUST_0549,PROD_017,2023-06-23,4,228.75,915.0
ORD_00530,CUST_0907,PROD_019,2023-06-23,5,412.99,2064.95
ORD_02716,CUST_0305,PROD_013,2023-06-23,1,339.75,339.75
ORD_04556,CUST_0032,PROD_016,2023-06-23,4,396.6,1586.4
ORD_03628,CUST_0648,PROD_042,2023-06-24,4,162.5,650.0
ORD_01808,CUST_0060,PROD_049,2023-06-24,1,347.25,347.25
ORD_04930,CUST_0540,PROD_014,2023-06-24,3,144.94,434.82
ORD_02427,CUST_0580,PROD_011,2023-06-24,1,349.32,349.32
ORD_01305,CUST_0574,PROD_022,2023-06-24,4,221.18,884.72
ORD_00391,CUST_0814,PROD_029,2023-06-24,5,193.53,967.65
ORD_01887,CUST_0415,PROD_024,2023-06-24,2,295.28,590.56
ORD_01878,CUST_0705,PROD_041,2023-06-25,2,210.72,421.44
ORD_03451,CUST_0972,PROD_047,2023-06-25,5,494.14,2470.7
ORD_04212,CUST_0673,PROD_014,2023-06-25,5,144.94,724.7
ORD_04726,CUST_0980,PROD_035,2023-06-25,4,85.69,342.76
ORD_04461,CUST_0950,PROD_049,2023-06-25,4,347.25,1389.0
ORD_01540,CUST_0050,PROD_027,2023-06-25,5,355.74,1778.7
ORD_02119,CUST_0532,PROD_035,2023-06-25,1,85.69,85.69
ORD_02627,CUST_0116,PROD_015,2023-06-25,2,160.09,320.18
ORD_02891,CUST_0474,PROD_024,2023-06-25,1,295.28,295.28
ORD_01621,CUST_0548,PROD_047,2023-06-25,5,494.14,2470.7
ORD_00598,CUST_0058,PROD_020,2023-06-26,2,430.21,860.42
ORD_02707,CUST_0259,PROD_004,2023-06-26,2,31.43,62.86
ORD_01132,CUST_0285,PROD_027,2023-06-26,3,355.74,1067.22
ORD_02976,CUST_0729,PROD_041,2023-06-26,2,210.72,421.44
ORD_02878,CUST_0435,PROD_025,2023-06-26,5,191.87,959.35
ORD_01615,CUST_0252,PROD_034,2023-06-26,2,179.48,358.96
ORD_01885,CUST_0455,PROD_049,2023-06-26,2,347.25,694.5
ORD_03127,CUST_0449,PROD_033,2023-06-26,1,446.15,446.15
ORD_00079,CUST_0077,PROD_039,2023-06-26,4,176.9,707.6
ORD_03388,CUST_0515,PROD_014,2023-06-26,3,144.94,434.82
ORD_04893,CUST_0041,PROD_044,2023-06-26,4,306.83,1227.32
ORD_02444,CUST_0747,PROD_045,2023-06-26,1,188.65,188.65
ORD_01097,CUST_0565,PROD_044,2023-06-26,3,306.83,920.49
ORD_00247,CUST_0593,PROD_046,2023-06-26,4,116.77,467.08
ORD_04102,CUST_0100,PROD_015,2023-06-26,4,160.09,640.36
ORD_00459,CUST_0387,PROD_022,2023-06-26,5,221.18,1105.9
ORD_02630,CUST_0116,PROD_031,2023-06-26,2,220.96,441.92
ORD_00578,CUST_0877,PROD_042,2023-06-26,3,162.5,487.5
ORD_03385,CUST_0978,PROD_032,2023-06-27,2,79.87,159.74
ORD_02902,CUST_0263,PROD_017,2023-06-27,3,228.75,686.25
ORD_00672,CUST_0733,PROD_034,2023-06-27,3,179.48,538.4399999999999
ORD_01530,CUST_0424,PROD_016,2023-06-27,3,396.6,1189.8000000000002
ORD_03359,CUST_0100,PROD_039,2023-06-27,3,176.9,530.7
ORD_03268,CUST_0516,PROD_018,2023-06-27,1,401.21,401.21
ORD_02537,CUST_0665,PROD_034,2023-06-27,5,179.48,897.4
ORD_00951,CUST_0751,PROD_004,2023-06-27,5,31.43,157.15
ORD_03994,CUST_0212,PROD_025,2023-06-27,2,191.87,383.74
ORD_00545,CUST_0931,PROD_039,2023-06-27,4,176.9,707.6
ORD_02351,CUST_0951,PROD_038,2023-06-27,1,322.08,322.08
ORD_03083,CUST_0981,PROD_041,2023-06-27,1,210.72,210.72
ORD_03971,CUST_0991,PROD_042,2023-06-27,1,162.5,162.5
ORD_00028,CUST_0936,PROD_008,2023-06-27,1,367.3,367.3
ORD_04266,CUST_0980,PROD_012,2023-06-27,2,220.67,441.34
ORD_00684,CUST_0452,PROD_021,2023-06-28,2,459.15,918.3
ORD_03190,CUST_0574,PROD_043,2023-06-28,1,341.79,341.79
ORD_04243,CUST_0737,PROD_036,2023-06-28,2,22.47,44.94
ORD_03135,CUST_0543,PROD_023,2023-06-28,1,166.24,166.24
ORD_01041,CUST_0834,PROD_013,2023-06-28,4,339.75,1359.0
ORD_01063,CUST_0656,PROD_021,2023-06-28,2,459.15,918.3
ORD_00939,CUST_0778,PROD_027,2023-06-28,4,355.74,1422.96
ORD_03547,CUST_0685,PROD_007,2023-06-28,5,178.15,890.75
ORD_04598,CUST_0040,PROD_027,2023-06-28,2,355.74,711.48
ORD_03417,CUST_0663,PROD_047,2023-06-28,1,494.14,494.14
ORD_03816,CUST_0098,PROD_005,2023-06-28,2,70.27,140.54
ORD_01998,CUST_0515,PROD_030,2023-06-28,4,91.76,367.04
ORD_00349,CUST_0108,PROD_015,2023-06-28,1,160.09,160.09
ORD_02839,CUST_0451,PROD_003,2023-06-28,2,292.83,585.66
ORD_00517,CUST_0670,PROD_047,2023-06-28,1,494.14,494.14
ORD_02277,CUST_0130,PROD_002,2023-06-28,1,248.14,248.14
ORD_04756,CUST_0669,PROD_037,2023-06-28,2,326.45,652.9
ORD_04882,CUST_0176,PROD_031,2023-06-28,3,220.96,662.88
ORD_04907,CUST_0865,PROD_024,2023-07-01,2,295.28,590.56
ORD_03888,CUST_0623,PROD_033,2023-07-01,3,446.15,1338.4499999999998
ORD_04905,CUST_0875,PROD_039,2023-07-01,1,176.9,176.9
ORD_01662,CUST_0079,PROD_022,2023-07-01,5,221.18,1105.9
ORD_04448,CUST_0183,PROD_009,2023-07-01,2,329.62,659.24
ORD_04742,CUST_0953,PROD_029,2023-07-01,1,193.53,193.53
ORD_04856,CUST_0371,PROD_047,2023-07-02,2,494.14,988.28
ORD_01319,CUST_0108,PROD_031,2023-07-02,5,220.96,1104.8
ORD_01958,CUST_0158,PROD_010,2023-07-02,4,424.35,1697.4
ORD_04419,CUST_0189,PROD_006,2023-07-02,4,283.73,1134.92
ORD_02320,CUST_0354,PROD_048,2023-07-02,2,232.46,464.92
ORD_02861,CUST_0064,PROD_045,2023-07-02,3,188.65,565.95
ORD_04542,CUST_0058,PROD_014,2023-07-02,1,144.94,144.94
ORD_02816,CUST_0991,PROD_047,2023-07-03,5,494.14,2470.7
ORD_01713,CUST_0922,PROD_046,2023-07-03,2,116.77,233.54
ORD_02807,CUST_0375,PROD_040,2023-07-03,3,45.14,135.42000000000002
ORD_02805,CUST_0140,PROD_043,2023-07-03,5,341.79,1708.95
ORD_01953,CUST_0505,PROD_033,2023-07-03,5,446.15,2230.75
ORD_04170,CUST_0387,PROD_027,2023-07-03,1,355.74,355.74
ORD_00618,CUST_0363,PROD_014,2023-07-03,2,144.94,289.88
ORD_00968,CUST_0495,PROD_042,2023-07-03,1,162.5,162.5
ORD_04176,CUST_0718,PROD_019,2023-07-03,1,412.99,412.99
ORD_02506,CUST_0652,PROD_019,2023-07-03,4,412.99,1651.96
ORD_04113,CUST_0355,PROD_044,2023-07-03,5,306.83,1534.1499999999999
ORD_03642,CUST_0470,PROD_016,2023-07-03,1,396.6,396.6
ORD_03736,CUST_0213,PROD_040,2023-07-03,5,45.14,225.7
ORD_04305,CUST_0216,PROD_043,2023-07-03,3,341.79,1025.3700000000001
ORD_03926,CUST_0263,PROD_018,2023-07-03,2,401.21,802.42
ORD_00927,CUST_0378,PROD_009,2023-07-03,3,329.62,988.86
ORD_04638,CUST_0123,PROD_035,2023-07-03,1,85.69,85.69
ORD_00449,CUST_0808,PROD_020,2023-07-04,5,430.21,2151.0499999999997
ORD_03885,CUST_0144,PROD_044,2023-07-04,1,306.83,306.83
ORD_00361,CUST_0343,PROD_034,2023-07-04,2,179.48,358.96
ORD_03688,CUST_0894,PROD_040,2023-07-04,3,45.14,135.42000000000002
ORD_03974,CUST_0325,PROD_011,2023-07-04,5,349.32,1746.6
ORD_03880,CUST_0074,PROD_038,2023-07-04,4,322.08,1288.32
ORD_04687,CUST_0427,PROD_023,2023-07-04,2,166.24,332.48
ORD_01494,CUST_0145,PROD_050,2023-07-04,1,78.87,78.87
ORD_04036,CUST_0249,PROD_012,2023-07-04,4,220.67,882.68
ORD_02502,CUST_0404,PROD_037,2023-07-05,3,326.45,979.3499999999999
ORD_04642,CUST_0677,PROD_014,2023-07-05,5,144.94,724.7
ORD_01311,CUST_0197,PROD_046,2023-07-05,5,116.77,583.85
ORD_03468,CUST_0260,PROD_026,2023-07-05,4,304.53,1218.12
ORD_00843,CUST_0145,PROD_034,2023-07-05,3,179.48,538.4399999999999
ORD_03678,CUST_0081,PROD_030,2023-07-05,4,91.76,367.04
ORD_02748,CUST_0838,PROD_012,2023-07-05,4,220.67,882.68
ORD_03596,CUST_0001,PROD_048,2023-07-05,5,232.46,1162.3
ORD_01333,CUST_0225,PROD_029,2023-07-05,4,193.53,774.12
ORD_00727,CUST_0651,PROD_042,2023-07-05,5,162.5,812.5
ORD_02221,CUST_0172,PROD_026,2023-07-05,5,304.53,1522.6499999999999
ORD_04587,CUST_0916,PROD_029,2023-07-05,2,193.53,387.06
ORD_03706,CUST_0064,PROD_030,2023-07-05,4,91.76,367.04
ORD_00543,CUST_0225,PROD_022,2023-07-05,3,221.18,663.54
ORD_04150,CUST_0648,PROD_040,2023-07-05,1,45.14,45.14
ORD_03754,CUST_0050,PROD_034,2023-07-05,2,179.48,358.96
ORD_03354,CUST_0914,PROD_046,2023-07-06,3,116.77,350.31
ORD_01042,CUST_0794,PROD_023,2023-07-06,4,166.24,664.96
ORD_01271,CUST_0953,PROD_019,2023-07-06,5,412.99,2064.95
ORD_04645,CUST_0335,PROD_049,2023-07-06,2,347.25,694.5
ORD_00622,CUST_0995,PROD_034,2023-07-06,1,179.48,179.48
ORD_03564,CUST_0425,PROD_022,2023-07-06,5,221.18,1105.9
ORD_00943,CUST_0527,PROD_030,2023-07-06,4,91.76,367.04
ORD_02751,CUST_0243,PROD_022,2023-07-06,5,221.18,1105.9
ORD_03047,CUST_0042,PROD_004,2023-07-06,1,31.43,31.43
ORD_03255,CUST_0327,PROD_007,2023-07-06,5,178.15,890.75
ORD_02414,CUST_0364,PROD_034,2023-07-07,1,179.48,179.48
ORD_00074,CUST_0572,PROD_031,2023-07-07,5,220.96,1104.8
ORD_01303,CUST_0502,PROD_035,2023-07-07,5,85.69,428.45
ORD_04931,CUST_0165,PROD_048,2023-07-07,2,232.46,464.92
ORD_04534,CUST_0124,PROD_002,2023-07-07,3,248.14,744.42
ORD_00062,CUST_0682,PROD_049,2023-07-07,1,347.25,347.25
ORD_03607,CUST_0358,PROD_047,2023-07-07,3,494.14,1482.42
ORD_01073,CUST_0207,PROD_039,2023-07-07,3,176.9,530.7
ORD_04033,CUST_0338,PROD_006,2023-07-07,5,283.73,1418.65
ORD_03945,CUST_0991,PROD_020,2023-07-07,2,430.21,860.42
ORD_03162,CUST_0888,PROD_039,2023-07-07,3,176.9,530.7
ORD_03774,CUST_0928,PROD_045,2023-07-07,4,188.65,754.6
ORD_04012,CUST_0400,PROD_030,2023-07-07,1,91.76,91.76
ORD_04451,CUST_0014,PROD_028,2023-07-07,4,347.32,1389.28
ORD_01782,CUST_0937,PROD_026,2023-07-07,4,304.53,1218.12
ORD_04731,CUST_0628,PROD_021,2023-07-08,2,459.15,918.3
ORD_00849,CUST_0103,PROD_042,2023-07-08,4,162.5,650.0
ORD_03802,CUST_0501,PROD_014,2023-07-08,4,144.94,579.76
ORD_03469,CUST_0755,PROD_008,2023-07-08,4,367.3,1469.2
ORD_04674,CUST_0645,PROD_024,2023-07-08,3,295.28,885.8399999999999
ORD_03992,CUST_0392,PROD_020,2023-07-08,3,430.21,1290.6299999999999
ORD_02000,CUST_0272,PROD_007,2023-07-08,2,178.15,356.3
ORD_03619,CUST_0652,PROD_025,2023-07-08,4,191.87,767.48
ORD_00214,CUST_0257,PROD_029,2023-07-09,3,193.53,580.59
ORD_03473,CUST_0953,PROD_015,2023-07-09,1,160.09,160.09
ORD_03859,CUST_0323,PROD_018,2023-07-09,2,401.21,802.42
ORD_04787,CUST_0557,PROD_044,2023-07-09,3,306.83,920.49
ORD_01214,CUST_0668,PROD_041,2023-07-09,5,210.72,1053.6
ORD_02999,CUST_0049,PROD_049,2023-07-09,2,347.25,694.5
ORD_02312,CUST_0125,PROD_002,2023-07-09,3,248.14,744.42
ORD_03999,CUST_0410,PROD_005,2023-07-09,2,70.27,140.54
ORD_03481,CUST_0939,PROD_047,2023-07-10,2,494.14,988.28
ORD_01818,CUST_0574,PROD_026,2023-07-10,5,304.53,1522.6499999999999
ORD_04456,CUST_0345,PROD_021,2023-07-10,4,459.15,1836.6
ORD_02076,CUST_0648,PROD_048,2023-07-10,4,232.46,929.84
ORD_03966,CUST_0391,PROD_048,2023-07-10,2,232.46,464.92
ORD_00500,CUST_0270,PROD_011,2023-07-10,1,349.32,349.32
ORD_03448,CUST_0615,PROD_014,2023-07-10,1,144.94,144.94
ORD_04363,CUST_0333,PROD_048,2023-07-10,1,232.46,232.46
ORD_00946,CUST_0605,PROD_023,2023-07-10,1,166.24,166.24
ORD_04353,CUST_0644,PROD_031,2023-07-10,3,220.96,662.88
ORD_00837,CUST_0565,PROD_020,2023-07-10,1,430.21,430.21
ORD_02200,CUST_0656,PROD_010,2023-07-11,3,424.35,1273.0500000000002
ORD_02349,CUST_0747,PROD_012,2023-07-11,4,220.67,882.68
ORD_02348,CUST_0311,PROD_014,2023-07-11,1,144.94,144.94
ORD_04358,CUST_0704,PROD_008,2023-07-11,5,367.3,1836.5
ORD_00310,CUST_0837,PROD_001,2023-07-11,4,154.57,618.28
ORD_00245,CUST_0339,PROD_004,2023-07-11,4,31.43,125.72
ORD_00010,CUST_0603,PROD_003,2023-07-11,5,292.83,1464.1499999999999
ORD_00453,CUST_0095,PROD_028,2023-07-11,5,347.32,1736.6
ORD_03832,CUST_0517,PROD_005,2023-07-11,1,70.27,70.27
ORD_03928,CUST_0519,PROD_044,2023-07-11,4,306.83,1227.32
ORD_04514,CUST_0253,PROD_039,2023-07-11,4,176.9,707.6
ORD_03245,CUST_0245,PROD_046,2023-07-11,4,116.77,467.08
ORD_00615,CUST_0388,PROD_008,2023-07-11,5,367.3,1836.5
ORD_01726,CUST_0074,PROD_037,2023-07-12,3,326.45,979.3499999999999
ORD_01223,CUST_0120,PROD_006,2023-07-12,3,283.73,851.19
ORD_00813,CUST_0562,PROD_034,2023-07-12,1,179.48,179.48
ORD_00558,CUST_0389,PROD_013,2023-07-12,1,339.75,339.75
ORD_01110,CUST_0557,PROD_038,2023-07-12,2,322.08,644.16
ORD_01975,CUST_0431,PROD_022,2023-07-12,4,221.18,884.72
ORD_03026,CUST_0103,PROD_012,2023-07-12,1,220.67,220.67
ORD_03679,CUST_0086,PROD_026,2023-07-12,4,304.53,1218.12
ORD_02246,CUST_0866,PROD_022,2023-07-12,4,221.18,884.72
ORD_00709,CUST_0294,PROD_014,2023-07-12,5,144.94,724.7
ORD_00037,CUST_0572,PROD_036,2023-07-12,4,22.47,89.88
ORD_00627,CUST_0644,PROD_007,2023-07-12,2,178.15,356.3
ORD_01687,CUST_0409,PROD_047,2023-07-12,3,494.14,1482.42
ORD_04071,CUST_0425,PROD_043,2023-07-12,4,341.79,1367.16
ORD_00462,CUST_0827,PROD_013,2023-07-12,1,339.75,339.75
ORD_02600,CUST_0814,PROD_016,2023-07-12,1,396.6,396.6
ORD_01696,CUST_0090,PROD_047,2023-07-12,4,494.14,1976.56
ORD_01096,CUST_0023,PROD_024,2023-07-12,4,295.28,1181.12
ORD_00815,CUST_0371,PROD_038,2023-07-13,5,322.08,1610.3999999999999
ORD_02300,CUST_0983,PROD_019,2023-07-13,4,412.99,1651.96
ORD_00346,CUST_0342,PROD_019,2023-07-13,1,412.99,412.99
ORD_04041,CUST_0263,PROD_031,2023-07-13,4,220.96,883.84
ORD_00227,CUST_0290,PROD_027,2023-07-13,5,355.74,1778.7
ORD_01000,CUST_0004,PROD_050,2023-07-13,2,78.87,157.74
ORD_00998,CUST_0540,PROD_048,2023-07-13,3,232.46,697.38
ORD_04261,CUST_0890,PROD_021,2023-07-13,4,459.15,1836.6
ORD_04889,CUST_0781,PROD_015,2023-07-13,1,160.09,160.09
ORD_04422,CUST_0883,PROD_045,2023-07-13,1,188.65,188.65
ORD_00614,CUST_0826,PROD_046,2023-07-13,3,116.77,350.31
ORD_03518,CUST_0621,PROD_015,2023-07-13,2,160.09,320.18
ORD_01591,CUST_0863,PROD_030,2023-07-13,2,91.76,183.52
ORD_01397,CUST_0237,PROD_031,2023-07-13,2,220.96,441.92
ORD_01535,CUST_0603,PROD_007,2023-07-13,4,178.15,712.6
ORD_03651,CUST_0664,PROD_011,2023-07-13,3,349.32,1047.96
ORD_03202,CUST_0039,PROD_027,2023-07-13,5,355.74,1778.7
ORD_04421,CUST_0199,PROD_008,2023-07-13,5,367.3,1836.5
ORD_03352,CUST_0287,PROD_019,2023-07-13,1,412.99,412.99
ORD_03183,CUST_0735,PROD_029,2023-07-13,2,193.53,387.06
ORD_02981,CUST_0736,PROD_026,2023-07-13,2,304.53,609.06
ORD_03870,CUST_0052,PROD_045,2023-07-14,5,188.65,943.25
ORD_02877,CUST_0981,PROD_006,2023-07-14,5,283.73,1418.65
ORD_00454,CUST_0355,PROD_041,2023-07-14,5,210.72,1053.6
ORD_04738,CUST_0245,PROD_040,2023-07-14,3,45.14,135.42000000000002
ORD_02114,CUST_0033,PROD_012,2023-07-14,2,220.67,441.34
ORD_02863,CUST_0569,PROD_019,2023-07-14,1,412.99,412.99
ORD_03614,CUST_0480,PROD_025,2023-07-14,4,191.87,767.48
ORD_02678,CUST_0021,PROD_039,2023-07-14,2,176.9,353.8
ORD_00442,CUST_0948,PROD_022,2023-07-14,5,221.18,1105.9
ORD_02578,CUST_0823,PROD_013,2023-07-14,2,339.75,679.5
ORD_04559,CUST_0991,PROD_027,2023-07-14,1,355.74,355.74
ORD_04653,CUST_0981,PROD_037,2023-07-14,1,326.45,326.45
ORD_01116,CUST_0923,PROD_020,2023-07-14,4,430.21,1720.84
ORD_02671,CUST_0377,PROD_045,2023-07-14,1,188.65,188.65
ORD_03169,CUST_0889,PROD_038,2023-07-14,3,322.08,966.24
ORD_00535,CUST_0648,PROD_014,2023-07-14,2,144.94,289.88
ORD_01955,CUST_0589,PROD_012,2023-07-14,5,220.67,1103.35
ORD_04411,CUST_0394,PROD_050,2023-07-15,1,78.87,78.87
ORD_02925,CUST_0157,PROD_005,2023-07-15,5,70.27,351.34999999999997
ORD_03510,CUST_0049,PROD_005,2023-07-15,2,70.27,140.54
ORD_00525,CUST_0401,PROD_036,2023-07-15,5,22.47,112.35
ORD_03372,CUST_0320,PROD_035,2023-07-15,1,85.69,85.69
ORD_01056,CUST_0144,PROD_024,2023-07-15,5,295.28,1476.3999999999999
ORD_04111,CUST_0544,PROD_045,2023-07-15,4,188.65,754.6
ORD_01420,CUST_0725,PROD_043,2023-07-15,1,341.79,341.79
ORD_02911,CUST_0532,PROD_006,2023-07-15,5,283.73,1418.65
ORD_00814,CUST_0718,PROD_006,2023-07-15,5,283.73,1418.65
ORD_04018,CUST_0652,PROD_010,2023-07-15,4,424.35,1697.4
ORD_02591,CUST_0880,PROD_005,2023-07-15,3,70.27,210.81
ORD_00452,CUST_0248,PROD_017,2023-07-15,3,228.75,686.25
ORD_04987,CUST_0865,PROD_008,2023-07-15,1,367.3,367.3
ORD_00830,CUST_0387,PROD_040,2023-07-15,1,45.14,45.14
ORD_02280,CUST_0142,PROD_006,2023-07-15,5,283.73,1418.65
ORD_00863,CUST_0578,PROD_009,2023-07-15,3,329.62,988.86
ORD_02617,CUST_0705,PROD_034,2023-07-15,1,179.48,179.48
ORD_03535,CUST_0120,PROD_010,2023-07-16,3,424.35,1273.0500000000002
ORD_02601,CUST_0986,PROD_022,2023-07-16,4,221.18,884.72
ORD_03480,CUST_0909,PROD_046,2023-07-16,3,116.77,350.31
ORD_00199,CUST_0553,PROD_024,2023-07-16,1,295.28,295.28
ORD_01054,CUST_0387,PROD_032,2023-07-16,1,79.87,79.87
ORD_02272,CUST_0208,PROD_047,2023-07-16,2,494.14,988.28
ORD_03791,CUST_0507,PROD_041,2023-07-16,2,210.72,421.44
ORD_02411,CUST_0691,PROD_020,2023-07-16,2,430.21,860.42
ORD_04940,CUST_0049,PROD_021,2023-07-16,1,459.15,459.15
ORD_02883,CUST_0876,PROD_037,2023-07-16,2,326.45,652.9
ORD_01260,CUST_0885,PROD_006,2023-07-16,4,283.73,1134.92
ORD_01200,CUST_0061,PROD_008,2023-07-16,1,367.3,367.3
ORD_00548,CUST_0040,PROD_021,2023-07-17,2,459.15,918.3
ORD_00505,CUST_0717,PROD_008,2023-07-17,1,367.3,367.3
ORD_03364,CUST_0289,PROD_034,2023-07-17,5,179.48,897.4
ORD_01684,CUST_0425,PROD_048,2023-07-17,4,232.46,929.84
ORD_01386,CUST_0777,PROD_015,2023-07-17,1,160.09,160.09
ORD_03737,CUST_0430,PROD_011,2023-07-17,5,349.32,1746.6
ORD_00564,CUST_0913,PROD_021,2023-07-17,4,459.15,1836.6
ORD_00712,CUST_0908,PROD_003,2023-07-17,5,292.83,1464.1499999999999
ORD_03595,CUST_0519,PROD_007,2023-07-17,2,178.15,356.3
ORD_01827,CUST_0040,PROD_001,2023-07-17,5,154.57,772.8499999999999
ORD_00575,CUST_0087,PROD_040,2023-07-17,2,45.14,90.28
ORD_02946,CUST_0442,PROD_005,2023-07-17,3,70.27,210.81
ORD_00163,CUST_0893,PROD_037,2023-07-18,4,326.45,1305.8
ORD_04746,CUST_0379,PROD_023,2023-07-18,2,166.24,332.48
ORD_00902,CUST_0883,PROD_001,2023-07-18,4,154.57,618.28
ORD_02072,CUST_0717,PROD_045,2023-07-18,5,188.65,943.25
ORD_00125,CUST_0249,PROD_004,2023-07-18,3,31.43,94.28999999999999
ORD_01701,CUST_0578,PROD_005,2023-07-18,1,70.27,70.27
ORD_03042,CUST_0323,PROD_008,2023-07-18,4,367.3,1469.2
ORD_00848,CUST_0390,PROD_034,2023-07-18,4,179.48,717.92
ORD_00201,CUST_0375,PROD_040,2023-07-18,4,45.14,180.56
ORD_02954,CUST_0562,PROD_006,2023-07-19,2,283.73,567.46
ORD_00499,CUST_0040,PROD_024,2023-07-19,2,295.28,590.56
ORD_02667,CUST_0538,PROD_034,2023-07-19,2,179.48,358.96
ORD_04854,CUST_0016,PROD_015,2023-07-19,1,160.09,160.09
ORD_04077,CUST_0576,PROD_043,2023-07-19,2,341.79,683.58
ORD_00722,CUST_0615,PROD_005,2023-07-19,2,70.27,140.54
ORD_01727,CUST_0668,PROD_044,2023-07-19,3,306.83,920.49
ORD_01357,CUST_0690,PROD_048,2023-07-19,4,232.46,929.84
ORD_03428,CUST_0983,PROD_028,2023-07-19,3,347.32,1041.96
ORD_01739,CUST_0311,PROD_048,2023-07-19,2,232.46,464.92
ORD_04632,CUST_0688,PROD_004,2023-07-20,1,31.43,31.43
ORD_04215,CUST_0894,PROD_003,2023-07-20,2,292.83,585.66
ORD_02227,CUST_0019,PROD_029,2023-07-20,2,193.53,387.06
ORD_04408,CUST_0551,PROD_017,2023-07-20,3,228.75,686.25
ORD_01015,CUST_0227,PROD_028,2023-07-20,2,347.32,694.64
ORD_00279,CUST_0827,PROD_038,2023-07-20,4,322.08,1288.32
ORD_02740,CUST_0527,PROD_016,2023-07-20,2,396.6,793.2
ORD_00041,CUST_0664,PROD_015,2023-07-20,2,160.09,320.18
ORD_02205,CUST_0883,PROD_004,2023-07-20,2,31.43,62.86
ORD_00033,CUST_0991,PROD_028,2023-07-21,3,347.32,1041.96
ORD_04352,CUST_0698,PROD_019,2023-07-21,5,412.99,2064.95
ORD_04703,CUST_0394,PROD_015,2023-07-21,2,160.09,320.18
ORD_04073,CUST_0391,PROD_003,2023-07-21,5,292.83,1464.1499999999999
ORD_00355,CUST_0574,PROD_032,2023-07-21,1,79.87,79.87
ORD_01576,CUST_0577,PROD_013,2023-07-21,3,339.75,1019.25
ORD_03673,CUST_0630,PROD_010,2023-07-21,4,424.35,1697.4
ORD_04002,CUST_0826,PROD_046,2023-07-21,5,116.77,583.85
ORD_03303,CUST_0865,PROD_009,2023-07-21,4,329.62,1318.48
ORD_04445,CUST_0394,PROD_006,2023-07-21,3,283.73,851.19
ORD_02216,CUST_0343,PROD_023,2023-07-21,5,166.24,831.2
ORD_01451,CUST_0066,PROD_005,2023-07-21,1,70.27,70.27
ORD_01416,CUST_0156,PROD_001,2023-07-21,3,154.57,463.71
ORD_04981,CUST_0974,PROD_027,2023-07-21,4,355.74,1422.96
ORD_03421,CUST_0502,PROD_004,2023-07-21,4,31.43,125.72
ORD_03970,CUST_0160,PROD_045,2023-07-22,4,188.65,754.6
ORD_03710,CUST_0111,PROD_015,2023-07-22,1,160.09,160.09
ORD_03552,CUST_0626,PROD_019,2023-07-22,5,412.99,2064.95
ORD_03232,CUST_0901,PROD_039,2023-07-22,1,176.9,176.9
ORD_01366,CUST_0309,PROD_037,2023-07-22,2,326.45,652.9
ORD_04224,CUST_0047,PROD_020,2023-07-22,1,430.21,430.21
ORD_00916,CUST_0991,PROD_050,2023-07-22,2,78.87,157.74
ORD_01909,CUST_0284,PROD_014,2023-07-22,2,144.94,289.88
ORD_01024,CUST_0283,PROD_047,2023-07-22,5,494.14,2470.7
ORD_01171,CUST_0777,PROD_018,2023-07-22,1,401.21,401.21
ORD_03685,CUST_0837,PROD_040,2023-07-22,2,45.14,90.28
ORD_03464,CUST_0424,PROD_035,2023-07-22,5,85.69,428.45
ORD_00965,CUST_0378,PROD_019,2023-07-22,1,412.99,412.99
ORD_01521,CUST_0978,PROD_027,2023-07-22,1,355.74,355.74
ORD_04868,CUST_0023,PROD_029,2023-07-23,4,193.53,774.12
ORD_03361,CUST_0618,PROD_012,2023-07-23,1,220.67,220.67
ORD_03541,CUST_0432,PROD_009,2023-07-23,1,329.62,329.62
ORD_04626,CUST_0864,PROD_039,2023-07-23,4,176.9,707.6
ORD_03143,CUST_0747,PROD_039,2023-07-23,1,176.9,176.9
ORD_01273,CUST_0767,PROD_012,2023-07-23,5,220.67,1103.35
ORD_02758,CUST_0125,PROD_025,2023-07-23,5,191.87,959.35
ORD_02128,CUST_0454,PROD_017,2023-07-24,2,228.75,457.5
ORD_03982,CUST_0523,PROD_050,2023-07-24,1,78.87,78.87
ORD_00206,CUST_0851,PROD_015,2023-07-24,1,160.09,160.09
ORD_01329,CUST_0704,PROD_025,2023-07-24,1,191.87,191.87
ORD_03747,CUST_0319,PROD_006,2023-07-24,1,283.73,283.73
ORD_01897,CUST_0890,PROD_024,2023-07-24,2,295.28,590.56
ORD_01924,CUST_0953,PROD_010,2023-07-24,1,424.35,424.35
ORD_03316,CUST_0085,PROD_011,2023-07-24,3,349.32,1047.96
ORD_03398,CUST_0322,PROD_044,2023-07-24,3,306.83,920.49
ORD_00301,CUST_0690,PROD_025,2023-07-24,5,191.87,959.35
ORD_02048,CUST_0965,PROD_012,2023-07-24,3,220.67,662.01
ORD_03336,CUST_0071,PROD_017,2023-07-24,3,228.75,686.25
ORD_04605,CUST_0460,PROD_012,2023-07-24,1,220.67,220.67
ORD_02070,CUST_0294,PROD_044,2023-07-24,5,306.83,1534.1499999999999
ORD_02264,CUST_0032,PROD_028,2023-07-25,5,347.32,1736.6
ORD_00923,CUST_0378,PROD_017,2023-07-25,1,228.75,228.75
ORD_04849,CUST_0080,PROD_022,2023-07-25,4,221.18,884.72
ORD_03831,CUST_0108,PROD_014,2023-07-25,1,144.94,144.94
ORD_04226,CUST_0603,PROD_006,2023-07-25,5,283.73,1418.65
ORD_00977,CUST_0089,PROD_001,2023-07-25,3,154.57,463.71
ORD_03324,CUST_0546,PROD_030,2023-07-25,5,91.76,458.8
ORD_01292,CUST_0574,PROD_006,2023-07-25,4,283.73,1134.92
ORD_01932,CUST_0145,PROD_040,2023-07-25,2,45.14,90.28
ORD_01628,CUST_0929,PROD_036,2023-07-25,2,22.47,44.94
ORD_03917,CUST_0176,PROD_023,2023-07-25,4,166.24,664.96
ORD_00656,CUST_0986,PROD_045,2023-07-25,3,188.65,565.95
ORD_04524,CUST_0109,PROD_043,2023-07-25,2,341.79,683.58
ORD_00765,CUST_0562,PROD_013,2023-07-26,3,339.75,1019.25
ORD_02713,CUST_0793,PROD_024,2023-07-26,1,295.28,295.28
ORD_04269,CUST_0948,PROD_001,2023-07-26,5,154.57,772.8499999999999
ORD_02728,CUST_0792,PROD_004,2023-07-26,2,31.43,62.86
ORD_03959,CUST_0660,PROD_032,2023-07-26,3,79.87,239.61
ORD_00136,CUST_0470,PROD_016,2023-07-26,1,396.6,396.6
ORD_01523,CUST_0476,PROD_039,2023-07-26,2,176.9,353.8
ORD_02693,CUST_0116,PROD_047,2023-07-26,1,494.14,494.14
ORD_02193,CUST_0040,PROD_024,2023-07-26,2,295.28,590.56
ORD_00892,CUST_0567,PROD_011,2023-07-26,5,349.32,1746.6
ORD_02848,CUST_0210,PROD_049,2023-07-26,3,347.25,1041.75
ORD_00330,CUST_0814,PROD_025,2023-07-27,2,191.87,383.74
ORD_00313,CUST_0375,PROD_014,2023-07-27,5,144.94,724.7
ORD_00776,CUST_0557,PROD_038,2023-07-27,1,322.08,322.08
ORD_01678,CUST_0107,PROD_003,2023-07-27,5,292.83,1464.1499999999999
ORD_01841,CUST_0680,PROD_006,2023-07-27,2,283.73,567.46
ORD_03898,CUST_0031,PROD_033,2023-07-27,4,446.15,1784.6
ORD_03852,CUST_0001,PROD_018,2023-07-27,2,401.21,802.42
ORD_01915,CUST_0076,PROD_040,2023-07-27,4,45.14,180.56
ORD_00745,CUST_0527,PROD_025,2023-07-27,4,191.87,767.48
ORD_03905,CUST_0040,PROD_019,2023-07-27,4,412.99,1651.96
ORD_02186,CUST_0668,PROD_005,2023-07-27,2,70.27,140.54
ORD_04875,CUST_0427,PROD_037,2023-07-27,5,326.45,1632.25
ORD_00241,CUST_0828,PROD_028,2023-07-27,4,347.32,1389.28
ORD_02845,CUST_0595,PROD_029,2023-07-28,2,193.53,387.06
ORD_04824,CUST_0535,PROD_046,2023-07-28,1,116.77,116.77
ORD_01248,CUST_0705,PROD_010,2023-07-28,3,424.35,1273.0500000000002
ORD_00399,CUST_0675,PROD_026,2023-07-28,2,304.53,609.06
ORD_00463,CUST_0043,PROD_027,2023-07-28,5,355.74,1778.7
ORD_03326,CUST_0004,PROD_038,2023-07-28,1,322.08,322.08
ORD_04196,CUST_0605,PROD_009,2023-07-28,5,329.62,1648.1
ORD_04759,CUST_0809,PROD_005,2023-07-28,5,70.27,351.34999999999997
ORD_00352,CUST_0290,PROD_026,2023-07-28,5,304.53,1522.6499999999999
ORD_04435,CUST_0833,PROD_029,2023-07-28,1,193.53,193.53
ORD_04660,CUST_0398,PROD_046,2023-07-28,1,116.77,116.77
ORD_02955,CUST_0358,PROD_011,2023-07-28,1,349.32,349.32
ORD_04475,CUST_0207,PROD_030,2023-07-28,1,91.76,91.76
ORD_01803,CUST_0387,PROD_050,2023-07-28,4,78.87,315.48
ORD_04963,CUST_0561,PROD_030,2023-07-28,4,91.76,367.04
ORD_04794,CUST_0248,PROD_025,2023-07-28,5,191.87,959.35
ORD_03070,CUST_0468,PROD_033,2023-07-28,4,446.15,1784.6
ORD_00351,CUST_0517,PROD_047,2023-08-01,4,494.14,1976.56
ORD_04826,CUST_0785,PROD_031,2023-08-01,4,220.96,883.84
ORD_03243,CUST_0229,PROD_050,2023-08-01,2,78.87,157.74
ORD_03013,CUST_0425,PROD_030,2023-08-01,1,91.76,91.76
ORD_00054,CUST_0688,PROD_048,2023-08-01,3,232.46,697.38
ORD_00215,CUST_0001,PROD_045,2023-08-01,5,188.65,943.25
ORD_04934,CUST_0738,PROD_037,2023-08-01,2,326.45,652.9
ORD_01071,CUST_0539,PROD_031,2023-08-01,3,220.96,662.88
ORD_02333,CUST_0149,PROD_027,2023-08-01,2,355.74,711.48
ORD_04498,CUST_0478,PROD_045,2023-08-01,3,188.65,565.95
ORD_04285,CUST_0398,PROD_023,2023-08-01,2,166.24,332.48
ORD_01317,CUST_0728,PROD_040,2023-08-02,5,45.14,225.7
ORD_03212,CUST_0527,PROD_045,2023-08-02,3,188.65,565.95
ORD_04441,CUST_0781,PROD_011,2023-08-02,4,349.32,1397.28
ORD_03973,CUST_0670,PROD_009,2023-08-02,4,329.62,1318.48
ORD_02778,CUST_0129,PROD_017,2023-08-02,4,228.75,915.0
ORD_02483,CUST_0451,PROD_039,2023-08-02,4,176.9,707.6
ORD_01383,CUST_0301,PROD_033,2023-08-02,4,446.15,1784.6
ORD_02380,CUST_0648,PROD_028,2023-08-02,4,347.32,1389.28
ORD_03263,CUST_0118,PROD_042,2023-08-02,1,162.5,162.5
ORD_04154,CUST_0901,PROD_017,2023-08-02,4,228.75,915.0
ORD_04867,CUST_0389,PROD_038,2023-08-02,1,322.08,322.08
ORD_01569,CUST_0985,PROD_049,2023-08-02,3,347.25,1041.75
ORD_01645,CUST_0425,PROD_026,2023-08-02,5,304.53,1522.6499999999999
ORD_02327,CUST_0040,PROD_048,2023-08-03,1,232.46,232.46
ORD_00498,CUST_0325,PROD_024,2023-08-03,5,295.28,1476.3999999999999
ORD_03331,CUST_0552,PROD_018,2023-08-03,2,401.21,802.42
ORD_00309,CUST_0343,PROD_023,2023-08-03,3,166.24,498.72
ORD_00291,CUST_0322,PROD_003,2023-08-03,5,292.83,1464.1499999999999
ORD_03416,CUST_0209,PROD_035,2023-08-03,3,85.69,257.07
ORD_00457,CUST_0644,PROD_038,2023-08-03,4,322.08,1288.32
ORD_03223,CUST_0623,PROD_041,2023-08-03,3,210.72,632.16
ORD_01799,CUST_0958,PROD_020,2023-08-03,3,430.21,1290.6299999999999
ORD_03486,CUST_0004,PROD_002,2023-08-03,4,248.14,992.56
ORD_01477,CUST_0023,PROD_026,2023-08-03,2,304.53,609.06
ORD_02446,CUST_0014,PROD_039,2023-08-03,4,176.9,707.6
ORD_01361,CUST_0226,PROD_006,2023-08-03,3,283.73,851.19
ORD_04821,CUST_0786,PROD_036,2023-08-03,5,22.47,112.35
ORD_02060,CUST_0316,PROD_013,2023-08-03,2,339.75,679.5
ORD_03289,CUST_0553,PROD_021,2023-08-03,2,459.15,918.3
ORD_02084,CUST_0333,PROD_006,2023-08-03,2,283.73,567.46
ORD_00300,CUST_0701,PROD_044,2023-08-03,2,306.83,613.66
ORD_02755,CUST_0393,PROD_002,2023-08-03,4,248.14,992.56
ORD_03321,CUST_0942,PROD_003,2023-08-03,1,292.83,292.83
ORD_00587,CUST_0516,PROD_042,2023-08-03,2,162.5,325.0
ORD_00423,CUST_0445,PROD_017,2023-08-03,5,228.75,1143.75
ORD_04574,CUST_0777,PROD_041,2023-08-03,2,210.72,421.44
ORD_02994,CUST_0891,PROD_008,2023-08-03,5,367.3,1836.5
ORD_04569,CUST_0189,PROD_002,2023-08-03,2,248.14,496.28
ORD_03529,CUST_0802,PROD_048,2023-08-04,3,232.46,697.38
ORD_00323,CUST_0237,PROD_043,2023-08-04,1,341.79,341.79
ORD_00235,CUST_0474,PROD_042,2023-08-04,2,162.5,325.0
ORD_03834,CUST_0049,PROD_040,2023-08-04,1,45.14,45.14
ORD_03407,CUST_0868,PROD_009,2023-08-04,2,329.62,659.24
ORD_00529,CUST_0744,PROD_047,2023-08-04,5,494.14,2470.7
ORD_03805,CUST_0548,PROD_007,2023-08-04,2,178.15,356.3
ORD_01488,CUST_0919,PROD_025,2023-08-04,5,191.87,959.35
ORD_02318,CUST_0929,PROD_022,2023-08-04,4,221.18,884.72
ORD_02560,CUST_0191,PROD_008,2023-08-04,3,367.3,1101.9
ORD_02196,CUST_0897,PROD_014,2023-08-04,1,144.94,144.94
ORD_04833,CUST_0329,PROD_045,2023-08-04,5,188.65,943.25
ORD_02949,CUST_0063,PROD_030,2023-08-04,4,91.76,367.04
ORD_04818,CUST_0514,PROD_013,2023-08-04,2,339.75,679.5
ORD_04066,CUST_0016,PROD_019,2023-08-04,2,412.99,825.98
ORD_00271,CUST_0765,PROD_041,2023-08-04,5,210.72,1053.6
ORD_02219,CUST_0743,PROD_025,2023-08-05,1,191.87,191.87
ORD_04595,CUST_0743,PROD_034,2023-08-05,4,179.48,717.92
ORD_02036,CUST_0597,PROD_043,2023-08-05,5,341.79,1708.95
ORD_01436,CUST_0125,PROD_006,2023-08-05,5,283.73,1418.65
ORD_01251,CUST_0449,PROD_013,2023-08-05,1,339.75,339.75
ORD_04964,CUST_0380,PROD_035,2023-08-05,5,85.69,428.45
ORD_01493,CUST_0931,PROD_019,2023-08-05,2,412.99,825.98
ORD_02876,CUST_0422,PROD_019,2023-08-05,1,412.99,412.99
ORD_03251,CUST_0346,PROD_027,2023-08-05,3,355.74,1067.22
ORD_01277,CUST_0530,PROD_027,2023-08-05,5,355.74,1778.7
ORD_01702,CUST_0684,PROD_049,2023-08-06,1,347.25,347.25
ORD_02260,CUST_0288,PROD_001,2023-08-06,3,154.57,463.71
ORD_04546,CUST_0833,PROD_049,2023-08-06,3,347.25,1041.75
ORD_04290,CUST_0736,PROD_030,2023-08-06,5,91.76,458.8
ORD_04485,CUST_0690,PROD_013,2023-08-06,1,339.75,339.75
ORD_01456,CUST_0131,PROD_006,2023-08-06,3,283.73,851.19
ORD_02198,CUST_0445,PROD_004,2023-08-06,2,31.43,62.86
ORD_03585,CUST_0653,PROD_028,2023-08-06,2,347.32,694.64
ORD_03560,CUST_0578,PROD_041,2023-08-06,4,210.72,842.88
ORD_01300,CUST_0442,PROD_050,2023-08-06,2,78.87,157.74
ORD_03156,CUST_0544,PROD_023,2023-08-06,2,166.24,332.48
ORD_03681,CUST_0672,PROD_019,2023-08-06,4,412.99,1651.96
ORD_03219,CUST_0395,PROD_046,2023-08-06,2,116.77,233.54
ORD_04812,CUST_0907,PROD_042,2023-08-06,1,162.5,162.5
ORD_04733,CUST_0963,PROD_033,2023-08-06,5,446.15,2230.75
ORD_01655,CUST_0460,PROD_030,2023-08-06,1,91.76,91.76
ORD_03152,CUST_0557,PROD_045,2023-08-07,5,188.65,943.25
ORD_04708,CUST_0516,PROD_007,2023-08-07,3,178.15,534.45
ORD_00640,CUST_0672,PROD_048,2023-08-07,5,232.46,1162.3
ORD_04192,CUST_0913,PROD_035,2023-08-07,3,85.69,257.07
ORD_01849,CUST_0197,PROD_027,2023-08-07,4,355.74,1422.96
ORD_04516,CUST_0871,PROD_018,2023-08-07,2,401.21,802.42
ORD_01890,CUST_0014,PROD_027,2023-08-07,4,355.74,1422.96
ORD_03840,CUST_0923,PROD_032,2023-08-07,5,79.87,399.35
ORD_02303,CUST_0664,PROD_022,2023-08-07,3,221.18,663.54
ORD_01661,CUST_0471,PROD_016,2023-08-07,3,396.6,1189.8000000000002
ORD_02611,CUST_0864,PROD_006,2023-08-07,5,283.73,1418.65
ORD_00551,CUST_0027,PROD_031,2023-08-07,3,220.96,662.88
ORD_00642,CUST_0541,PROD_039,2023-08-07,1,176.9,176.9
ORD_02139,CUST_0253,PROD_008,2023-08-08,1,367.3,367.3
ORD_02586,CUST_0754,PROD_045,2023-08-08,2,188.65,377.3
ORD_01864,CUST_0222,PROD_023,2023-08-08,1,166.24,166.24
ORD_04006,CUST_0166,PROD_018,2023-08-08,3,401.21,1203.6299999999999
ORD_00073,CUST_0562,PROD_045,2023-08-08,1,188.65,188.65
ORD_00331,CUST_0744,PROD_026,2023-08-08,5,304.53,1522.6499999999999
ORD_02513,CUST_0235,PROD_044,2023-08-08,5,306.83,1534.1499999999999
ORD_02082,CUST_0276,PROD_040,2023-08-08,1,45.14,45.14
ORD_04869,CUST_0334,PROD_046,2023-08-08,5,116.77,583.85
ORD_00996,CUST_0126,PROD_008,2023-08-08,4,367.3,1469.2
ORD_01562,CUST_0691,PROD_021,2023-08-08,1,459.15,459.15
ORD_00560,CUST_0530,PROD_046,2023-08-08,5,116.77,583.85
ORD_02866,CUST_0371,PROD_025,2023-08-08,3,191.87,575.61
ORD_00860,CUST_0965,PROD_025,2023-08-08,5,191.87,959.35
ORD_03397,CUST_0332,PROD_046,2023-08-08,1,116.77,116.77
ORD_03187,CUST_0927,PROD_024,2023-08-08,1,295.28,295.28
ORD_03035,CUST_0983,PROD_036,2023-08-09,2,22.47,44.94
ORD_02404,CUST_0058,PROD_014,2023-08-09,2,144.94,289.88
ORD_03478,CUST_0501,PROD_012,2023-08-09,3,220.67,662.01
ORD_04933,CUST_0983,PROD_015,2023-08-09,2,160.09,320.18
ORD_00908,CUST_0506,PROD_012,2023-08-09,3,220.67,662.01
ORD_02470,CUST_0608,PROD_020,2023-08-09,2,430.21,860.42
ORD_00307,CUST_0430,PROD_041,2023-08-09,1,210.72,210.72
ORD_04156,CUST_0054,PROD_007,2023-08-09,2,178.15,356.3
ORD_02890,CUST_0429,PROD_033,2023-08-09,2,446.15,892.3
ORD_04383,CUST_0717,PROD_020,2023-08-09,5,430.21,2151.0499999999997
ORD_02665,CUST_0324,PROD_035,2023-08-09,1,85.69,85.69
ORD_04250,CUST_0599,PROD_044,2023-08-09,1,306.83,306.83
ORD_04823,CUST_0089,PROD_015,2023-08-10,3,160.09,480.27
ORD_02824,CUST_0848,PROD_007,2023-08-10,3,178.15,534.45
ORD_02846,CUST_0648,PROD_002,2023-08-10,1,248.14,248.14
ORD_04458,CUST_0014,PROD_046,2023-08-10,1,116.77,116.77
ORD_02460,CUST_0227,PROD_020,2023-08-10,4,430.21,1720.84
ORD_02500,CUST_0932,PROD_036,2023-08-10,3,22.47,67.41
ORD_00785,CUST_0023,PROD_031,2023-08-10,1,220.96,220.96
ORD_01439,CUST_0991,PROD_014,2023-08-10,5,144.94,724.7
ORD_01296,CUST_0181,PROD_027,2023-08-10,5,355.74,1778.7
ORD_00091,CUST_0996,PROD_040,2023-08-10,2,45.14,90.28
ORD_00700,CUST_0486,PROD_046,2023-08-10,4,116.77,467.08
ORD_02801,CUST_0390,PROD_027,2023-08-11,3,355.74,1067.22
ORD_01391,CUST_0918,PROD_048,2023-08-11,4,232.46,929.84
ORD_04671,CUST_0210,PROD_022,2023-08-11,2,221.18,442.36
ORD_01433,CUST_0165,PROD_027,2023-08-11,5,355.74,1778.7
ORD_02482,CUST_0179,PROD_046,2023-08-11,3,116.77,350.31
ORD_00342,CUST_0674,PROD_046,2023-08-11,1,116.77,116.77
ORD_01478,CUST_0673,PROD_028,2023-08-11,4,347.32,1389.28
ORD_01484,CUST_0074,PROD_042,2023-08-11,1,162.5,162.5
ORD_04838,CUST_0788,PROD_050,2023-08-11,4,78.87,315.48
ORD_03189,CUST_0519,PROD_026,2023-08-11,3,304.53,913.5899999999999
ORD_00990,CUST_0507,PROD_021,2023-08-11,1,459.15,459.15
ORD_02905,CUST_0713,PROD_007,2023-08-11,2,178.15,356.3
ORD_00779,CUST_0739,PROD_002,2023-08-11,3,248.14,744.42
ORD_04173,CUST_0520,PROD_021,2023-08-11,3,459.15,1377.4499999999998
ORD_02197,CUST_0432,PROD_025,2023-08-11,1,191.87,191.87
ORD_02486,CUST_0334,PROD_017,2023-08-12,2,228.75,457.5
ORD_02453,CUST_0704,PROD_043,2023-08-12,3,341.79,1025.3700000000001
ORD_00633,CUST_0394,PROD_033,2023-08-12,2,446.15,892.3
ORD_01856,CUST_0456,PROD_002,2023-08-12,5,248.14,1240.6999999999998
ORD_04885,CUST_0595,PROD_001,2023-08-12,3,154.57,463.71
ORD_01930,CUST_0960,PROD_042,2023-08-12,2,162.5,325.0
ORD_04748,CUST_0777,PROD_018,2023-08-12,4,401.21,1604.84
ORD_01092,CUST_0011,PROD_048,2023-08-12,2,232.46,464.92
ORD_00402,CUST_0592,PROD_004,2023-08-12,3,31.43,94.28999999999999
ORD_03542,CUST_0011,PROD_027,2023-08-12,4,355.74,1422.96
ORD_02575,CUST_0551,PROD_028,2023-08-12,1,347.32,347.32
ORD_01410,CUST_0290,PROD_043,2023-08-12,3,341.79,1025.3700000000001
ORD_03474,CUST_0941,PROD_007,2023-08-12,1,178.15,178.15
ORD_02258,CUST_0734,PROD_042,2023-08-12,2,162.5,325.0
ORD_04464,CUST_0530,PROD_041,2023-08-12,3,210.72,632.16
ORD_03335,CUST_0665,PROD_021,2023-08-13,4,459.15,1836.6
ORD_01398,CUST_0868,PROD_021,2023-08-13,2,459.15,918.3
ORD_00176,CUST_0747,PROD_040,2023-08-13,5,45.14,225.7
ORD_02229,CUST_0553,PROD_021,2023-08-13,2,459.15,918.3
ORD_03873,CUST_0202,PROD_006,2023-08-14,1,283.73,283.73
ORD_00318,CUST_0574,PROD_027,2023-08-14,4,355.74,1422.96
ORD_03944,CUST_0745,PROD_013,2023-08-14,1,339.75,339.75
ORD_04664,CUST_0243,PROD_018,2023-08-14,5,401.21,2006.05
ORD_04768,CUST_0087,PROD_007,2023-08-14,3,178.15,534.45
ORD_03950,CUST_0438,PROD_042,2023-08-14,3,162.5,487.5
ORD_02656,CUST_0333,PROD_034,2023-08-14,4,179.48,717.92
ORD_03757,CUST_0256,PROD_044,2023-08-14,1,306.83,306.83
ORD_01809,CUST_0305,PROD_031,2023-08-14,2,220.96,441.92
ORD_00876,CUST_0557,PROD_020,2023-08-15,3,430.21,1290.6299999999999
ORD_00281,CUST_0766,PROD_024,2023-08-15,2,295.28,590.56
ORD_02798,CUST_0050,PROD_021,2023-08-15,3,459.15,1377.4499999999998
ORD_04495,CUST_0118,PROD_007,2023-08-15,5,178.15,890.75
ORD_00187,CUST_0374,PROD_028,2023-08-15,5,347.32,1736.6
ORD_00166,CUST_0477,PROD_026,2023-08-15,5,304.53,1522.6499999999999
ORD_00253,CUST_0538,PROD_018,2023-08-15,1,401.21,401.21
ORD_00519,CUST_0948,PROD_035,2023-08-15,2,85.69,171.38
ORD_01823,CUST_0495,PROD_050,2023-08-15,2,78.87,157.74
ORD_04901,CUST_0027,PROD_042,2023-08-15,2,162.5,325.0
ORD_00563,CUST_0269,PROD_047,2023-08-15,2,494.14,988.28
ORD_02244,CUST_0118,PROD_005,2023-08-15,5,70.27,351.34999999999997
ORD_00581,CUST_0737,PROD_045,2023-08-15,2,188.65,377.3
ORD_01719,CUST_0543,PROD_015,2023-08-15,2,160.09,320.18
ORD_00515,CUST_0580,PROD_013,2023-08-15,5,339.75,1698.75
ORD_02109,CUST_0837,PROD_042,2023-08-16,5,162.5,812.5
ORD_02729,CUST_0453,PROD_021,2023-08-16,2,459.15,918.3
ORD_02376,CUST_0816,PROD_033,2023-08-16,2,446.15,892.3
ORD_02177,CUST_0934,PROD_032,2023-08-16,5,79.87,399.35
ORD_00925,CUST_0577,PROD_049,2023-08-16,3,347.25,1041.75
ORD_03158,CUST_0404,PROD_036,2023-08-16,5,22.47,112.35
ORD_01025,CUST_0351,PROD_009,2023-08-16,1,329.62,329.62
ORD_02315,CUST_0184,PROD_040,2023-08-16,2,45.14,90.28
ORD_02715,CUST_0501,PROD_026,2023-08-16,3,304.53,913.5899999999999
ORD_03249,CUST_0553,PROD_028,2023-08-16,3,347.32,1041.96
ORD_00759,CUST_0164,PROD_014,2023-08-16,1,144.94,144.94
ORD_03771,CUST_0773,PROD_032,2023-08-16,5,79.87,399.35
ORD_03072,CUST_0014,PROD_038,2023-08-16,5,322.08,1610.3999999999999
ORD_02858,CUST_0621,PROD_047,2023-08-16,5,494.14,2470.7
ORD_00714,CUST_0663,PROD_029,2023-08-17,1,193.53,193.53
ORD_04405,CUST_0246,PROD_045,2023-08-17,1,188.65,188.65
ORD_04656,CUST_0331,PROD_012,2023-08-17,1,220.67,220.67
ORD_04075,CUST_0405,PROD_018,2023-08-17,1,401.21,401.21
ORD_00438,CUST_0066,PROD_012,2023-08-17,2,220.67,441.34
ORD_01217,CUST_0630,PROD_025,2023-08-17,4,191.87,767.48
ORD_02108,CUST_0626,PROD_016,2023-08-17,5,396.6,1983.0
ORD_00488,CUST_0850,PROD_021,2023-08-17,4,459.15,1836.6
ORD_04479,CUST_0132,PROD_044,2023-08-17,3,306.83,920.49
ORD_02144,CUST_0693,PROD_035,2023-08-17,5,85.69,428.45
ORD_04193,CUST_0323,PROD_013,2023-08-17,3,339.75,1019.25
ORD_02990,CUST_0890,PROD_040,2023-08-17,4,45.14,180.56
ORD_03393,CUST_0424,PROD_021,2023-08-17,2,459.15,918.3
ORD_04904,CUST_0302,PROD_050,2023-08-17,4,78.87,315.48
ORD_01504,CUST_0924,PROD_040,2023-08-17,5,45.14,225.7
ORD_02081,CUST_0552,PROD_024,2023-08-18,3,295.28,885.8399999999999
ORD_01829,CUST_0986,PROD_044,2023-08-18,2,306.83,613.66
ORD_04401,CUST_0092,PROD_020,2023-08-18,2,430.21,860.42
ORD_01229,CUST_0954,PROD_033,2023-08-18,2,446.15,892.3
ORD_01212,CUST_0673,PROD_013,2023-08-18,5,339.75,1698.75
ORD_04106,CUST_0229,PROD_019,2023-08-18,2,412.99,825.98
ORD_03734,CUST_0705,PROD_009,2023-08-18,3,329.62,988.86
ORD_01188,CUST_0263,PROD_005,2023-08-18,3,70.27,210.81
ORD_01030,CUST_0832,PROD_037,2023-08-18,5,326.45,1632.25
ORD_03763,CUST_0089,PROD_011,2023-08-18,5,349.32,1746.6
ORD_04477,CUST_0322,PROD_049,2023-08-18,5,347.25,1736.25
ORD_00898,CUST_0777,PROD_032,2023-08-19,5,79.87,399.35
ORD_04296,CUST_0747,PROD_041,2023-08-19,4,210.72,842.88
ORD_02174,CUST_0054,PROD_009,2023-08-19,2,329.62,659.24
ORD_04604,CUST_0765,PROD_016,2023-08-19,2,396.6,793.2
ORD_01295,CUST_0778,PROD_032,2023-08-19,5,79.87,399.35
ORD_00969,CUST_0061,PROD_045,2023-08-19,4,188.65,754.6
ORD_02245,CUST_0663,PROD_042,2023-08-19,2,162.5,325.0
ORD_02521,CUST_0240,PROD_046,2023-08-19,2,116.77,233.54
ORD_00484,CUST_0826,PROD_025,2023-08-20,4,191.87,767.48
ORD_02344,CUST_0378,PROD_013,2023-08-20,5,339.75,1698.75
ORD_00416,CUST_0467,PROD_020,2023-08-20,1,430.21,430.21
ORD_04988,CUST_0969,PROD_015,2023-08-20,4,160.09,640.36
ORD_01979,CUST_0124,PROD_045,2023-08-20,4,188.65,754.6
ORD_03985,CUST_0148,PROD_043,2023-08-20,2,341.79,683.58
ORD_02171,CUST_0826,PROD_032,2023-08-20,5,79.87,399.35
ORD_02838,CUST_0081,PROD_042,2023-08-20,4,162.5,650.0
ORD_03120,CUST_0911,PROD_034,2023-08-20,3,179.48,538.4399999999999
ORD_01759,CUST_0412,PROD_029,2023-08-20,3,193.53,580.59
ORD_02340,CUST_0789,PROD_009,2023-08-20,4,329.62,1318.48
ORD_04416,CUST_0334,PROD_050,2023-08-20,1,78.87,78.87
ORD_03572,CUST_0837,PROD_045,2023-08-20,2,188.65,377.3
ORD_00184,CUST_0628,PROD_037,2023-08-20,4,326.45,1305.8
ORD_04545,CUST_0656,PROD_042,2023-08-20,1,162.5,162.5
ORD_01062,CUST_0356,PROD_047,2023-08-21,5,494.14,2470.7
ORD_03814,CUST_0984,PROD_032,2023-08-21,4,79.87,319.48
ORD_03869,CUST_0552,PROD_019,2023-08-21,1,412.99,412.99
ORD_01242,CUST_0857,PROD_003,2023-08-21,3,292.83,878.49
ORD_00320,CUST_0983,PROD_015,2023-08-21,1,160.09,160.09
ORD_01826,CUST_0648,PROD_002,2023-08-21,4,248.14,992.56
ORD_04255,CUST_0626,PROD_037,2023-08-21,4,326.45,1305.8
ORD_03641,CUST_0939,PROD_009,2023-08-21,5,329.62,1648.1
ORD_04744,CUST_0166,PROD_020,2023-08-22,1,430.21,430.21
ORD_02979,CUST_0083,PROD_031,2023-08-22,2,220.96,441.92
ORD_03045,CUST_0593,PROD_002,2023-08-22,1,248.14,248.14
ORD_01373,CUST_0401,PROD_014,2023-08-22,3,144.94,434.82
ORD_01500,CUST_0540,PROD_032,2023-08-22,3,79.87,239.61
ORD_00516,CUST_0644,PROD_021,2023-08-22,3,459.15,1377.4499999999998
ORD_03400,CUST_0050,PROD_006,2023-08-22,4,283.73,1134.92
ORD_02699,CUST_0985,PROD_028,2023-08-22,4,347.32,1389.28
ORD_00887,CUST_0424,PROD_043,2023-08-22,5,341.79,1708.95
ORD_03648,CUST_0919,PROD_025,2023-08-22,5,191.87,959.35
ORD_03591,CUST_0832,PROD_050,2023-08-22,1,78.87,78.87
ORD_04004,CUST_0530,PROD_036,2023-08-22,3,22.47,67.41
ORD_02622,CUST_0226,PROD_033,2023-08-22,1,446.15,446.15
ORD_02037,CUST_0532,PROD_001,2023-08-23,1,154.57,154.57
ORD_00604,CUST_0252,PROD_001,2023-08-23,5,154.57,772.8499999999999
ORD_01487,CUST_0085,PROD_019,2023-08-23,1,412.99,412.99
ORD_02957,CUST_0493,PROD_012,2023-08-23,3,220.67,662.01
ORD_00580,CUST_0207,PROD_026,2023-08-23,1,304.53,304.53
ORD_00616,CUST_0142,PROD_024,2023-08-23,2,295.28,590.56
ORD_02960,CUST_0337,PROD_036,2023-08-23,5,22.47,112.35
ORD_00443,CUST_0648,PROD_017,2023-08-23,2,228.75,457.5
ORD_02927,CUST_0449,PROD_027,2023-08-23,5,355.74,1778.7
ORD_00237,CUST_0574,PROD_005,2023-08-23,5,70.27,351.34999999999997
ORD_03731,CUST_0766,PROD_010,2023-08-23,5,424.35,2121.75
ORD_02363,CUST_0026,PROD_034,2023-08-23,2,179.48,358.96
ORD_01269,CUST_0268,PROD_036,2023-08-23,1,22.47,22.47
ORD_02045,CUST_0371,PROD_022,2023-08-23,4,221.18,884.72
ORD_01877,CUST_0089,PROD_039,2023-08-23,1,176.9,176.9
ORD_02421,CUST_0809,PROD_047,2023-08-23,3,494.14,1482.42
ORD_00963,CUST_0502,PROD_026,2023-08-23,2,304.53,609.06
ORD_04784,CUST_0322,PROD_020,2023-08-23,4,430.21,1720.84
ORD_02307,CUST_0087,PROD_025,2023-08-23,4,191.87,767.48
ORD_04342,CUST_0411,PROD_010,2023-08-24,4,424.35,1697.4
ORD_03216,CUST_0677,PROD_030,2023-08-24,1,91.76,91.76
ORD_00875,CUST_0880,PROD_029,2023-08-24,2,193.53,387.06
ORD_04047,CUST_0219,PROD_027,2023-08-24,1,355.74,355.74
ORD_00790,CUST_0182,PROD_049,2023-08-24,4,347.25,1389.0
ORD_02958,CUST_0832,PROD_002,2023-08-24,2,248.14,496.28
ORD_02983,CUST_0994,PROD_012,2023-08-24,3,220.67,662.01
ORD_03300,CUST_0225,PROD_033,2023-08-24,4,446.15,1784.6
ORD_02499,CUST_0392,PROD_032,2023-08-24,1,79.87,79.87
ORD_02328,CUST_0441,PROD_023,2023-08-24,5,166.24,831.2
ORD_03755,CUST_0868,PROD_031,2023-08-24,3,220.96,662.88
ORD_03088,CUST_0774,PROD_047,2023-08-25,4,494.14,1976.56
ORD_00792,CUST_0980,PROD_019,2023-08-25,1,412.99,412.99
ORD_02776,CUST_0300,PROD_010,2023-08-25,3,424.35,1273.0500000000002
ORD_04858,CUST_0680,PROD_032,2023-08-25,1,79.87,79.87
ORD_02900,CUST_0514,PROD_011,2023-08-25,2,349.32,698.64
ORD_04732,CUST_0375,PROD_010,2023-08-25,3,424.35,1273.0500000000002
ORD_04825,CUST_0685,PROD_011,2023-08-25,1,349.32,349.32
ORD_00866,CUST_0337,PROD_022,2023-08-25,3,221.18,663.54
ORD_01835,CUST_0788,PROD_017,2023-08-25,3,228.75,686.25
ORD_04775,CUST_0231,PROD_010,2023-08-25,4,424.35,1697.4
ORD_04119,CUST_0078,PROD_022,2023-08-26,4,221.18,884.72
ORD_03593,CUST_0352,PROD_001,2023-08-26,3,154.57,463.71
ORD_04647,CUST_0465,PROD_008,2023-08-26,5,367.3,1836.5
ORD_01395,CUST_0074,PROD_036,2023-08-26,5,22.47,112.35
ORD_01455,CUST_0357,PROD_002,2023-08-26,1,248.14,248.14
ORD_03758,CUST_0232,PROD_016,2023-08-26,5,396.6,1983.0
ORD_03153,CUST_0141,PROD_002,2023-08-26,4,248.14,992.56
ORD_03929,CUST_0953,PROD_018,2023-08-26,5,401.21,2006.05
ORD_01068,CUST_0556,PROD_034,2023-08-26,2,179.48,358.96
ORD_03750,CUST_0394,PROD_011,2023-08-27,5,349.32,1746.6
ORD_02744,CUST_0032,PROD_035,2023-08-27,3,85.69,257.07
ORD_01950,CUST_0220,PROD_029,2023-08-27,1,193.53,193.53
ORD_03700,CUST_0925,PROD_048,2023-08-27,3,232.46,697.38
ORD_03726,CUST_0606,PROD_042,2023-08-27,4,162.5,650.0
ORD_03987,CUST_0669,PROD_031,2023-08-28,4,220.96,883.84
ORD_01094,CUST_0288,PROD_027,2023-08-28,2,355.74,711.48
ORD_02996,CUST_0319,PROD_033,2023-08-28,1,446.15,446.15
ORD_04760,CUST_0793,PROD_034,2023-08-28,4,179.48,717.92
ORD_04140,CUST_0394,PROD_029,2023-08-28,1,193.53,193.53
ORD_02231,CUST_0325,PROD_047,2023-08-28,4,494.14,1976.56
ORD_00339,CUST_0904,PROD_033,2023-08-28,1,446.15,446.15
ORD_01471,CUST_0792,PROD_016,2023-08-28,5,396.6,1983.0
ORD_00732,CUST_0833,PROD_014,2023-08-28,3,144.94,434.82
ORD_00358,CUST_0104,PROD_013,2023-08-28,4,339.75,1359.0
ORD_01694,CUST_0097,PROD_020,2023-09-01,5,430.21,2151.0499999999997
ORD_00962,CUST_0389,PROD_050,2023-09-01,5,78.87,394.35
ORD_04558,CUST_0901,PROD_042,2023-09-01,1,162.5,162.5
ORD_03933,CUST_0502,PROD_044,2023-09-01,5,306.83,1534.1499999999999
ORD_01585,CUST_0107,PROD_005,2023-09-01,3,70.27,210.81
ORD_00208,CUST_0161,PROD_023,2023-09-01,1,166.24,166.24
ORD_00471,CUST_0974,PROD_044,2023-09-01,3,306.83,920.49
ORD_04705,CUST_0719,PROD_005,2023-09-01,4,70.27,281.08
ORD_00053,CUST_0165,PROD_008,2023-09-01,2,367.3,734.6
ORD_02867,CUST_0848,PROD_027,2023-09-01,1,355.74,355.74
ORD_00810,CUST_0590,PROD_013,2023-09-02,1,339.75,339.75
ORD_02493,CUST_0090,PROD_014,2023-09-02,1,144.94,144.94
ORD_01993,CUST_0346,PROD_021,2023-09-02,4,459.15,1836.6
ORD_00880,CUST_0074,PROD_036,2023-09-02,5,22.47,112.35
ORD_00127,CUST_0659,PROD_021,2023-09-02,4,459.15,1836.6
ORD_00554,CUST_0780,PROD_022,2023-09-02,3,221.18,663.54
ORD_03095,CUST_0760,PROD_012,2023-09-02,5,220.67,1103.35
ORD_00971,CUST_0554,PROD_016,2023-09-02,1,396.6,396.6
ORD_03980,CUST_0023,PROD_003,2023-09-02,1,292.83,292.83
ORD_03404,CUST_0118,PROD_044,2023-09-02,3,306.83,920.49
ORD_01293,CUST_0398,PROD_020,2023-09-02,5,430.21,2151.0499999999997
ORD_02410,CUST_0431,PROD_013,2023-09-02,2,339.75,679.5
ORD_02822,CUST_0160,PROD_047,2023-09-03,4,494.14,1976.56
ORD_01437,CUST_0749,PROD_007,2023-09-03,2,178.15,356.3
ORD_03649,CUST_0953,PROD_013,2023-09-03,5,339.75,1698.75
ORD_02104,CUST_0767,PROD_012,2023-09-03,4,220.67,882.68
ORD_02003,CUST_0049,PROD_031,2023-09-03,2,220.96,441.92
ORD_02987,CUST_0427,PROD_021,2023-09-03,1,459.15,459.15
ORD_01963,CUST_0470,PROD_042,2023-09-03,5,162.5,812.5
ORD_01133,CUST_0390,PROD_018,2023-09-03,5,401.21,2006.05
ORD_05000,CUST_0991,PROD_047,2023-09-03,1,494.14,494.14
ORD_00547,CUST_0050,PROD_030,2023-09-03,3,91.76,275.28000000000003
ORD_04806,CUST_0318,PROD_011,2023-09-03,2,349.32,698.64
ORD_04432,CUST_0451,PROD_049,2023-09-03,4,347.25,1389.0
ORD_00003,CUST_0778,PROD_023,2023-09-03,3,166.24,498.72
ORD_00151,CUST_0058,PROD_005,2023-09-04,5,70.27,351.34999999999997
ORD_04928,CUST_0778,PROD_009,2023-09-04,3,329.62,988.86
ORD_00084,CUST_0207,PROD_033,2023-09-04,1,446.15,446.15
ORD_03703,CUST_0506,PROD_031,2023-09-04,4,220.96,883.84
ORD_04610,CUST_0848,PROD_003,2023-09-04,2,292.83,585.66
ORD_02286,CUST_0392,PROD_026,2023-09-04,2,304.53,609.06
ORD_02937,CUST_0574,PROD_015,2023-09-04,1,160.09,160.09
ORD_03368,CUST_0053,PROD_032,2023-09-04,1,79.87,79.87
ORD_04762,CUST_0302,PROD_003,2023-09-04,2,292.83,585.66
ORD_01544,CUST_0735,PROD_049,2023-09-04,3,347.25,1041.75
ORD_04134,CUST_0049,PROD_015,2023-09-04,4,160.09,640.36
ORD_00049,CUST_0277,PROD_046,2023-09-04,4,116.77,467.08
ORD_04440,CUST_0682,PROD_031,2023-09-04,1,220.96,220.96
ORD_03789,CUST_0372,PROD_041,2023-09-04,2,210.72,421.44
ORD_02897,CUST_0515,PROD_030,2023-09-04,1,91.76,91.76
ORD_03239,CUST_0084,PROD_007,2023-09-04,3,178.15,534.45
ORD_03881,CUST_0096,PROD_016,2023-09-04,3,396.6,1189.8000000000002
ORD_01385,CUST_0149,PROD_016,2023-09-04,4,396.6,1586.4
ORD_03904,CUST_0994,PROD_007,2023-09-04,2,178.15,356.3
ORD_00528,CUST_0403,PROD_003,2023-09-05,2,292.83,585.66
ORD_04380,CUST_0213,PROD_024,2023-09-05,5,295.28,1476.3999999999999
ORD_00983,CUST_0955,PROD_018,2023-09-05,1,401.21,401.21
ORD_00653,CUST_0872,PROD_016,2023-09-05,3,396.6,1189.8000000000002
ORD_02059,CUST_0670,PROD_040,2023-09-05,4,45.14,180.56
ORD_01501,CUST_0520,PROD_028,2023-09-05,5,347.32,1736.6
ORD_01902,CUST_0978,PROD_048,2023-09-05,3,232.46,697.38
ORD_01602,CUST_0617,PROD_043,2023-09-05,1,341.79,341.79
ORD_02581,CUST_0448,PROD_037,2023-09-05,2,326.45,652.9
ORD_00160,CUST_0525,PROD_013,2023-09-05,3,339.75,1019.25
ORD_02062,CUST_0685,PROD_037,2023-09-05,2,326.45,652.9
ORD_00715,CUST_0665,PROD_023,2023-09-05,2,166.24,332.48
ORD_00128,CUST_0061,PROD_033,2023-09-05,3,446.15,1338.4499999999998
ORD_01597,CUST_0166,PROD_020,2023-09-05,1,430.21,430.21
ORD_00894,CUST_0074,PROD_012,2023-09-05,4,220.67,882.68
ORD_02022,CUST_0062,PROD_049,2023-09-05,1,347.25,347.25
ORD_04093,CUST_0542,PROD_023,2023-09-05,5,166.24,831.2
ORD_02337,CUST_0991,PROD_016,2023-09-05,2,396.6,793.2
ORD_04996,CUST_0232,PROD_030,2023-09-05,5,91.76,458.8
ORD_04228,CUST_0023,PROD_006,2023-09-05,3,283.73,851.19
ORD_03604,CUST_0872,PROD_016,2023-09-06,3,396.6,1189.8000000000002
ORD_00097,CUST_0855,PROD_039,2023-09-06,1,176.9,176.9
ORD_02662,CUST_0449,PROD_047,2023-09-06,2,494.14,988.28
ORD_02094,CUST_0166,PROD_018,2023-09-06,2,401.21,802.42
ORD_04959,CUST_0142,PROD_017,2023-09-06,3,228.75,686.25
ORD_00961,CUST_0050,PROD_007,2023-09-06,1,178.15,178.15
ORD_01414,CUST_0144,PROD_032,2023-09-06,5,79.87,399.35
ORD_01893,CUST_0424,PROD_017,2023-09-06,4,228.75,915.0
ORD_03902,CUST_0370,PROD_018,2023-09-06,5,401.21,2006.05
ORD_04897,CUST_0403,PROD_008,2023-09-06,2,367.3,734.6
ORD_02854,CUST_0487,PROD_021,2023-09-07,3,459.15,1377.4499999999998
ORD_00856,CUST_0061,PROD_031,2023-09-07,3,220.96,662.88
ORD_01034,CUST_0986,PROD_007,2023-09-07,3,178.15,534.45
ORD_04433,CUST_0819,PROD_001,2023-09-07,5,154.57,772.8499999999999
ORD_04427,CUST_0378,PROD_023,2023-09-07,4,166.24,664.96
ORD_03259,CUST_0345,PROD_030,2023-09-07,3,91.76,275.28000000000003
ORD_00798,CUST_0058,PROD_025,2023-09-07,1,191.87,191.87
ORD_03846,CUST_0047,PROD_017,2023-09-07,5,228.75,1143.75
ORD_01103,CUST_0538,PROD_030,2023-09-07,5,91.76,458.8
ORD_01401,CUST_0016,PROD_008,2023-09-07,2,367.3,734.6
ORD_04158,CUST_0040,PROD_028,2023-09-07,4,347.32,1389.28
ORD_03967,CUST_0568,PROD_042,2023-09-07,3,162.5,487.5
ORD_02531,CUST_0021,PROD_026,2023-09-07,3,304.53,913.5899999999999
ORD_00427,CUST_0943,PROD_004,2023-09-07,3,31.43,94.28999999999999
ORD_04019,CUST_0288,PROD_022,2023-09-07,1,221.18,221.18
ORD_04287,CUST_0343,PROD_023,2023-09-07,2,166.24,332.48
ORD_00006,CUST_0639,PROD_008,2023-09-07,5,367.3,1836.5
ORD_04614,CUST_0392,PROD_037,2023-09-07,2,326.45,652.9
ORD_03561,CUST_0060,PROD_013,2023-09-08,2,339.75,679.5
ORD_04803,CUST_0378,PROD_016,2023-09-08,2,396.6,793.2
ORD_03408,CUST_0692,PROD_002,2023-09-08,4,248.14,992.56
ORD_01972,CUST_0014,PROD_003,2023-09-08,1,292.83,292.83
ORD_04347,CUST_0899,PROD_011,2023-09-08,1,349.32,349.32
ORD_02370,CUST_0392,PROD_048,2023-09-08,3,232.46,697.38
ORD_01209,CUST_0865,PROD_017,2023-09-08,3,228.75,686.25
ORD_02488,CUST_0518,PROD_047,2023-09-08,5,494.14,2470.7
ORD_03181,CUST_0378,PROD_014,2023-09-09,4,144.94,579.76
ORD_00667,CUST_0757,PROD_040,2023-09-09,2,45.14,90.28
ORD_04994,CUST_0205,PROD_042,2023-09-09,2,162.5,325.0
ORD_02232,CUST_0351,PROD_019,2023-09-09,4,412.99,1651.96
ORD_02690,CUST_0713,PROD_039,2023-09-09,2,176.9,353.8
ORD_00336,CUST_0394,PROD_042,2023-09-09,5,162.5,812.5
ORD_00707,CUST_0127,PROD_046,2023-09-09,3,116.77,350.31
ORD_00110,CUST_0456,PROD_037,2023-09-09,1,326.45,326.45
ORD_01824,CUST_0011,PROD_001,2023-09-09,4,154.57,618.28
ORD_00617,CUST_0724,PROD_020,2023-09-09,3,430.21,1290.6299999999999
ORD_03391,CUST_0214,PROD_008,2023-09-09,2,367.3,734.6
ORD_01274,CUST_0387,PROD_011,2023-09-09,3,349.32,1047.96
ORD_00043,CUST_0952,PROD_045,2023-09-09,1,188.65,188.65
ORD_04274,CUST_0755,PROD_042,2023-09-09,5,162.5,812.5
ORD_02466,CUST_0656,PROD_023,2023-09-10,2,166.24,332.48
ORD_01522,CUST_0431,PROD_009,2023-09-10,4,329.62,1318.48
ORD_00440,CUST_0104,PROD_028,2023-09-10,3,347.32,1041.96
ORD_00269,CUST_0736,PROD_034,2023-09-10,5,179.48,897.4
ORD_00448,CUST_0836,PROD_008,2023-09-10,4,367.3,1469.2
ORD_00158,CUST_0871,PROD_015,2023-09-10,5,160.09,800.45
ORD_01512,CUST_0888,PROD_026,2023-09-10,4,304.53,1218.12
ORD_02474,CUST_0474,PROD_017,2023-09-10,3,228.75,686.25
ORD_02864,CUST_0635,PROD_018,2023-09-10,3,401.21,1203.6299999999999
ORD_03495,CUST_0225,PROD_001,2023-09-10,3,154.57,463.71
ORD_03543,CUST_0816,PROD_024,2023-09-10,2,295.28,590.56
ORD_04205,CUST_0323,PROD_023,2023-09-10,1,166.24,166.24
ORD_04084,CUST_0074,PROD_010,2023-09-10,2,424.35,848.7
ORD_01735,CUST_0630,PROD_011,2023-09-10,4,349.32,1397.28
ORD_02443,CUST_0392,PROD_028,2023-09-10,3,347.32,1041.96
ORD_00678,CUST_0048,PROD_018,2023-09-10,3,401.21,1203.6299999999999
ORD_01828,CUST_0371,PROD_031,2023-09-10,2,220.96,441.92
ORD_04279,CUST_0070,PROD_002,2023-09-10,1,248.14,248.14
ORD_03236,CUST_0904,PROD_040,2023-09-10,2,45.14,90.28
ORD_03198,CUST_0310,PROD_008,2023-09-10,3,367.3,1101.9
ORD_01889,CUST_0777,PROD_043,2023-09-10,1,341.79,341.79
ORD_01594,CUST_0083,PROD_021,2023-09-10,2,459.15,918.3
ORD_02146,CUST_0721,PROD_050,2023-09-10,2,78.87,157.74
ORD_04245,CUST_0701,PROD_005,2023-09-10,3,70.27,210.81
ORD_02920,CUST_0704,PROD_028,2023-09-10,5,347.32,1736.6
ORD_00737,CUST_0718,PROD_033,2023-09-11,1,446.15,446.15
ORD_04990,CUST_0941,PROD_005,2023-09-11,5,70.27,351.34999999999997
ORD_04289,CUST_0996,PROD_049,2023-09-11,1,347.25,347.25
ORD_04793,CUST_0648,PROD_028,2023-09-11,4,347.32,1389.28
ORD_04030,CUST_0071,PROD_028,2023-09-11,3,347.32,1041.96
ORD_02127,CUST_0516,PROD_001,2023-09-11,4,154.57,618.28
ORD_00461,CUST_0142,PROD_037,2023-09-11,4,326.45,1305.8
ORD_02163,CUST_0630,PROD_045,2023-09-11,5,188.65,943.25
ORD_00862,CUST_0461,PROD_021,2023-09-11,2,459.15,918.3
ORD_02613,CUST_0086,PROD_004,2023-09-11,1,31.43,31.43
ORD_00842,CUST_0495,PROD_024,2023-09-11,1,295.28,295.28
ORD_03309,CUST_0765,PROD_028,2023-09-11,3,347.32,1041.96
ORD_00258,CUST_0432,PROD_028,2023-09-11,1,347.32,347.32
ORD_01408,CUST_0186,PROD_017,2023-09-11,2,228.75,457.5
ORD_01931,CUST_0086,PROD_019,2023-09-11,2,412.99,825.98
ORD_00593,CUST_0131,PROD_016,2023-09-12,4,396.6,1586.4
ORD_00659,CUST_0325,PROD_033,2023-09-12,4,446.15,1784.6
ORD_01343,CUST_0869,PROD_005,2023-09-12,3,70.27,210.81
ORD_00257,CUST_0023,PROD_020,2023-09-12,3,430.21,1290.6299999999999
ORD_04891,CUST_0691,PROD_049,2023-09-12,3,347.25,1041.75
ORD_01891,CUST_0747,PROD_001,2023-09-12,2,154.57,309.14
ORD_03155,CUST_0680,PROD_026,2023-09-12,4,304.53,1218.12
ORD_03957,CUST_0176,PROD_008,2023-09-12,5,367.3,1836.5
ORD_01552,CUST_0735,PROD_027,2023-09-12,2,355.74,711.48
ORD_00357,CUST_0149,PROD_004,2023-09-13,1,31.43,31.43
ORD_04704,CUST_0283,PROD_037,2023-09-13,5,326.45,1632.25
ORD_04791,CUST_0947,PROD_033,2023-09-13,1,446.15,446.15
ORD_01928,CUST_0011,PROD_038,2023-09-13,5,322.08,1610.3999999999999
ORD_02210,CUST_0919,PROD_018,2023-09-13,3,401.21,1203.6299999999999
ORD_01339,CUST_0340,PROD_017,2023-09-13,3,228.75,686.25
ORD_03454,CUST_0306,PROD_009,2023-09-13,3,329.62,988.86
ORD_01556,CUST_0699,PROD_031,2023-09-13,4,220.96,883.84
ORD_01508,CUST_0337,PROD_013,2023-09-13,1,339.75,339.75
ORD_00326,CUST_0736,PROD_018,2023-09-14,1,401.21,401.21
ORD_00821,CUST_0361,PROD_033,2023-09-14,1,446.15,446.15
ORD_00185,CUST_0224,PROD_042,2023-09-14,5,162.5,812.5
ORD_02640,CUST_0962,PROD_040,2023-09-14,5,45.14,225.7
ORD_00584,CUST_0428,PROD_047,2023-09-14,3,494.14,1482.42
ORD_01294,CUST_0409,PROD_011,2023-09-14,1,349.32,349.32
ORD_02909,CUST_0595,PROD_001,2023-09-14,5,154.57,772.8499999999999
ORD_01166,CUST_0206,PROD_049,2023-09-14,2,347.25,694.5
ORD_01691,CUST_0552,PROD_016,2023-09-14,4,396.6,1586.4
ORD_00007,CUST_0225,PROD_043,2023-09-14,4,341.79,1367.16
ORD_00414,CUST_0078,PROD_037,2023-09-14,3,326.45,979.3499999999999
ORD_03744,CUST_0824,PROD_049,2023-09-14,1,347.25,347.25
ORD_01503,CUST_0153,PROD_039,2023-09-14,3,176.9,530.7
ORD_04273,CUST_0087,PROD_003,2023-09-15,2,292.83,585.66
ORD_02508,CUST_0565,PROD_046,2023-09-15,5,116.77,583.85
ORD_00795,CUST_0565,PROD_025,2023-09-15,4,191.87,767.48
ORD_03022,CUST_0505,PROD_025,2023-09-15,2,191.87,383.74
ORD_04585,CUST_0206,PROD_001,2023-09-15,1,154.57,154.57
ORD_00186,CUST_0539,PROD_047,2023-09-15,1,494.14,494.14
ORD_00180,CUST_0162,PROD_035,2023-09-15,3,85.69,257.07
ORD_04120,CUST_0107,PROD_030,2023-09-15,1,91.76,91.76
ORD_00805,CUST_0043,PROD_006,2023-09-15,4,283.73,1134.92
ORD_00189,CUST_0125,PROD_004,2023-09-16,4,31.43,125.72
ORD_02402,CUST_0283,PROD_048,2023-09-16,5,232.46,1162.3
ORD_00719,CUST_0270,PROD_012,2023-09-16,5,220.67,1103.35
ORD_00840,CUST_0061,PROD_029,2023-09-16,3,193.53,580.59
ORD_01206,CUST_0883,PROD_031,2023-09-16,3,220.96,662.88
ORD_00988,CUST_0116,PROD_003,2023-09-16,2,292.83,585.66
ORD_04486,CUST_0477,PROD_014,2023-09-16,2,144.94,289.88
ORD_02783,CUST_0675,PROD_035,2023-09-16,5,85.69,428.45
ORD_04976,CUST_0330,PROD_035,2023-09-17,5,85.69,428.45
ORD_02372,CUST_0097,PROD_013,2023-09-17,4,339.75,1359.0
ORD_02478,CUST_0435,PROD_032,2023-09-17,1,79.87,79.87
ORD_01465,CUST_0578,PROD_048,2023-09-17,5,232.46,1162.3
ORD_01870,CUST_0474,PROD_013,2023-09-17,5,339.75,1698.75
ORD_01722,CUST_0018,PROD_050,2023-09-17,4,78.87,315.48
ORD_00936,CUST_0540,PROD_001,2023-09-17,2,154.57,309.14
ORD_00533,CUST_0091,PROD_037,2023-09-17,3,326.45,979.3499999999999
ORD_00769,CUST_0391,PROD_048,2023-09-17,2,232.46,464.92
ORD_03643,CUST_0477,PROD_005,2023-09-17,2,70.27,140.54
ORD_02050,CUST_0232,PROD_046,2023-09-17,1,116.77,116.77
ORD_04323,CUST_0082,PROD_023,2023-09-17,1,166.24,166.24
ORD_03797,CUST_0378,PROD_003,2023-09-17,2,292.83,585.66
ORD_04459,CUST_0843,PROD_006,2023-09-17,2,283.73,567.46
ORD_04014,CUST_0371,PROD_032,2023-09-17,5,79.87,399.35
ORD_01481,CUST_0588,PROD_022,2023-09-18,1,221.18,221.18
ORD_03534,CUST_0749,PROD_048,2023-09-18,1,232.46,232.46
ORD_01746,CUST_0743,PROD_039,2023-09-18,3,176.9,530.7
ORD_02614,CUST_0257,PROD_022,2023-09-18,3,221.18,663.54
ORD_00980,CUST_0527,PROD_008,2023-09-18,1,367.3,367.3
ORD_03174,CUST_0394,PROD_004,2023-09-18,1,31.43,31.43
ORD_01599,CUST_0150,PROD_005,2023-09-18,1,70.27,70.27
ORD_03735,CUST_0739,PROD_005,2023-09-18,4,70.27,281.08
ORD_00595,CUST_0364,PROD_032,2023-09-18,2,79.87,159.74
ORD_04376,CUST_0929,PROD_036,2023-09-18,1,22.47,22.47
ORD_00183,CUST_0477,PROD_041,2023-09-18,2,210.72,421.44
ORD_00589,CUST_0553,PROD_031,2023-09-19,3,220.96,662.88
ORD_02623,CUST_0621,PROD_002,2023-09-19,3,248.14,744.42
ORD_03114,CUST_0996,PROD_039,2023-09-19,4,176.9,707.6
ORD_03403,CUST_0461,PROD_033,2023-09-19,3,446.15,1338.4499999999998
ORD_00910,CUST_0947,PROD_045,2023-09-19,1,188.65,188.65
ORD_03292,CUST_0306,PROD_016,2023-09-19,2,396.6,793.2
ORD_03882,CUST_0478,PROD_020,2023-09-19,5,430.21,2151.0499999999997
ORD_04234,CUST_0672,PROD_003,2023-09-19,1,292.83,292.83
ORD_04362,CUST_0325,PROD_047,2023-09-19,3,494.14,1482.42
ORD_04679,CUST_0871,PROD_031,2023-09-19,3,220.96,662.88
ORD_01334,CUST_0052,PROD_015,2023-09-19,3,160.09,480.27
ORD_02233,CUST_0574,PROD_029,2023-09-19,4,193.53,774.12
ORD_03066,CUST_0104,PROD_039,2023-09-20,3,176.9,530.7
ORD_00264,CUST_0283,PROD_036,2023-09-20,5,22.47,112.35
ORD_03516,CUST_0631,PROD_037,2023-09-20,3,326.45,979.3499999999999
ORD_04035,CUST_0543,PROD_021,2023-09-20,1,459.15,459.15
ORD_03770,CUST_0394,PROD_011,2023-09-20,5,349.32,1746.6
ORD_02926,CUST_0176,PROD_041,2023-09-20,1,210.72,210.72
ORD_02239,CUST_0727,PROD_002,2023-09-20,1,248.14,248.14
ORD_02542,CUST_0594,PROD_012,2023-09-20,4,220.67,882.68
ORD_02071,CUST_0431,PROD_014,2023-09-20,3,144.94,434.82
ORD_00973,CUST_0883,PROD_022,2023-09-20,4,221.18,884.72
ORD_03629,CUST_0778,PROD_020,2023-09-20,5,430.21,2151.0499999999997
ORD_01709,CUST_0322,PROD_040,2023-09-20,1,45.14,45.14
ORD_02893,CUST_0378,PROD_042,2023-09-20,1,162.5,162.5
ORD_02456,CUST_0225,PROD_039,2023-09-21,4,176.9,707.6
ORD_02736,CUST_0474,PROD_008,2023-09-21,2,367.3,734.6
ORD_03261,CUST_0236,PROD_043,2023-09-21,3,341.79,1025.3700000000001
ORD_03291,CUST_0378,PROD_046,2023-09-21,3,116.77,350.31
ORD_01475,CUST_0343,PROD_040,2023-09-21,3,45.14,135.42000000000002
ORD_00669,CUST_0675,PROD_049,2023-09-21,1,347.25,347.25
ORD_00092,CUST_0029,PROD_029,2023-09-22,2,193.53,387.06
ORD_04092,CUST_0118,PROD_050,2023-09-22,4,78.87,315.48
ORD_01082,CUST_0786,PROD_001,2023-09-22,3,154.57,463.71
ORD_02689,CUST_0354,PROD_016,2023-09-22,2,396.6,793.2
ORD_04594,CUST_0370,PROD_008,2023-09-22,1,367.3,367.3
ORD_02148,CUST_0621,PROD_043,2023-09-22,2,341.79,683.58
ORD_03559,CUST_0186,PROD_025,2023-09-22,4,191.87,767.48
ORD_02428,CUST_0611,PROD_010,2023-09-22,1,424.35,424.35
ORD_01048,CUST_0536,PROD_001,2023-09-22,4,154.57,618.28
ORD_02544,CUST_0601,PROD_022,2023-09-23,4,221.18,884.72
ORD_03487,CUST_0323,PROD_028,2023-09-23,5,347.32,1736.6
ORD_03655,CUST_0033,PROD_027,2023-09-23,3,355.74,1067.22
ORD_04763,CUST_0621,PROD_017,2023-09-23,2,228.75,457.5
ORD_03554,CUST_0116,PROD_044,2023-09-23,3,306.83,920.49
ORD_02001,CUST_0721,PROD_020,2023-09-23,2,430.21,860.42
ORD_04313,CUST_0912,PROD_005,2023-09-23,5,70.27,351.34999999999997
ORD_02314,CUST_0626,PROD_017,2023-09-23,1,228.75,228.75
ORD_04719,CUST_0769,PROD_017,2023-09-24,5,228.75,1143.75
ORD_04359,CUST_0494,PROD_024,2023-09-24,4,295.28,1181.12
ORD_03557,CUST_0645,PROD_007,2023-09-24,3,178.15,534.45
ORD_04320,CUST_0125,PROD_049,2023-09-24,1,347.25,347.25
ORD_02720,CUST_0742,PROD_013,2023-09-24,4,339.75,1359.0
ORD_01786,CUST_0062,PROD_019,2023-09-24,3,412.99,1238.97
ORD_04438,CUST_0016,PROD_047,2023-09-24,3,494.14,1482.42
ORD_00451,CUST_0375,PROD_035,2023-09-24,4,85.69,342.76
ORD_00025,CUST_0224,PROD_001,2023-09-24,5,154.57,772.8499999999999
ORD_03328,CUST_0948,PROD_038,2023-09-24,4,322.08,1288.32
ORD_04126,CUST_0352,PROD_042,2023-09-24,4,162.5,650.0
ORD_04167,CUST_0925,PROD_021,2023-09-25,1,459.15,459.15
ORD_02610,CUST_0863,PROD_037,2023-09-25,3,326.45,979.3499999999999
ORD_03188,CUST_0561,PROD_039,2023-09-25,2,176.9,353.8
ORD_04374,CUST_0476,PROD_006,2023-09-25,3,283.73,851.19
ORD_00240,CUST_0389,PROD_041,2023-09-25,4,210.72,842.88
ORD_00045,CUST_0486,PROD_028,2023-09-25,2,347.32,694.64
ORD_03111,CUST_0784,PROD_044,2023-09-25,4,306.83,1227.32
ORD_01157,CUST_0123,PROD_033,2023-09-25,5,446.15,2230.75
ORD_01463,CUST_0305,PROD_003,2023-09-25,2,292.83,585.66
ORD_03798,CUST_0785,PROD_037,2023-09-25,2,326.45,652.9
ORD_03626,CUST_0432,PROD_014,2023-09-25,5,144.94,724.7
ORD_04314,CUST_0124,PROD_011,2023-09-26,2,349.32,698.64
ORD_02666,CUST_0530,PROD_003,2023-09-26,3,292.83,878.49
ORD_02658,CUST_0228,PROD_013,2023-09-26,5,339.75,1698.75
ORD_01845,CUST_0066,PROD_021,2023-09-26,4,459.15,1836.6
ORD_03485,CUST_0795,PROD_005,2023-09-26,1,70.27,70.27
ORD_01310,CUST_0053,PROD_031,2023-09-26,1,220.96,220.96
ORD_01210,CUST_0752,PROD_034,2023-09-26,3,179.48,538.4399999999999
ORD_00202,CUST_0788,PROD_007,2023-09-26,5,178.15,890.75
ORD_01568,CUST_0040,PROD_020,2023-09-26,3,430.21,1290.6299999999999
ORD_04547,CUST_0132,PROD_008,2023-09-26,2,367.3,734.6
ORD_02912,CUST_0362,PROD_020,2023-09-26,2,430.21,860.42
ORD_01298,CUST_0630,PROD_044,2023-09-26,2,306.83,613.66
ORD_01560,CUST_0907,PROD_030,2023-09-27,3,91.76,275.28000000000003
ORD_01900,CUST_0593,PROD_030,2023-09-27,4,91.76,367.04
ORD_02459,CUST_0207,PROD_007,2023-09-27,2,178.15,356.3
ORD_04839,CUST_0928,PROD_021,2023-09-27,1,459.15,459.15
ORD_03829,CUST_0816,PROD_050,2023-09-27,5,78.87,394.35
ORD_02441,CUST_0861,PROD_038,2023-09-27,2,322.08,644.16
ORD_03571,CUST_0945,PROD_049,2023-09-27,2,347.25,694.5
ORD_03868,CUST_0584,PROD_003,2023-09-27,2,292.83,585.66
ORD_01513,CUST_0049,PROD_012,2023-09-28,5,220.67,1103.35
ORD_03406,CUST_0941,PROD_008,2023-09-28,4,367.3,1469.2
ORD_02543,CUST_0048,PROD_027,2023-09-28,2,355.74,711.48
ORD_02663,CUST_0309,PROD_023,2023-09-28,2,166.24,332.48
ORD_02624,CUST_0227,PROD_042,2023-09-28,3,162.5,487.5
ORD_04689,CUST_0809,PROD_015,2023-09-28,3,160.09,480.27
ORD_03422,CUST_0925,PROD_037,2023-09-28,4,326.45,1305.8
ORD_02961,CUST_0946,PROD_017,2023-09-28,2,228.75,457.5
ORD_01330,CUST_0098,PROD_040,2023-09-28,5,45.14,225.7
ORD_01531,CUST_0857,PROD_003,2023-09-28,5,292.83,1464.1499999999999
ORD_02777,CUST_0119,PROD_044,2023-09-28,4,306.83,1227.32
ORD_02708,CUST_0658,PROD_030,2023-09-28,1,91.76,91.76
ORD_02921,CUST_0525,PROD_027,2023-09-28,5,355.74,1778.7
ORD_00569,CUST_0833,PROD_006,2023-09-28,4,283.73,1134.92
ORD_02237,CUST_0605,PROD_001,2023-09-28,1,154.57,154.57
ORD_00970,CUST_0069,PROD_050,2023-09-28,1,78.87,78.87
ORD_03807,CUST_0948,PROD_006,2023-09-28,2,283.73,567.46
ORD_02943,CUST_0927,PROD_033,2023-09-28,5,446.15,2230.75
ORD_04188,CUST_0283,PROD_030,2023-10-01,4,91.76,367.04
ORD_01626,CUST_0983,PROD_050,2023-10-01,5,78.87,394.35
ORD_04751,CUST_0405,PROD_001,2023-10-01,1,154.57,154.57
ORD_01876,CUST_0050,PROD_034,2023-10-01,3,179.48,538.4399999999999
ORD_03575,CUST_0417,PROD_042,2023-10-01,5,162.5,812.5
ORD_00884,CUST_0299,PROD_008,2023-10-01,5,367.3,1836.5
ORD_03333,CUST_0461,PROD_048,2023-10-01,1,232.46,232.46
ORD_00068,CUST_0391,PROD_033,2023-10-01,4,446.15,1784.6
ORD_01832,CUST_0918,PROD_042,2023-10-01,4,162.5,650.0
ORD_01187,CUST_0392,PROD_046,2023-10-01,3,116.77,350.31
ORD_00108,CUST_0207,PROD_027,2023-10-01,2,355.74,711.48
ORD_01524,CUST_0354,PROD_001,2023-10-01,2,154.57,309.14
ORD_03707,CUST_0677,PROD_048,2023-10-01,2,232.46,464.92
ORD_02680,CUST_0767,PROD_018,2023-10-01,1,401.21,401.21
ORD_02111,CUST_0630,PROD_013,2023-10-01,1,339.75,339.75
ORD_02285,CUST_0432,PROD_006,2023-10-01,3,283.73,851.19
ORD_02359,CUST_0615,PROD_038,2023-10-01,4,322.08,1288.32
ORD_04254,CUST_0280,PROD_045,2023-10-02,3,188.65,565.95
ORD_03955,CUST_0480,PROD_020,2023-10-02,2,430.21,860.42
ORD_04520,CUST_0757,PROD_022,2023-10-02,2,221.18,442.36
ORD_01858,CUST_0307,PROD_006,2023-10-02,5,283.73,1418.65
ORD_04871,CUST_0880,PROD_039,2023-10-02,5,176.9,884.5
ORD_01850,CUST_0826,PROD_004,2023-10-02,3,31.43,94.28999999999999
ORD_02527,CUST_0228,PROD_021,2023-10-02,4,459.15,1836.6
ORD_03531,CUST_0659,PROD_027,2023-10-02,3,355.74,1067.22
ORD_00018,CUST_0567,PROD_006,2023-10-02,1,283.73,283.73
ORD_00689,CUST_0615,PROD_013,2023-10-02,3,339.75,1019.25
ORD_04365,CUST_0340,PROD_022,2023-10-02,4,221.18,884.72
ORD_01365,CUST_0001,PROD_038,2023-10-02,1,322.08,322.08
ORD_01419,CUST_0786,PROD_024,2023-10-02,2,295.28,590.56
ORD_04439,CUST_0306,PROD_037,2023-10-02,1,326.45,326.45
ORD_03090,CUST_0074,PROD_014,2023-10-02,5,144.94,724.7
ORD_04038,CUST_0104,PROD_031,2023-10-02,1,220.96,220.96
ORD_02760,CUST_0606,PROD_009,2023-10-02,4,329.62,1318.48
ORD_00608,CUST_0225,PROD_044,2023-10-02,5,306.83,1534.1499999999999
ORD_03745,CUST_0507,PROD_022,2023-10-02,3,221.18,663.54
ORD_03008,CUST_0495,PROD_001,2023-10-02,3,154.57,463.71
ORD_03972,CUST_0545,PROD_046,2023-10-02,4,116.77,467.08
ORD_03715,CUST_0068,PROD_042,2023-10-02,1,162.5,162.5
ORD_03296,CUST_0532,PROD_045,2023-10-02,3,188.65,565.95
ORD_03108,CUST_0142,PROD_021,2023-10-02,5,459.15,2295.75
ORD_04199,CUST_0317,PROD_036,2023-10-02,3,22.47,67.41
ORD_04484,CUST_0857,PROD_027,2023-10-02,4,355.74,1422.96
ORD_02040,CUST_0228,PROD_033,2023-10-02,3,446.15,1338.4499999999998
ORD_01725,CUST_0580,PROD_003,2023-10-03,2,292.83,585.66
ORD_03752,CUST_0682,PROD_047,2023-10-03,4,494.14,1976.56
ORD_02308,CUST_0127,PROD_028,2023-10-03,1,347.32,347.32
ORD_00929,CUST_0429,PROD_023,2023-10-03,2,166.24,332.48
ORD_02169,CUST_0040,PROD_027,2023-10-03,1,355.74,355.74
ORD_00445,CUST_0355,PROD_003,2023-10-03,4,292.83,1171.32
ORD_03923,CUST_0354,PROD_014,2023-10-03,1,144.94,144.94
ORD_00620,CUST_0268,PROD_041,2023-10-03,3,210.72,632.16
ORD_01476,CUST_0668,PROD_001,2023-10-03,3,154.57,463.71
ORD_03981,CUST_0800,PROD_011,2023-10-03,5,349.32,1746.6
ORD_02797,CUST_0391,PROD_048,2023-10-03,1,232.46,232.46
ORD_02906,CUST_0557,PROD_016,2023-10-03,3,396.6,1189.8000000000002
ORD_03494,CUST_0051,PROD_043,2023-10-03,5,341.79,1708.95
ORD_00066,CUST_0522,PROD_035,2023-10-03,1,85.69,85.69
ORD_00250,CUST_0490,PROD_021,2023-10-03,1,459.15,459.15
ORD_01817,CUST_0136,PROD_026,2023-10-03,4,304.53,1218.12
ORD_03548,CUST_0968,PROD_043,2023-10-03,2,341.79,683.58
ORD_03775,CUST_0571,PROD_008,2023-10-03,4,367.3,1469.2
ORD_03960,CUST_0615,PROD_029,2023-10-03,3,193.53,580.59
ORD_03475,CUST_0199,PROD_017,2023-10-03,2,228.75,457.5
ORD_00458,CUST_0068,PROD_033,2023-10-03,3,446.15,1338.4499999999998
ORD_01440,CUST_0378,PROD_038,2023-10-04,4,322.08,1288.32
ORD_02429,CUST_0401,PROD_023,2023-10-04,3,166.24,498.72
ORD_01571,CUST_0648,PROD_042,2023-10-04,5,162.5,812.5
ORD_02889,CUST_0777,PROD_021,2023-10-04,4,459.15,1836.6
ORD_04125,CUST_0781,PROD_038,2023-10-04,5,322.08,1610.3999999999999
ORD_00260,CUST_0049,PROD_018,2023-10-04,3,401.21,1203.6299999999999
ORD_00278,CUST_0020,PROD_003,2023-10-04,3,292.83,878.49
ORD_02540,CUST_0144,PROD_013,2023-10-04,2,339.75,679.5
ORD_01813,CUST_0390,PROD_027,2023-10-04,2,355.74,711.48
ORD_01676,CUST_0061,PROD_045,2023-10-04,2,188.65,377.3
ORD_03625,CUST_0259,PROD_018,2023-10-04,1,401.21,401.21
ORD_04929,CUST_0820,PROD_045,2023-10-04,2,188.65,377.3
ORD_01862,CUST_0773,PROD_038,2023-10-04,4,322.08,1288.32
ORD_03704,CUST_0915,PROD_012,2023-10-04,3,220.67,662.01
ORD_04368,CUST_0507,PROD_048,2023-10-04,5,232.46,1162.3
ORD_00422,CUST_0379,PROD_015,2023-10-04,2,160.09,320.18
ORD_04723,CUST_0665,PROD_007,2023-10-04,4,178.15,712.6
ORD_00002,CUST_0363,PROD_035,2023-10-05,3,85.69,257.07
ORD_00172,CUST_0868,PROD_004,2023-10-05,3,31.43,94.28999999999999
ORD_01095,CUST_0721,PROD_048,2023-10-05,4,232.46,929.84
ORD_03612,CUST_0785,PROD_050,2023-10-05,4,78.87,315.48
ORD_00397,CUST_0050,PROD_019,2023-10-05,5,412.99,2064.95
ORD_00552,CUST_0562,PROD_026,2023-10-05,3,304.53,913.5899999999999
ORD_00713,CUST_0784,PROD_028,2023-10-05,4,347.32,1389.28
ORD_01081,CUST_0552,PROD_045,2023-10-05,1,188.65,188.65
ORD_03002,CUST_0387,PROD_016,2023-10-05,2,396.6,793.2
ORD_04799,CUST_0160,PROD_017,2023-10-05,1,228.75,228.75
ORD_02849,CUST_0108,PROD_050,2023-10-05,2,78.87,157.74
ORD_02514,CUST_0704,PROD_004,2023-10-05,4,31.43,125.72
ORD_01176,CUST_0118,PROD_017,2023-10-05,5,228.75,1143.75
ORD_03217,CUST_0541,PROD_010,2023-10-05,3,424.35,1273.0500000000002
ORD_02178,CUST_0626,PROD_002,2023-10-05,5,248.14,1240.6999999999998
ORD_04815,CUST_0362,PROD_007,2023-10-05,3,178.15,534.45
ORD_03215,CUST_0796,PROD_010,2023-10-05,4,424.35,1697.4
ORD_03144,CUST_0697,PROD_020,2023-10-05,5,430.21,2151.0499999999997
ORD_02770,CUST_0207,PROD_040,2023-10-05,1,45.14,45.14
ORD_04197,CUST_0335,PROD_045,2023-10-05,1,188.65,188.65
ORD_01593,CUST_0877,PROD_021,2023-10-05,4,459.15,1836.6
ORD_04499,CUST_0888,PROD_035,2023-10-05,3,85.69,257.07
ORD_01191,CUST_0918,PROD_043,2023-10-05,5,341.79,1708.95
ORD_01810,CUST_0460,PROD_012,2023-10-05,5,220.67,1103.35
ORD_01854,CUST_0502,PROD_045,2023-10-05,1,188.65,188.65
ORD_02629,CUST_0572,PROD_015,2023-10-05,2,160.09,320.18
ORD_00296,CUST_0280,PROD_023,2023-10-06,2,166.24,332.48
ORD_04295,CUST_0540,PROD_034,2023-10-06,2,179.48,358.96
ORD_02160,CUST_0063,PROD_044,2023-10-06,4,306.83,1227.32
ORD_02695,CUST_0479,PROD_002,2023-10-06,3,248.14,744.42
ORD_02564,CUST_0964,PROD_001,2023-10-06,2,154.57,309.14
ORD_01657,CUST_0927,PROD_004,2023-10-06,4,31.43,125.72
ORD_02165,CUST_0633,PROD_050,2023-10-06,3,78.87,236.61
ORD_02808,CUST_0134,PROD_042,2023-10-06,5,162.5,812.5
ORD_01679,CUST_0039,PROD_024,2023-10-06,5,295.28,1476.3999999999999
ORD_00556,CUST_0041,PROD_001,2023-10-06,1,154.57,154.57
ORD_04581,CUST_0273,PROD_014,2023-10-06,1,144.94,144.94
ORD_03620,CUST_0287,PROD_036,2023-10-06,5,22.47,112.35
ORD_03590,CUST_0172,PROD_036,2023-10-06,5,22.47,112.35
ORD_03001,CUST_0865,PROD_014,2023-10-06,3,144.94,434.82
ORD_04482,CUST_0427,PROD_036,2023-10-06,1,22.47,22.47
ORD_03958,CUST_0909,PROD_040,2023-10-06,4,45.14,180.56
ORD_04982,CUST_0701,PROD_024,2023-10-06,3,295.28,885.8399999999999
ORD_04570,CUST_0207,PROD_049,2023-10-06,5,347.25,1736.25
ORD_00287,CUST_0942,PROD_001,2023-10-06,5,154.57,772.8499999999999
ORD_04160,CUST_0527,PROD_022,2023-10-06,5,221.18,1105.9
ORD_03213,CUST_0814,PROD_039,2023-10-06,4,176.9,707.6
ORD_04434,CUST_0592,PROD_039,2023-10-06,1,176.9,176.9
ORD_04943,CUST_0184,PROD_029,2023-10-06,5,193.53,967.65
ORD_01202,CUST_0098,PROD_048,2023-10-06,1,232.46,232.46
ORD_01346,CUST_0768,PROD_050,2023-10-06,4,78.87,315.48
ORD_04743,CUST_0785,PROD_037,2023-10-06,2,326.45,652.9
ORD_03171,CUST_0725,PROD_043,2023-10-06,1,341.79,341.79
ORD_03658,CUST_0168,PROD_042,2023-10-06,2,162.5,325.0
ORD_04142,CUST_0451,PROD_033,2023-10-06,5,446.15,2230.75
ORD_03729,CUST_0954,PROD_020,2023-10-06,2,430.21,860.42
ORD_01001,CUST_0656,PROD_014,2023-10-07,5,144.94,724.7
ORD_03266,CUST_0246,PROD_013,2023-10-07,2,339.75,679.5
ORD_01495,CUST_0981,PROD_047,2023-10-07,1,494.14,494.14
ORD_01940,CUST_0996,PROD_002,2023-10-07,5,248.14,1240.6999999999998
ORD_02374,CUST_0918,PROD_049,2023-10-07,1,347.25,347.25
ORD_02329,CUST_0897,PROD_048,2023-10-07,5,232.46,1162.3
ORD_02554,CUST_0907,PROD_043,2023-10-07,4,341.79,1367.16
ORD_04373,CUST_0953,PROD_028,2023-10-07,2,347.32,694.64
ORD_04517,CUST_0765,PROD_050,2023-10-07,4,78.87,315.48
ORD_00219,CUST_0736,PROD_015,2023-10-07,3,160.09,480.27
ORD_04072,CUST_0482,PROD_023,2023-10-07,4,166.24,664.96
ORD_03367,CUST_0993,PROD_031,2023-10-07,2,220.96,441.92
ORD_01573,CUST_0538,PROD_029,2023-10-07,3,193.53,580.59
ORD_01557,CUST_0970,PROD_010,2023-10-07,1,424.35,424.35
ORD_02676,CUST_0199,PROD_014,2023-10-07,5,144.94,724.7
ORD_04573,CUST_0425,PROD_037,2023-10-07,3,326.45,979.3499999999999
ORD_01612,CUST_0705,PROD_048,2023-10-07,3,232.46,697.38
ORD_00855,CUST_0630,PROD_015,2023-10-07,1,160.09,160.09
ORD_00586,CUST_0387,PROD_023,2023-10-08,1,166.24,166.24
ORD_03712,CUST_0886,PROD_020,2023-10-08,3,430.21,1290.6299999999999
ORD_01252,CUST_0829,PROD_035,2023-10-08,4,85.69,342.76
ORD_00193,CUST_0212,PROD_033,2023-10-08,3,446.15,1338.4499999999998
ORD_02779,CUST_0681,PROD_007,2023-10-08,3,178.15,534.45
ORD_02034,CUST_0186,PROD_004,2023-10-08,5,31.43,157.15
ORD_03265,CUST_0615,PROD_042,2023-10-08,3,162.5,487.5
ORD_02806,CUST_0371,PROD_035,2023-10-08,2,85.69,171.38
ORD_03234,CUST_0394,PROD_003,2023-10-08,2,292.83,585.66
ORD_02993,CUST_0060,PROD_034,2023-10-08,5,179.48,897.4
ORD_03939,CUST_0327,PROD_030,2023-10-08,4,91.76,367.04
ORD_01256,CUST_0841,PROD_038,2023-10-08,1,322.08,322.08
ORD_01336,CUST_0040,PROD_010,2023-10-08,5,424.35,2121.75
ORD_02215,CUST_0425,PROD_037,2023-10-08,3,326.45,979.3499999999999
ORD_04303,CUST_0070,PROD_016,2023-10-08,5,396.6,1983.0
ORD_03503,CUST_0293,PROD_018,2023-10-08,5,401.21,2006.05
ORD_03524,CUST_0460,PROD_026,2023-10-09,5,304.53,1522.6499999999999
ORD_04606,CUST_0595,PROD_011,2023-10-09,3,349.32,1047.96
ORD_03918,CUST_0554,PROD_040,2023-10-09,5,45.14,225.7
ORD_04512,CUST_0074,PROD_032,2023-10-09,1,79.87,79.87
ORD_02301,CUST_0436,PROD_038,2023-10-09,4,322.08,1288.32
ORD_00434,CUST_0643,PROD_044,2023-10-09,3,306.83,920.49
ORD_00285,CUST_0978,PROD_011,2023-10-09,4,349.32,1397.28
ORD_04991,CUST_0562,PROD_004,2023-10-09,1,31.43,31.43
ORD_03375,CUST_0949,PROD_038,2023-10-09,4,322.08,1288.32
ORD_02299,CUST_0157,PROD_018,2023-10-09,5,401.21,2006.05
ORD_03694,CUST_0064,PROD_001,2023-10-09,2,154.57,309.14
ORD_02279,CUST_0225,PROD_045,2023-10-09,1,188.65,188.65
ORD_04384,CUST_0003,PROD_028,2023-10-09,2,347.32,694.64
ORD_03134,CUST_0081,PROD_018,2023-10-09,2,401.21,802.42
ORD_04423,CUST_0144,PROD_008,2023-10-09,1,367.3,367.3
ORD_01847,CUST_0401,PROD_018,2023-10-10,5,401.21,2006.05
ORD_03645,CUST_0793,PROD_023,2023-10-10,5,166.24,831.2
ORD_03922,CUST_0507,PROD_013,2023-10-10,5,339.75,1698.75
ORD_03405,CUST_0227,PROD_007,2023-10-10,1,178.15,178.15
ORD_03294,CUST_0814,PROD_026,2023-10-10,4,304.53,1218.12
ORD_04137,CUST_0831,PROD_033,2023-10-10,4,446.15,1784.6
ORD_00364,CUST_0941,PROD_007,2023-10-10,5,178.15,890.75
ORD_02572,CUST_0048,PROD_008,2023-10-10,5,367.3,1836.5
ORD_02447,CUST_0021,PROD_002,2023-10-10,3,248.14,744.42
ORD_02496,CUST_0768,PROD_037,2023-10-10,3,326.45,979.3499999999999
ORD_00590,CUST_0795,PROD_035,2023-10-10,3,85.69,257.07
ORD_03504,CUST_0160,PROD_022,2023-10-10,4,221.18,884.72
ORD_00746,CUST_0861,PROD_015,2023-10-10,5,160.09,800.45
ORD_02711,CUST_0004,PROD_046,2023-10-10,5,116.77,583.85
ORD_03997,CUST_0162,PROD_028,2023-10-10,4,347.32,1389.28
ORD_03173,CUST_0656,PROD_050,2023-10-10,2,78.87,157.74
ORD_01986,CUST_0442,PROD_019,2023-10-10,1,412.99,412.99
ORD_01690,CUST_0557,PROD_007,2023-10-10,2,178.15,356.3
ORD_01994,CUST_0904,PROD_036,2023-10-10,1,22.47,22.47
ORD_04105,CUST_0287,PROD_007,2023-10-10,1,178.15,178.15
ORD_01939,CUST_0720,PROD_010,2023-10-10,3,424.35,1273.0500000000002
ORD_00914,CUST_0963,PROD_032,2023-10-10,1,79.87,79.87
ORD_04640,CUST_0162,PROD_038,2023-10-10,3,322.08,966.24
ORD_04370,CUST_0030,PROD_037,2023-10-10,2,326.45,652.9
ORD_00410,CUST_0370,PROD_028,2023-10-10,5,347.32,1736.6
ORD_00663,CUST_0668,PROD_018,2023-10-10,5,401.21,2006.05
ORD_04203,CUST_0235,PROD_019,2023-10-10,4,412.99,1651.96
ORD_03915,CUST_0210,PROD_041,2023-10-10,3,210.72,632.16
ORD_00820,CUST_0542,PROD_040,2023-10-10,4,45.14,180.56
ORD_00579,CUST_0076,PROD_030,2023-10-10,3,91.76,275.28000000000003
ORD_03783,CUST_0803,PROD_009,2023-10-10,2,329.62,659.24
ORD_00322,CUST_0490,PROD_001,2023-10-10,1,154.57,154.57
ORD_00995,CUST_0960,PROD_034,2023-10-11,2,179.48,358.96
ORD_03139,CUST_0333,PROD_040,2023-10-11,4,45.14,180.56
ORD_02596,CUST_0070,PROD_027,2023-10-11,2,355.74,711.48
ORD_01855,CUST_0290,PROD_010,2023-10-11,5,424.35,2121.75
ORD_02353,CUST_0882,PROD_016,2023-10-11,2,396.6,793.2
ORD_00501,CUST_0011,PROD_013,2023-10-11,4,339.75,1359.0
ORD_01965,CUST_0557,PROD_003,2023-10-11,1,292.83,292.83
ORD_03006,CUST_0924,PROD_026,2023-10-11,5,304.53,1522.6499999999999
ORD_00550,CUST_0386,PROD_028,2023-10-11,5,347.32,1736.6
ORD_00577,CUST_0337,PROD_044,2023-10-11,1,306.83,306.83
ORD_04878,CUST_0502,PROD_023,2023-10-11,2,166.24,332.48
ORD_03565,CUST_0735,PROD_049,2023-10-11,2,347.25,694.5
ORD_01772,CUST_0946,PROD_019,2023-10-11,2,412.99,825.98
ORD_02469,CUST_0197,PROD_024,2023-10-11,4,295.28,1181.12
ORD_02073,CUST_0677,PROD_029,2023-10-11,5,193.53,967.65
ORD_03799,CUST_0442,PROD_050,2023-10-11,5,78.87,394.35
ORD_02334,CUST_0674,PROD_028,2023-10-11,2,347.32,694.64
ORD_04955,CUST_0432,PROD_021,2023-10-11,4,459.15,1836.6
ORD_03177,CUST_0178,PROD_036,2023-10-11,2,22.47,44.94
ORD_02386,CUST_0985,PROD_031,2023-10-11,1,220.96,220.96
ORD_03991,CUST_0553,PROD_025,2023-10-11,2,191.87,383.74
ORD_02775,CUST_0781,PROD_039,2023-10-11,1,176.9,176.9
ORD_01959,CUST_0379,PROD_015,2023-10-11,3,160.09,480.27
ORD_03517,CUST_0682,PROD_047,2023-10-11,3,494.14,1482.42
ORD_04960,CUST_0425,PROD_019,2023-10-12,5,412.99,2064.95
ORD_00130,CUST_0798,PROD_001,2023-10-12,2,154.57,309.14
ORD_04801,CUST_0018,PROD_013,2023-10-12,3,339.75,1019.25
ORD_03598,CUST_0202,PROD_019,2023-10-12,3,412.99,1238.97
ORD_04044,CUST_0996,PROD_005,2023-10-12,4,70.27,281.08
ORD_01185,CUST_0730,PROD_036,2023-10-12,5,22.47,112.35
ORD_02953,CUST_0440,PROD_031,2023-10-12,2,220.96,441.92
ORD_02741,CUST_0050,PROD_035,2023-10-12,4,85.69,342.76
ORD_01714,CUST_0588,PROD_012,2023-10-12,3,220.67,662.01
ORD_04157,CUST_0819,PROD_017,2023-10-12,5,228.75,1143.75
ORD_02885,CUST_0351,PROD_013,2023-10-12,2,339.75,679.5
ORD_04633,CUST_0434,PROD_047,2023-10-12,3,494.14,1482.42
ORD_03129,CUST_0174,PROD_044,2023-10-12,5,306.83,1534.1499999999999
ORD_03740,CUST_0094,PROD_001,2023-10-12,5,154.57,772.8499999999999
ORD_01337,CUST_0384,PROD_015,2023-10-12,2,160.09,320.18
ORD_00266,CUST_0378,PROD_049,2023-10-12,1,347.25,347.25
ORD_03176,CUST_0049,PROD_004,2023-10-12,3,31.43,94.28999999999999
ORD_00100,CUST_0064,PROD_022,2023-10-13,2,221.18,442.36
ORD_02917,CUST_0454,PROD_026,2023-10-13,3,304.53,913.5899999999999
ORD_01266,CUST_0978,PROD_004,2023-10-13,4,31.43,125.72
ORD_04630,CUST_0263,PROD_042,2023-10-13,4,162.5,650.0
ORD_04463,CUST_0522,PROD_047,2023-10-13,5,494.14,2470.7
ORD_02625,CUST_0698,PROD_016,2023-10-13,3,396.6,1189.8000000000002
ORD_03381,CUST_0389,PROD_015,2023-10-13,5,160.09,800.45
ORD_02475,CUST_0548,PROD_019,2023-10-13,4,412.99,1651.96
ORD_04629,CUST_0988,PROD_030,2023-10-13,4,91.76,367.04
ORD_04737,CUST_0323,PROD_029,2023-10-13,2,193.53,387.06
ORD_00872,CUST_0060,PROD_015,2023-10-13,3,160.09,480.27
ORD_00143,CUST_0128,PROD_024,2023-10-13,2,295.28,590.56
ORD_03030,CUST_0021,PROD_030,2023-10-13,2,91.76,183.52
ORD_00012,CUST_0040,PROD_005,2023-10-13,3,70.27,210.81
ORD_03470,CUST_0199,PROD_024,2023-10-13,5,295.28,1476.3999999999999
ORD_01743,CUST_0663,PROD_013,2023-10-13,2,339.75,679.5
ORD_01057,CUST_0961,PROD_018,2023-10-13,2,401.21,802.42
ORD_03863,CUST_0419,PROD_012,2023-10-14,5,220.67,1103.35
ORD_02230,CUST_0816,PROD_016,2023-10-14,4,396.6,1586.4
ORD_01163,CUST_0745,PROD_047,2023-10-14,3,494.14,1482.42
ORD_03908,CUST_0960,PROD_041,2023-10-14,2,210.72,421.44
ORD_02579,CUST_0016,PROD_020,2023-10-14,4,430.21,1720.84
ORD_03282,CUST_0794,PROD_049,2023-10-14,5,347.25,1736.25
ORD_02017,CUST_0665,PROD_047,2023-10-14,2,494.14,988.28
ORD_04659,CUST_0425,PROD_014,2023-10-14,3,144.94,434.82
ORD_00935,CUST_0791,PROD_033,2023-10-14,1,446.15,446.15
ORD_02555,CUST_0915,PROD_005,2023-10-14,5,70.27,351.34999999999997
ORD_04337,CUST_0306,PROD_015,2023-10-14,2,160.09,320.18
ORD_02853,CUST_0848,PROD_020,2023-10-14,5,430.21,2151.0499999999997
ORD_01278,CUST_0985,PROD_041,2023-10-14,4,210.72,842.88
ORD_02615,CUST_0882,PROD_039,2023-10-14,3,176.9,530.7
ORD_04696,CUST_0481,PROD_039,2023-10-14,4,176.9,707.6
ORD_04227,CUST_0057,PROD_031,2023-10-14,3,220.96,662.88
ORD_00755,CUST_0231,PROD_039,2023-10-14,4,176.9,707.6
ORD_04185,CUST_0205,PROD_019,2023-10-14,4,412.99,1651.96
ORD_01794,CUST_0377,PROD_002,2023-10-14,2,248.14,496.28
ORD_03667,CUST_0542,PROD_048,2023-10-14,5,232.46,1162.3
ORD_02974,CUST_0610,PROD_002,2023-10-14,4,248.14,992.56
ORD_03687,CUST_0227,PROD_041,2023-10-15,5,210.72,1053.6
ORD_02903,CUST_0280,PROD_036,2023-10-15,5,22.47,112.35
ORD_01830,CUST_0405,PROD_016,2023-10-15,2,396.6,793.2
ORD_00327,CUST_0739,PROD_034,2023-10-15,3,179.48,538.4399999999999
ORD_02143,CUST_0837,PROD_039,2023-10-15,5,176.9,884.5
ORD_04149,CUST_0721,PROD_023,2023-10-15,4,166.24,664.96
ORD_04922,CUST_0421,PROD_004,2023-10-15,1,31.43,31.43
ORD_01038,CUST_0719,PROD_023,2023-10-15,5,166.24,831.2
ORD_02044,CUST_0212,PROD_014,2023-10-15,2,144.94,289.88
ORD_03125,CUST_0656,PROD_024,2023-10-15,5,295.28,1476.3999999999999
ORD_01072,CUST_0552,PROD_035,2023-10-15,5,85.69,428.45
ORD_02204,CUST_0841,PROD_013,2023-10-15,2,339.75,679.5
ORD_00083,CUST_0644,PROD_006,2023-10-15,5,283.73,1418.65
ORD_02356,CUST_0064,PROD_023,2023-10-15,2,166.24,332.48
ORD_00212,CUST_0882,PROD_048,2023-10-15,4,232.46,929.84
ORD_01180,CUST_0199,PROD_017,2023-10-15,2,228.75,457.5
ORD_00989,CUST_0113,PROD_026,2023-10-15,5,304.53,1522.6499999999999
ORD_03161,CUST_0074,PROD_035,2023-10-15,3,85.69,257.07
ORD_00643,CUST_0773,PROD_029,2023-10-15,4,193.53,774.12
ORD_04603,CUST_0664,PROD_022,2023-10-15,1,221.18,221.18
ORD_01894,CUST_0522,PROD_037,2023-10-15,5,326.45,1632.25
ORD_02712,CUST_0999,PROD_031,2023-10-15,3,220.96,662.88
ORD_01428,CUST_0273,PROD_016,2023-10-16,3,396.6,1189.8000000000002
ORD_02873,CUST_0202,PROD_044,2023-10-16,1,306.83,306.83
ORD_04135,CUST_0773,PROD_032,2023-10-16,2,79.87,159.74
ORD_01879,CUST_0284,PROD_005,2023-10-16,5,70.27,351.34999999999997
ORD_03084,CUST_0118,PROD_015,2023-10-16,3,160.09,480.27
ORD_02191,CUST_0115,PROD_009,2023-10-16,2,329.62,659.24
ORD_01888,CUST_0024,PROD_028,2023-10-16,1,347.32,347.32
ORD_03925,CUST_0049,PROD_025,2023-10-16,3,191.87,575.61
ORD_04082,CUST_0552,PROD_015,2023-10-16,4,160.09,640.36
ORD_01105,CUST_0511,PROD_049,2023-10-16,3,347.25,1041.75
ORD_00173,CUST_0392,PROD_021,2023-10-16,2,459.15,918.3
ORD_02382,CUST_0924,PROD_047,2023-10-16,3,494.14,1482.42
ORD_04460,CUST_0031,PROD_038,2023-10-16,4,322.08,1288.32
ORD_01106,CUST_0904,PROD_039,2023-10-16,4,176.9,707.6
ORD_02339,CUST_0235,PROD_029,2023-10-16,1,193.53,193.53
ORD_03123,CUST_0071,PROD_024,2023-10-16,3,295.28,885.8399999999999
ORD_00984,CUST_0848,PROD_002,2023-10-16,5,248.14,1240.6999999999998
ORD_00306,CUST_0074,PROD_020,2023-10-16,2,430.21,860.42
ORD_01376,CUST_0914,PROD_042,2023-10-16,5,162.5,812.5
ORD_04056,CUST_0633,PROD_047,2023-10-16,3,494.14,1482.42
ORD_00405,CUST_0361,PROD_007,2023-10-16,2,178.15,356.3
ORD_02761,CUST_0053,PROD_009,2023-10-16,3,329.62,988.86
ORD_01282,CUST_0510,PROD_003,2023-10-16,5,292.83,1464.1499999999999
ORD_00493,CUST_0850,PROD_030,2023-10-16,4,91.76,367.04
ORD_02538,CUST_0826,PROD_016,2023-10-17,3,396.6,1189.8000000000002
ORD_01331,CUST_0036,PROD_038,2023-10-17,4,322.08,1288.32
ORD_01119,CUST_0263,PROD_004,2023-10-17,4,31.43,125.72
ORD_00005,CUST_0316,PROD_026,2023-10-17,3,304.53,913.5899999999999
ORD_01666,CUST_0227,PROD_033,2023-10-17,4,446.15,1784.6
ORD_02828,CUST_0900,PROD_023,2023-10-17,4,166.24,664.96
ORD_01652,CUST_0325,PROD_004,2023-10-17,4,31.43,125.72
ORD_03761,CUST_0377,PROD_002,2023-10-17,3,248.14,744.42
ORD_01643,CUST_0425,PROD_050,2023-10-17,3,78.87,236.61
ORD_02874,CUST_0552,PROD_043,2023-10-17,5,341.79,1708.95
ORD_03452,CUST_0074,PROD_019,2023-10-17,2,412.99,825.98
ORD_04387,CUST_0226,PROD_030,2023-10-17,3,91.76,275.28000000000003
ORD_00553,CUST_0016,PROD_043,2023-10-17,3,341.79,1025.3700000000001
ORD_04046,CUST_0392,PROD_005,2023-10-17,1,70.27,70.27
ORD_03936,CUST_0459,PROD_016,2023-10-17,1,396.6,396.6
ORD_01919,CUST_0251,PROD_015,2023-10-17,2,160.09,320.18
ORD_03302,CUST_0826,PROD_005,2023-10-17,4,70.27,281.08
ORD_00038,CUST_0052,PROD_027,2023-10-17,1,355.74,355.74
ORD_04447,CUST_0120,PROD_005,2023-10-17,5,70.27,351.34999999999997
ORD_03702,CUST_0178,PROD_037,2023-10-18,2,326.45,652.9
ORD_02884,CUST_0888,PROD_027,2023-10-18,5,355.74,1778.7
ORD_03520,CUST_0087,PROD_024,2023-10-18,1,295.28,295.28
ORD_03835,CUST_0656,PROD_005,2023-10-18,3,70.27,210.81
ORD_01179,CUST_0555,PROD_042,2023-10-18,4,162.5,650.0
ORD_03671,CUST_0424,PROD_042,2023-10-18,2,162.5,325.0
ORD_02533,CUST_0981,PROD_008,2023-10-18,5,367.3,1836.5
ORD_03777,CUST_0490,PROD_042,2023-10-18,1,162.5,162.5
ORD_03415,CUST_0184,PROD_038,2023-10-18,3,322.08,966.24
ORD_01267,CUST_0665,PROD_033,2023-10-18,2,446.15,892.3
ORD_04206,CUST_0730,PROD_040,2023-10-18,3,45.14,135.42000000000002
ORD_00052,CUST_0576,PROD_014,2023-10-18,1,144.94,144.94
ORD_01838,CUST_0460,PROD_035,2023-10-18,5,85.69,428.45
ORD_03984,CUST_0061,PROD_015,2023-10-18,2,160.09,320.18
ORD_00646,CUST_0041,PROD_006,2023-10-18,2,283.73,567.46
ORD_02471,CUST_0361,PROD_039,2023-10-18,1,176.9,176.9
ORD_04877,CUST_0071,PROD_036,2023-10-18,4,22.47,89.88
ORD_04915,CUST_0116,PROD_012,2023-10-18,1,220.67,220.67
ORD_02638,CUST_0947,PROD_017,2023-10-18,1,228.75,228.75
ORD_01028,CUST_0231,PROD_027,2023-10-18,1,355.74,355.74
ORD_00583,CUST_0478,PROD_019,2023-10-18,4,412.99,1651.96
ORD_00734,CUST_0633,PROD_045,2023-10-18,5,188.65,943.25
ORD_02381,CUST_0981,PROD_034,2023-10-18,4,179.48,717.92
ORD_01781,CUST_0754,PROD_022,2023-10-18,5,221.18,1105.9
ORD_03000,CUST_0354,PROD_014,2023-10-18,1,144.94,144.94
ORD_04896,CUST_0337,PROD_006,2023-10-18,2,283.73,567.46
ORD_04211,CUST_0142,PROD_012,2023-10-18,1,220.67,220.67
ORD_02202,CUST_0235,PROD_007,2023-10-19,1,178.15,178.15
ORD_01663,CUST_0984,PROD_037,2023-10-19,4,326.45,1305.8
ORD_00704,CUST_0340,PROD_026,2023-10-19,2,304.53,609.06
ORD_00031,CUST_0207,PROD_032,2023-10-19,2,79.87,159.74
ORD_03199,CUST_0877,PROD_030,2023-10-19,1,91.76,91.76
ORD_01147,CUST_0941,PROD_037,2023-10-19,1,326.45,326.45
ORD_01370,CUST_0173,PROD_041,2023-10-19,2,210.72,421.44
ORD_00912,CUST_0466,PROD_040,2023-10-19,3,45.14,135.42000000000002
ORD_00634,CUST_0414,PROD_044,2023-10-19,3,306.83,920.49
ORD_04876,CUST_0020,PROD_049,2023-10-19,1,347.25,347.25
ORD_03753,CUST_0695,PROD_039,2023-10-19,5,176.9,884.5
ORD_00915,CUST_0021,PROD_037,2023-10-19,3,326.45,979.3499999999999
ORD_03104,CUST_0225,PROD_021,2023-10-19,1,459.15,459.15
ORD_00433,CUST_0144,PROD_033,2023-10-19,1,446.15,446.15
ORD_03953,CUST_0464,PROD_035,2023-10-19,5,85.69,428.45
ORD_03804,CUST_0589,PROD_047,2023-10-19,1,494.14,494.14
ORD_00460,CUST_0166,PROD_044,2023-10-19,4,306.83,1227.32
ORD_01138,CUST_0789,PROD_010,2023-10-19,5,424.35,2121.75
ORD_00868,CUST_0384,PROD_023,2023-10-19,3,166.24,498.72
ORD_00475,CUST_0924,PROD_042,2023-10-19,2,162.5,325.0
ORD_00808,CUST_0245,PROD_043,2023-10-19,1,341.79,341.79
ORD_02655,CUST_0474,PROD_023,2023-10-19,2,166.24,332.48
ORD_01581,CUST_0341,PROD_038,2023-10-19,1,322.08,322.08
ORD_02985,CUST_0484,PROD_009,2023-10-19,2,329.62,659.24
ORD_04909,CUST_0118,PROD_026,2023-10-19,1,304.53,304.53
ORD_01044,CUST_0060,PROD_032,2023-10-19,5,79.87,399.35
ORD_04579,CUST_0640,PROD_017,2023-10-19,3,228.75,686.25
ORD_04232,CUST_0257,PROD_003,2023-10-19,1,292.83,292.83
ORD_02257,CUST_0057,PROD_046,2023-10-19,5,116.77,583.85
ORD_01598,CUST_0419,PROD_034,2023-10-19,2,179.48,358.96
ORD_04311,CUST_0008,PROD_032,2023-10-19,3,79.87,239.61
ORD_01751,CUST_0325,PROD_012,2023-10-19,5,220.67,1103.35
ORD_01779,CUST_0327,PROD_005,2023-10-19,1,70.27,70.27
ORD_04985,CUST_0568,PROD_045,2023-10-19,4,188.65,754.6
ORD_00094,CUST_0601,PROD_026,2023-10-19,1,304.53,304.53
ORD_04979,CUST_0584,PROD_014,2023-10-19,4,144.94,579.76
ORD_00096,CUST_0452,PROD_033,2023-10-19,2,446.15,892.3
ORD_02234,CUST_0273,PROD_018,2023-10-19,1,401.21,401.21
ORD_03376,CUST_0795,PROD_022,2023-10-19,3,221.18,663.54
ORD_04057,CUST_0592,PROD_015,2023-10-19,4,160.09,640.36
ORD_01394,CUST_0531,PROD_033,2023-10-19,3,446.15,1338.4499999999998
ORD_02161,CUST_0820,PROD_009,2023-10-20,2,329.62,659.24
ORD_04672,CUST_0095,PROD_019,2023-10-20,4,412.99,1651.96
ORD_04054,CUST_0378,PROD_032,2023-10-20,4,79.87,319.48
ORD_03952,CUST_0858,PROD_038,2023-10-20,2,322.08,644.16
ORD_04681,CUST_0567,PROD_019,2023-10-20,1,412.99,412.99
ORD_04701,CUST_0984,PROD_027,2023-10-20,3,355.74,1067.22
ORD_03975,CUST_0087,PROD_023,2023-10-20,1,166.24,166.24
ORD_01231,CUST_0866,PROD_031,2023-10-20,2,220.96,441.92
ORD_03778,CUST_0581,PROD_034,2023-10-20,1,179.48,179.48
ORD_00938,CUST_0615,PROD_046,2023-10-20,1,116.77,116.77
ORD_01898,CUST_0900,PROD_039,2023-10-20,5,176.9,884.5
ORD_02487,CUST_0964,PROD_042,2023-10-20,3,162.5,487.5
ORD_02882,CUST_0323,PROD_010,2023-10-20,1,424.35,424.35
ORD_01603,CUST_0182,PROD_011,2023-10-20,2,349.32,698.64
ORD_02520,CUST_0327,PROD_008,2023-10-20,4,367.3,1469.2
ORD_03555,CUST_0848,PROD_039,2023-10-20,1,176.9,176.9
ORD_04229,CUST_0433,PROD_035,2023-10-20,3,85.69,257.07
ORD_02964,CUST_0040,PROD_022,2023-10-20,1,221.18,221.18
ORD_04133,CUST_0154,PROD_001,2023-10-20,3,154.57,463.71
ORD_02563,CUST_0290,PROD_044,2023-10-20,4,306.83,1227.32
ORD_02465,CUST_0875,PROD_031,2023-10-20,2,220.96,441.92
ORD_03253,CUST_0900,PROD_019,2023-10-20,1,412.99,412.99
ORD_02366,CUST_0129,PROD_044,2023-10-20,4,306.83,1227.32
ORD_00827,CUST_0685,PROD_046,2023-10-20,5,116.77,583.85
ORD_01724,CUST_0377,PROD_038,2023-10-21,3,322.08,966.24
ORD_01281,CUST_0343,PROD_003,2023-10-21,4,292.83,1171.32
ORD_03124,CUST_0244,PROD_040,2023-10-21,4,45.14,180.56
ORD_02635,CUST_0095,PROD_017,2023-10-21,4,228.75,915.0
ORD_03662,CUST_0071,PROD_040,2023-10-21,2,45.14,90.28
ORD_04903,CUST_0387,PROD_044,2023-10-21,5,306.83,1534.1499999999999
ORD_01070,CUST_0459,PROD_028,2023-10-21,5,347.32,1736.6
ORD_01208,CUST_0866,PROD_026,2023-10-21,5,304.53,1522.6499999999999
ORD_02657,CUST_0097,PROD_008,2023-10-21,4,367.3,1469.2
ORD_02126,CUST_0883,PROD_010,2023-10-21,2,424.35,848.7
ORD_04676,CUST_0718,PROD_025,2023-10-21,1,191.87,191.87
ORD_01089,CUST_0576,PROD_039,2023-10-21,1,176.9,176.9
ORD_01402,CUST_0502,PROD_037,2023-10-21,2,326.45,652.9
ORD_02844,CUST_0538,PROD_022,2023-10-21,4,221.18,884.72
ORD_00294,CUST_0890,PROD_031,2023-10-21,2,220.96,441.92
ORD_02364,CUST_0375,PROD_014,2023-10-21,3,144.94,434.82
ORD_02088,CUST_0615,PROD_011,2023-10-21,2,349.32,698.64
ORD_02342,CUST_0774,PROD_028,2023-10-21,3,347.32,1041.96
ORD_02672,CUST_0250,PROD_019,2023-10-21,3,412.99,1238.97
ORD_01912,CUST_0996,PROD_017,2023-10-21,1,228.75,228.75
ORD_03760,CUST_0890,PROD_003,2023-10-21,2,292.83,585.66
ORD_00123,CUST_0225,PROD_001,2023-10-21,4,154.57,618.28
ORD_01169,CUST_0945,PROD_009,2023-10-21,5,329.62,1648.1
ORD_00900,CUST_0951,PROD_017,2023-10-21,4,228.75,915.0
ORD_03919,CUST_0210,PROD_037,2023-10-21,2,326.45,652.9
ORD_02223,CUST_0170,PROD_042,2023-10-21,3,162.5,487.5
ORD_02862,CUST_0538,PROD_044,2023-10-21,2,306.83,613.66
ORD_03621,CUST_0565,PROD_004,2023-10-22,5,31.43,157.15
ORD_02284,CUST_0310,PROD_041,2023-10-22,5,210.72,1053.6
ORD_01418,CUST_0493,PROD_042,2023-10-22,1,162.5,162.5
ORD_01758,CUST_0757,PROD_045,2023-10-22,1,188.65,188.65
ORD_02152,CUST_0283,PROD_031,2023-10-22,1,220.96,220.96
ORD_00131,CUST_0130,PROD_041,2023-10-22,2,210.72,421.44
ORD_04021,CUST_0179,PROD_022,2023-10-22,5,221.18,1105.9
ORD_03946,CUST_0954,PROD_049,2023-10-22,1,347.25,347.25
ORD_01348,CUST_0993,PROD_008,2023-10-22,4,367.3,1469.2
ORD_03256,CUST_0730,PROD_029,2023-10-22,1,193.53,193.53
ORD_04051,CUST_0923,PROD_036,2023-10-22,1,22.47,22.47
ORD_00753,CUST_0584,PROD_032,2023-10-22,5,79.87,399.35
ORD_01186,CUST_0225,PROD_007,2023-10-22,3,178.15,534.45
ORD_04695,CUST_0185,PROD_040,2023-10-22,3,45.14,135.42000000000002
ORD_03749,CUST_0718,PROD_048,2023-10-22,4,232.46,929.84
ORD_00909,CUST_0561,PROD_021,2023-10-22,5,459.15,2295.75
ORD_01434,CUST_0386,PROD_017,2023-10-22,4,228.75,915.0
ORD_02375,CUST_0264,PROD_040,2023-10-22,3,45.14,135.42000000000002
ORD_00836,CUST_0108,PROD_028,2023-10-22,2,347.32,694.64
ORD_01525,CUST_0918,PROD_007,2023-10-22,4,178.15,712.6
ORD_03119,CUST_0540,PROD_044,2023-10-22,3,306.83,920.49
ORD_02825,CUST_0626,PROD_002,2023-10-22,2,248.14,496.28
ORD_03379,CUST_0826,PROD_009,2023-10-22,2,329.62,659.24
ORD_00993,CUST_0994,PROD_036,2023-10-22,3,22.47,67.41
ORD_01635,CUST_0477,PROD_010,2023-10-22,2,424.35,848.7
ORD_00801,CUST_0531,PROD_043,2023-10-23,2,341.79,683.58
ORD_00681,CUST_0463,PROD_042,2023-10-23,2,162.5,325.0
ORD_04972,CUST_0862,PROD_007,2023-10-23,4,178.15,712.6
ORD_01769,CUST_0380,PROD_048,2023-10-23,4,232.46,929.84
ORD_02395,CUST_0342,PROD_015,2023-10-23,5,160.09,800.45
ORD_01882,CUST_0021,PROD_004,2023-10-23,4,31.43,125.72
ORD_02636,CUST_0495,PROD_018,2023-10-23,5,401.21,2006.05
ORD_00967,CUST_0128,PROD_020,2023-10-23,2,430.21,860.42
ORD_03787,CUST_0941,PROD_025,2023-10-23,4,191.87,767.48
ORD_00267,CUST_0792,PROD_017,2023-10-23,1,228.75,228.75
ORD_04700,CUST_0307,PROD_006,2023-10-23,2,283.73,567.46
ORD_01692,CUST_0327,PROD_040,2023-10-23,1,45.14,45.14
ORD_00126,CUST_0356,PROD_024,2023-10-23,5,295.28,1476.3999999999999
ORD_02914,CUST_0179,PROD_044,2023-10-23,1,306.83,306.83
ORD_01695,CUST_0371,PROD_024,2023-10-23,2,295.28,590.56
ORD_02361,CUST_0250,PROD_019,2023-10-23,5,412.99,2064.95
ORD_02449,CUST_0440,PROD_005,2023-10-23,2,70.27,140.54
ORD_01528,CUST_0802,PROD_007,2023-10-23,4,178.15,712.6
ORD_01127,CUST_0075,PROD_043,2023-10-23,3,341.79,1025.3700000000001
ORD_00194,CUST_0168,PROD_024,2023-10-23,4,295.28,1181.12
ORD_03812,CUST_0306,PROD_040,2023-10-23,3,45.14,135.42000000000002
ORD_01241,CUST_0460,PROD_050,2023-10-24,1,78.87,78.87
ORD_00117,CUST_0983,PROD_036,2023-10-24,4,22.47,89.88
ORD_02857,CUST_0306,PROD_027,2023-10-24,5,355.74,1778.7
ORD_01367,CUST_0232,PROD_048,2023-10-24,2,232.46,464.92
ORD_03073,CUST_0180,PROD_010,2023-10-24,2,424.35,848.7
ORD_00941,CUST_0397,PROD_006,2023-10-24,4,283.73,1134.92
ORD_00238,CUST_0999,PROD_005,2023-10-24,1,70.27,70.27
ORD_04622,CUST_0098,PROD_023,2023-10-24,5,166.24,831.2
ORD_03916,CUST_0724,PROD_044,2023-10-24,4,306.83,1227.32
ORD_00157,CUST_0767,PROD_020,2023-10-24,2,430.21,860.42
ORD_00014,CUST_0595,PROD_014,2023-10-24,3,144.94,434.82
ORD_04974,CUST_0478,PROD_031,2023-10-24,5,220.96,1104.8
ORD_02387,CUST_0980,PROD_036,2023-10-24,4,22.47,89.88
ORD_03949,CUST_0685,PROD_023,2023-10-24,1,166.24,166.24
ORD_01715,CUST_0533,PROD_017,2023-10-24,4,228.75,915.0
ORD_00599,CUST_0033,PROD_048,2023-10-24,1,232.46,232.46
ORD_01728,CUST_0941,PROD_031,2023-10-24,1,220.96,220.96
ORD_04895,CUST_0165,PROD_020,2023-10-24,3,430.21,1290.6299999999999
ORD_02787,CUST_0205,PROD_025,2023-10-24,1,191.87,191.87
ORD_03993,CUST_0370,PROD_028,2023-10-24,3,347.32,1041.96
ORD_03186,CUST_0245,PROD_014,2023-10-24,2,144.94,289.88
ORD_03507,CUST_0593,PROD_019,2023-10-24,3,412.99,1238.97
ORD_00948,CUST_0170,PROD_019,2023-10-24,5,412.99,2064.95
ORD_04042,CUST_0580,PROD_027,2023-10-24,4,355.74,1422.96
ORD_00178,CUST_0182,PROD_039,2023-10-25,2,176.9,353.8
ORD_03409,CUST_0467,PROD_017,2023-10-25,2,228.75,457.5
ORD_03841,CUST_0259,PROD_036,2023-10-25,5,22.47,112.35
ORD_04415,CUST_0953,PROD_017,2023-10-25,2,228.75,457.5
ORD_00144,CUST_0603,PROD_017,2023-10-25,3,228.75,686.25
ORD_04779,CUST_0880,PROD_009,2023-10-25,1,329.62,329.62
ORD_01896,CUST_0380,PROD_026,2023-10-25,2,304.53,609.06
ORD_02562,CUST_0858,PROD_017,2023-10-25,5,228.75,1143.75
ORD_00831,CUST_0742,PROD_045,2023-10-25,2,188.65,377.3
ORD_00217,CUST_0784,PROD_049,2023-10-25,3,347.25,1041.75
ORD_01763,CUST_0431,PROD_033,2023-10-25,2,446.15,892.3
ORD_04410,CUST_0378,PROD_021,2023-10-25,2,459.15,918.3
ORD_00086,CUST_0890,PROD_018,2023-10-25,1,401.21,401.21
ORD_00570,CUST_0795,PROD_016,2023-10-25,2,396.6,793.2
ORD_00011,CUST_0747,PROD_032,2023-10-25,3,79.87,239.61
ORD_00844,CUST_0644,PROD_007,2023-10-25,3,178.15,534.45
ORD_00761,CUST_0430,PROD_023,2023-10-25,3,166.24,498.72
ORD_03723,CUST_0474,PROD_011,2023-10-25,4,349.32,1397.28
ORD_00513,CUST_0994,PROD_043,2023-10-25,5,341.79,1708.95
ORD_02142,CUST_0588,PROD_020,2023-10-25,2,430.21,860.42
ORD_03692,CUST_0590,PROD_007,2023-10-25,1,178.15,178.15
ORD_01429,CUST_0968,PROD_002,2023-10-25,5,248.14,1240.6999999999998
ORD_04845,CUST_0245,PROD_030,2023-10-25,5,91.76,458.8
ORD_02832,CUST_0726,PROD_020,2023-10-25,5,430.21,2151.0499999999997
ORD_02519,CUST_0074,PROD_017,2023-10-25,2,228.75,457.5
ORD_04840,CUST_0986,PROD_048,2023-10-25,4,232.46,929.84
ORD_02942,CUST_0552,PROD_013,2023-10-26,5,339.75,1698.75
ORD_01617,CUST_0717,PROD_048,2023-10-26,4,232.46,929.84
ORD_04970,CUST_0158,PROD_030,2023-10-26,5,91.76,458.8
ORD_01580,CUST_0554,PROD_030,2023-10-26,1,91.76,91.76
ORD_00991,CUST_0236,PROD_030,2023-10-26,3,91.76,275.28000000000003
ORD_03893,CUST_0041,PROD_034,2023-10-26,5,179.48,897.4
ORD_00650,CUST_0207,PROD_023,2023-10-26,2,166.24,332.48
ORD_02969,CUST_0577,PROD_011,2023-10-26,4,349.32,1397.28
ORD_01114,CUST_0417,PROD_048,2023-10-26,5,232.46,1162.3
ORD_03526,CUST_0755,PROD_017,2023-10-26,2,228.75,457.5
ORD_04617,CUST_0514,PROD_049,2023-10-26,3,347.25,1041.75
ORD_03696,CUST_0235,PROD_006,2023-10-26,5,283.73,1418.65
ORD_01182,CUST_0313,PROD_008,2023-10-26,3,367.3,1101.9
ORD_00182,CUST_0558,PROD_043,2023-10-26,5,341.79,1708.95
ORD_04466,CUST_0380,PROD_039,2023-10-26,3,176.9,530.7
ORD_01736,CUST_0908,PROD_020,2023-10-26,5,430.21,2151.0499999999997
ORD_01482,CUST_0231,PROD_008,2023-10-26,5,367.3,1836.5
ORD_00372,CUST_0827,PROD_014,2023-10-26,3,144.94,434.82
ORD_03270,CUST_0225,PROD_049,2023-10-26,3,347.25,1041.75
ORD_04932,CUST_0455,PROD_009,2023-10-26,5,329.62,1648.1
ORD_04772,CUST_0996,PROD_029,2023-10-26,3,193.53,580.59
ORD_03597,CUST_0232,PROD_005,2023-10-26,1,70.27,70.27
ORD_04131,CUST_0569,PROD_044,2023-10-26,5,306.83,1534.1499999999999
ORD_04580,CUST_0223,PROD_014,2023-10-27,1,144.94,144.94
ORD_04064,CUST_0484,PROD_017,2023-10-27,4,228.75,915.0
ORD_03362,CUST_0149,PROD_027,2023-10-27,2,355.74,711.48
ORD_00921,CUST_0425,PROD_034,2023-10-27,1,179.48,179.48
ORD_01918,CUST_0502,PROD_002,2023-10-27,2,248.14,496.28
ORD_01435,CUST_0958,PROD_016,2023-10-27,2,396.6,793.2
ORD_00188,CUST_0648,PROD_014,2023-10-27,3,144.94,434.82
ORD_02714,CUST_0780,PROD_007,2023-10-27,5,178.15,890.75
ORD_03769,CUST_0226,PROD_022,2023-10-27,4,221.18,884.72
ORD_01485,CUST_0130,PROD_027,2023-10-27,5,355.74,1778.7
ORD_01980,CUST_0552,PROD_044,2023-10-27,3,306.83,920.49
ORD_03990,CUST_0673,PROD_032,2023-10-27,3,79.87,239.61
ORD_01406,CUST_0816,PROD_012,2023-10-27,1,220.67,220.67
ORD_02467,CUST_0432,PROD_019,2023-10-27,2,412.99,825.98
ORD_03044,CUST_0178,PROD_031,2023-10-27,4,220.96,883.84
ORD_04251,CUST_0768,PROD_032,2023-10-27,4,79.87,319.48
ORD_04343,CUST_0238,PROD_046,2023-10-27,2,116.77,233.54
ORD_02850,CUST_0861,PROD_045,2023-10-27,2,188.65,377.3
ORD_01756,CUST_0118,PROD_034,2023-10-27,5,179.48,897.4
ORD_04123,CUST_0845,PROD_044,2023-10-27,5,306.83,1534.1499999999999
ORD_01335,CUST_0176,PROD_003,2023-10-27,5,292.83,1464.1499999999999
ORD_00265,CUST_0160,PROD_031,2023-10-27,4,220.96,883.84
ORD_02089,CUST_0508,PROD_003,2023-10-28,1,292.83,292.83
ORD_03605,CUST_0232,PROD_040,2023-10-28,1,45.14,45.14
ORD_01084,CUST_0588,PROD_005,2023-10-28,5,70.27,351.34999999999997
ORD_02786,CUST_0848,PROD_031,2023-10-28,3,220.96,662.88
ORD_00612,CUST_0826,PROD_039,2023-10-28,5,176.9,884.5
ORD_02756,CUST_0991,PROD_008,2023-10-28,5,367.3,1836.5
ORD_04532,CUST_0149,PROD_041,2023-10-28,3,210.72,632.16
ORD_04235,CUST_0504,PROD_028,2023-10-28,1,347.32,347.32
ORD_02984,CUST_0282,PROD_018,2023-10-28,3,401.21,1203.6299999999999
ORD_04621,CUST_0235,PROD_008,2023-10-28,2,367.3,734.6
ORD_01387,CUST_0111,PROD_005,2023-10-28,5,70.27,351.34999999999997
ORD_01846,CUST_0538,PROD_013,2023-10-28,4,339.75,1359.0
ORD_00181,CUST_0552,PROD_049,2023-10-28,4,347.25,1389.0
ORD_00311,CUST_0946,PROD_002,2023-10-28,3,248.14,744.42
ORD_04846,CUST_0991,PROD_033,2023-10-28,2,446.15,892.3
ORD_02450,CUST_0506,PROD_050,2023-10-28,3,78.87,236.61
ORD_04881,CUST_0069,PROD_048,2023-10-28,1,232.46,232.46
ORD_02851,CUST_0142,PROD_001,2023-10-28,1,154.57,154.57
ORD_03151,CUST_0170,PROD_036,2023-10-28,2,22.47,44.94
ORD_02455,CUST_0719,PROD_015,2023-10-28,3,160.09,480.27
ORD_00139,CUST_0794,PROD_006,2023-10-28,4,283.73,1134.92
ORD_02998,CUST_0951,PROD_013,2023-10-28,1,339.75,339.75
ORD_02898,CUST_0797,PROD_022,2023-10-28,4,221.18,884.72
ORD_00070,CUST_0553,PROD_008,2023-10-28,4,367.3,1469.2
ORD_03130,CUST_0795,PROD_049,2023-11-01,2,347.25,694.5
ORD_03325,CUST_0953,PROD_021,2023-11-01,4,459.15,1836.6
ORD_03776,CUST_0378,PROD_020,2023-11-01,2,430.21,860.42
ORD_03691,CUST_0974,PROD_019,2023-11-01,4,412.99,1651.96
ORD_04923,CUST_0780,PROD_006,2023-11-01,1,283.73,283.73
ORD_00950,CUST_0580,PROD_023,2023-11-01,5,166.24,831.2
ORD_03580,CUST_0231,PROD_048,2023-11-01,1,232.46,232.46
ORD_00302,CUST_0602,PROD_022,2023-11-01,1,221.18,221.18
ORD_04089,CUST_0527,PROD_013,2023-11-01,1,339.75,339.75
ORD_04548,CUST_0040,PROD_028,2023-11-01,4,347.32,1389.28
ORD_04442,CUST_0299,PROD_022,2023-11-01,5,221.18,1105.9
ORD_01153,CUST_0225,PROD_044,2023-11-01,3,306.83,920.49
ORD_03267,CUST_0541,PROD_026,2023-11-01,2,304.53,609.06
ORD_00363,CUST_0644,PROD_048,2023-11-01,3,232.46,697.38
ORD_04861,CUST_0068,PROD_041,2023-11-01,2,210.72,421.44
ORD_04745,CUST_0695,PROD_041,2023-11-01,1,210.72,210.72
ORD_04855,CUST_0644,PROD_036,2023-11-01,2,22.47,44.94
ORD_01021,CUST_0460,PROD_002,2023-11-01,1,248.14,248.14
ORD_03739,CUST_0758,PROD_042,2023-11-01,3,162.5,487.5
ORD_00651,CUST_0754,PROD_038,2023-11-01,3,322.08,966.24
ORD_03930,CUST_0387,PROD_010,2023-11-01,2,424.35,848.7
ORD_03979,CUST_0633,PROD_002,2023-11-02,2,248.14,496.28
ORD_04087,CUST_0209,PROD_032,2023-11-02,2,79.87,159.74
ORD_00596,CUST_0394,PROD_038,2023-11-02,1,322.08,322.08
ORD_03782,CUST_0164,PROD_020,2023-11-02,5,430.21,2151.0499999999997
ORD_04310,CUST_0941,PROD_048,2023-11-02,1,232.46,232.46
ORD_01235,CUST_0664,PROD_014,2023-11-02,3,144.94,434.82
ORD_03443,CUST_0021,PROD_034,2023-11-02,3,179.48,538.4399999999999
ORD_01230,CUST_0316,PROD_010,2023-11-02,2,424.35,848.7
ORD_03892,CUST_0890,PROD_030,2023-11-02,1,91.76,91.76
ORD_04710,CUST_0611,PROD_020,2023-11-02,4,430.21,1720.84
ORD_01216,CUST_0487,PROD_001,2023-11-02,4,154.57,618.28
ORD_02782,CUST_0948,PROD_004,2023-11-02,3,31.43,94.28999999999999
ORD_01474,CUST_0890,PROD_026,2023-11-02,3,304.53,913.5899999999999
ORD_02835,CUST_0154,PROD_050,2023-11-02,1,78.87,78.87
ORD_04361,CUST_0243,PROD_019,2023-11-02,1,412.99,412.99
ORD_04010,CUST_0673,PROD_002,2023-11-02,2,248.14,496.28
ORD_04665,CUST_0588,PROD_044,2023-11-02,5,306.83,1534.1499999999999
ORD_04892,CUST_0210,PROD_017,2023-11-02,1,228.75,228.75
ORD_01198,CUST_0377,PROD_015,2023-11-02,5,160.09,800.45
ORD_04593,CUST_0552,PROD_026,2023-11-02,4,304.53,1218.12
ORD_00148,CUST_0448,PROD_007,2023-11-02,1,178.15,178.15
ORD_00389,CUST_0299,PROD_003,2023-11-02,4,292.83,1171.32
ORD_03616,CUST_0991,PROD_014,2023-11-02,3,144.94,434.82
ORD_00522,CUST_0214,PROD_015,2023-11-02,3,160.09,480.27
ORD_01498,CUST_0533,PROD_032,2023-11-02,5,79.87,399.35
ORD_01287,CUST_0123,PROD_003,2023-11-02,1,292.83,292.83
ORD_04280,CUST_0888,PROD_026,2023-11-02,1,304.53,304.53
ORD_04956,CUST_0781,PROD_046,2023-11-02,4,116.77,467.08
ORD_00344,CUST_0178,PROD_043,2023-11-02,1,341.79,341.79
ORD_03611,CUST_0974,PROD_038,2023-11-02,2,322.08,644.16
ORD_04231,CUST_0425,PROD_029,2023-11-02,2,193.53,387.06
ORD_02966,CUST_0828,PROD_007,2023-11-02,5,178.15,890.75
ORD_03563,CUST_0533,PROD_040,2023-11-02,2,45.14,90.28
ORD_01872,CUST_0898,PROD_009,2023-11-02,1,329.62,329.62
ORD_03588,CUST_0599,PROD_004,2023-11-02,1,31.43,31.43
ORD_00111,CUST_0263,PROD_007,2023-11-03,1,178.15,178.15
ORD_01859,CUST_0179,PROD_048,2023-11-03,4,232.46,929.84
ORD_03844,CUST_0539,PROD_022,2023-11-03,2,221.18,442.36
ORD_03203,CUST_0092,PROD_025,2023-11-03,1,191.87,191.87
ORD_03631,CUST_0630,PROD_010,2023-11-03,5,424.35,2121.75
ORD_01842,CUST_0076,PROD_003,2023-11-03,5,292.83,1464.1499999999999
ORD_00523,CUST_0309,PROD_002,2023-11-03,1,248.14,248.14
ORD_03311,CUST_0828,PROD_015,2023-11-03,4,160.09,640.36
ORD_00985,CUST_0299,PROD_048,2023-11-03,4,232.46,929.84
ORD_01086,CUST_0118,PROD_050,2023-11-03,1,78.87,78.87
ORD_03076,CUST_0378,PROD_036,2023-11-03,4,22.47,89.88
ORD_00576,CUST_0433,PROD_014,2023-11-03,3,144.94,434.82
ORD_02199,CUST_0073,PROD_025,2023-11-03,5,191.87,959.35
ORD_02823,CUST_0377,PROD_008,2023-11-03,1,367.3,367.3
ORD_01075,CUST_0023,PROD_023,2023-11-03,2,166.24,332.48
ORD_04053,CUST_0375,PROD_007,2023-11-03,2,178.15,356.3
ORD_04917,CUST_0872,PROD_050,2023-11-03,1,78.87,78.87
ORD_03424,CUST_0142,PROD_009,2023-11-03,3,329.62,988.86
ORD_03080,CUST_0304,PROD_028,2023-11-03,3,347.32,1041.96
ORD_03680,CUST_0929,PROD_046,2023-11-03,5,116.77,583.85
ORD_00572,CUST_0219,PROD_005,2023-11-03,2,70.27,140.54
ORD_00350,CUST_0721,PROD_011,2023-11-04,4,349.32,1397.28
ORD_02644,CUST_0479,PROD_009,2023-11-04,2,329.62,659.24
ORD_02584,CUST_0668,PROD_036,2023-11-04,1,22.47,22.47
ORD_03886,CUST_0474,PROD_019,2023-11-04,1,412.99,412.99
ORD_03714,CUST_0467,PROD_044,2023-11-04,4,306.83,1227.32
ORD_04989,CUST_0484,PROD_049,2023-11-04,2,347.25,694.5
ORD_01013,CUST_0320,PROD_015,2023-11-04,3,160.09,480.27
ORD_01005,CUST_0399,PROD_018,2023-11-04,4,401.21,1604.84
ORD_04873,CUST_0568,PROD_036,2023-11-04,4,22.47,89.88
ORD_03962,CUST_0580,PROD_002,2023-11-04,4,248.14,992.56
ORD_03247,CUST_0119,PROD_026,2023-11-04,4,304.53,1218.12
ORD_01124,CUST_0568,PROD_046,2023-11-04,5,116.77,583.85
ORD_03254,CUST_0743,PROD_033,2023-11-04,3,446.15,1338.4499999999998
ORD_02597,CUST_0608,PROD_015,2023-11-04,5,160.09,800.45
ORD_04177,CUST_0511,PROD_002,2023-11-04,1,248.14,248.14
ORD_03137,CUST_0128,PROD_043,2023-11-04,3,341.79,1025.3700000000001
ORD_00756,CUST_0087,PROD_009,2023-11-04,5,329.62,1648.1
ORD_00409,CUST_0352,PROD_019,2023-11-04,4,412.99,1651.96
ORD_01265,CUST_0049,PROD_035,2023-11-04,3,85.69,257.07
ORD_02580,CUST_0527,PROD_005,2023-11-04,2,70.27,140.54
ORD_04567,CUST_0719,PROD_017,2023-11-04,2,228.75,457.5
ORD_00932,CUST_0826,PROD_014,2023-11-04,2,144.94,289.88
ORD_02637,CUST_0808,PROD_020,2023-11-04,5,430.21,2151.0499999999997
ORD_04023,CUST_0021,PROD_019,2023-11-04,5,412.99,2064.95
ORD_04107,CUST_0780,PROD_044,2023-11-04,2,306.83,613.66
ORD_04488,CUST_0890,PROD_048,2023-11-04,3,232.46,697.38
ORD_00978,CUST_0047,PROD_032,2023-11-04,3,79.87,239.61
ORD_04151,CUST_0101,PROD_005,2023-11-04,1,70.27,70.27
ORD_04099,CUST_0838,PROD_002,2023-11-04,5,248.14,1240.6999999999998
ORD_00934,CUST_0354,PROD_019,2023-11-04,2,412.99,825.98
ORD_03857,CUST_0471,PROD_016,2023-11-05,4,396.6,1586.4
ORD_00207,CUST_0786,PROD_046,2023-11-05,1,116.77,116.77
ORD_04396,CUST_0863,PROD_025,2023-11-05,3,191.87,575.61
ORD_02855,CUST_0991,PROD_037,2023-11-05,2,326.45,652.9
ORD_02620,CUST_0357,PROD_003,2023-11-05,5,292.83,1464.1499999999999
ORD_00365,CUST_0820,PROD_001,2023-11-05,3,154.57,463.71
ORD_01944,CUST_0392,PROD_002,2023-11-05,3,248.14,744.42
ORD_01019,CUST_0664,PROD_039,2023-11-05,5,176.9,884.5
ORD_00081,CUST_0888,PROD_047,2023-11-05,3,494.14,1482.42
ORD_03708,CUST_0553,PROD_006,2023-11-05,3,283.73,851.19
ORD_01088,CUST_0404,PROD_012,2023-11-05,4,220.67,882.68
ORD_02881,CUST_0963,PROD_020,2023-11-05,2,430.21,860.42
ORD_02669,CUST_0432,PROD_046,2023-11-05,2,116.77,233.54
ORD_00106,CUST_0380,PROD_036,2023-11-05,3,22.47,67.41
ORD_02354,CUST_0722,PROD_020,2023-11-05,5,430.21,2151.0499999999997
ORD_01203,CUST_0241,PROD_003,2023-11-05,3,292.83,878.49
ORD_01318,CUST_0157,PROD_023,2023-11-05,3,166.24,498.72
ORD_03836,CUST_0871,PROD_029,2023-11-05,2,193.53,387.06
ORD_02392,CUST_0809,PROD_018,2023-11-05,4,401.21,1604.84
ORD_02039,CUST_0290,PROD_047,2023-11-05,4,494.14,1976.56
ORD_04789,CUST_0178,PROD_013,2023-11-05,5,339.75,1698.75
ORD_03849,CUST_0249,PROD_017,2023-11-06,2,228.75,457.5
ORD_01616,CUST_0051,PROD_014,2023-11-06,1,144.94,144.94
ORD_00246,CUST_0502,PROD_002,2023-11-06,1,248.14,248.14
ORD_02092,CUST_0478,PROD_006,2023-11-06,2,283.73,567.46
ORD_02899,CUST_0367,PROD_046,2023-11-06,1,116.77,116.77
ORD_03318,CUST_0796,PROD_030,2023-11-06,3,91.76,275.28000000000003
ORD_03809,CUST_0955,PROD_015,2023-11-06,1,160.09,160.09
ORD_00047,CUST_0680,PROD_042,2023-11-06,4,162.5,650.0
ORD_00877,CUST_0345,PROD_033,2023-11-06,4,446.15,1784.6
ORD_03684,CUST_0571,PROD_046,2023-11-06,3,116.77,350.31
ORD_00726,CUST_0324,PROD_047,2023-11-06,3,494.14,1482.42
ORD_01253,CUST_0831,PROD_032,2023-11-06,2,79.87,159.74
ORD_01773,CUST_0737,PROD_036,2023-11-06,1,22.47,22.47
ORD_03466,CUST_0178,PROD_014,2023-11-06,4,144.94,579.76
ORD_04618,CUST_0795,PROD_004,2023-11-06,3,31.43,94.28999999999999
ORD_02431,CUST_0087,PROD_041,2023-11-06,4,210.72,842.88
ORD_03532,CUST_0049,PROD_009,2023-11-06,1,329.62,329.62
ORD_04237,CUST_0323,PROD_050,2023-11-06,3,78.87,236.61
ORD_03122,CUST_0014,PROD_041,2023-11-06,4,210.72,842.88
ORD_02733,CUST_0777,PROD_038,2023-11-06,1,322.08,322.08
ORD_01448,CUST_0890,PROD_027,2023-11-06,3,355.74,1067.22
ORD_00812,CUST_0799,PROD_039,2023-11-06,1,176.9,176.9
ORD_03583,CUST_0934,PROD_032,2023-11-06,5,79.87,399.35
ORD_04034,CUST_0691,PROD_009,2023-11-06,2,329.62,659.24
ORD_03279,CUST_0781,PROD_022,2023-11-07,4,221.18,884.72
ORD_02192,CUST_0642,PROD_030,2023-11-07,1,91.76,91.76
ORD_00512,CUST_0261,PROD_002,2023-11-07,4,248.14,992.56
ORD_04952,CUST_0437,PROD_044,2023-11-07,3,306.83,920.49
ORD_01272,CUST_0301,PROD_043,2023-11-07,1,341.79,341.79
ORD_00749,CUST_0504,PROD_030,2023-11-07,2,91.76,183.52
ORD_02664,CUST_0034,PROD_041,2023-11-07,3,210.72,632.16
ORD_02394,CUST_0084,PROD_023,2023-11-07,4,166.24,664.96
ORD_01496,CUST_0199,PROD_002,2023-11-07,1,248.14,248.14
ORD_03865,CUST_0306,PROD_010,2023-11-07,5,424.35,2121.75
ORD_03779,CUST_0544,PROD_004,2023-11-07,3,31.43,94.28999999999999
ORD_03117,CUST_0371,PROD_021,2023-11-07,3,459.15,1377.4499999999998
ORD_01776,CUST_0370,PROD_028,2023-11-07,1,347.32,347.32
ORD_03298,CUST_0912,PROD_015,2023-11-07,1,160.09,160.09
ORD_00072,CUST_0927,PROD_023,2023-11-07,2,166.24,332.48
ORD_01755,CUST_0205,PROD_037,2023-11-07,4,326.45,1305.8
ORD_02140,CUST_0379,PROD_032,2023-11-07,5,79.87,399.35
ORD_02732,CUST_0883,PROD_015,2023-11-07,5,160.09,800.45
ORD_03897,CUST_0781,PROD_044,2023-11-07,3,306.83,920.49
ORD_00491,CUST_0923,PROD_044,2023-11-07,1,306.83,306.83
ORD_03941,CUST_0482,PROD_031,2023-11-07,4,220.96,883.84
ORD_02415,CUST_0620,PROD_028,2023-11-08,2,347.32,694.64
ORD_01642,CUST_0078,PROD_031,2023-11-08,3,220.96,662.88
ORD_00191,CUST_0170,PROD_034,2023-11-08,1,179.48,179.48
ORD_02753,CUST_0247,PROD_015,2023-11-08,4,160.09,640.36
ORD_00585,CUST_0333,PROD_008,2023-11-08,2,367.3,734.6
ORD_01641,CUST_0170,PROD_033,2023-11-08,4,446.15,1784.6
ORD_00636,CUST_0547,PROD_047,2023-11-08,2,494.14,988.28
ORD_01731,CUST_0561,PROD_048,2023-11-08,2,232.46,464.92
ORD_01747,CUST_0460,PROD_027,2023-11-08,3,355.74,1067.22
ORD_04326,CUST_0203,PROD_044,2023-11-08,2,306.83,613.66
ORD_03097,CUST_0863,PROD_017,2023-11-08,1,228.75,228.75
ORD_04920,CUST_0595,PROD_005,2023-11-08,3,70.27,210.81
ORD_04918,CUST_0451,PROD_025,2023-11-08,2,191.87,383.74
ORD_03976,CUST_0985,PROD_050,2023-11-08,4,78.87,315.48
ORD_00979,CUST_0170,PROD_030,2023-11-08,1,91.76,91.76
ORD_03603,CUST_0495,PROD_049,2023-11-08,1,347.25,347.25
ORD_03709,CUST_0915,PROD_015,2023-11-08,5,160.09,800.45
ORD_01175,CUST_0387,PROD_040,2023-11-08,1,45.14,45.14
ORD_03525,CUST_0322,PROD_010,2023-11-08,4,424.35,1697.4
ORD_02046,CUST_0383,PROD_016,2023-11-08,1,396.6,396.6
ORD_03568,CUST_0040,PROD_022,2023-11-09,4,221.18,884.72
ORD_02673,CUST_0235,PROD_030,2023-11-09,2,91.76,183.52
ORD_02255,CUST_0685,PROD_016,2023-11-09,3,396.6,1189.8000000000002
ORD_01892,CUST_0900,PROD_034,2023-11-09,2,179.48,358.96
ORD_02780,CUST_0626,PROD_040,2023-11-09,1,45.14,45.14
ORD_04063,CUST_0389,PROD_028,2023-11-09,3,347.32,1041.96
ORD_00263,CUST_0586,PROD_009,2023-11-09,2,329.62,659.24
ORD_01363,CUST_0337,PROD_029,2023-11-09,3,193.53,580.59
ORD_04761,CUST_0474,PROD_039,2023-11-09,5,176.9,884.5
ORD_00213,CUST_0243,PROD_015,2023-11-09,5,160.09,800.45
ORD_02254,CUST_0776,PROD_032,2023-11-09,5,79.87,399.35
ORD_03025,CUST_0539,PROD_006,2023-11-09,1,283.73,283.73
ORD_03618,CUST_0136,PROD_014,2023-11-09,5,144.94,724.7
ORD_01288,CUST_0991,PROD_042,2023-11-09,1,162.5,162.5
ORD_01831,CUST_0490,PROD_022,2023-11-09,3,221.18,663.54
ORD_00259,CUST_0227,PROD_026,2023-11-09,4,304.53,1218.12
ORD_01545,CUST_0358,PROD_004,2023-11-09,1,31.43,31.43
ORD_00090,CUST_0793,PROD_045,2023-11-09,1,188.65,188.65
ORD_04539,CUST_0962,PROD_002,2023-11-09,5,248.14,1240.6999999999998
ORD_03164,CUST_0690,PROD_035,2023-11-09,5,85.69,428.45
ORD_00896,CUST_0612,PROD_014,2023-11-09,2,144.94,289.88
ORD_04291,CUST_0628,PROD_014,2023-11-09,1,144.94,144.94
ORD_02710,CUST_0102,PROD_020,2023-11-09,1,430.21,430.21
ORD_00944,CUST_0581,PROD_046,2023-11-09,2,116.77,233.54
ORD_03007,CUST_0747,PROD_026,2023-11-09,3,304.53,913.5899999999999
ORD_01967,CUST_0800,PROD_006,2023-11-09,2,283.73,567.46
ORD_03178,CUST_0781,PROD_045,2023-11-09,2,188.65,377.3
ORD_02809,CUST_0789,PROD_048,2023-11-10,5,232.46,1162.3
ORD_01368,CUST_0226,PROD_048,2023-11-10,3,232.46,697.38
ORD_04409,CUST_0354,PROD_048,2023-11-10,4,232.46,929.84
ORD_04782,CUST_0202,PROD_014,2023-11-10,2,144.94,289.88
ORD_01787,CUST_0380,PROD_047,2023-11-10,4,494.14,1976.56
ORD_04999,CUST_0432,PROD_016,2023-11-10,3,396.6,1189.8000000000002
ORD_02971,CUST_0025,PROD_003,2023-11-10,4,292.83,1171.32
ORD_03112,CUST_0172,PROD_032,2023-11-10,2,79.87,159.74
ORD_02772,CUST_0984,PROD_040,2023-11-10,3,45.14,135.42000000000002
ORD_00621,CUST_0075,PROD_040,2023-11-10,5,45.14,225.7
ORD_02968,CUST_0894,PROD_032,2023-11-10,5,79.87,399.35
ORD_03210,CUST_0392,PROD_012,2023-11-10,2,220.67,441.34
ORD_01323,CUST_0419,PROD_030,2023-11-10,1,91.76,91.76
ORD_02510,CUST_0981,PROD_038,2023-11-10,1,322.08,322.08
ORD_03182,CUST_0863,PROD_011,2023-11-10,5,349.32,1746.6
ORD_00768,CUST_0307,PROD_050,2023-11-10,1,78.87,78.87
ORD_02378,CUST_0207,PROD_035,2023-11-10,1,85.69,85.69
ORD_04091,CUST_0115,PROD_023,2023-11-10,1,166.24,166.24
ORD_01431,CUST_0354,PROD_018,2023-11-10,4,401.21,1604.84
ORD_03297,CUST_0648,PROD_009,2023-11-10,2,329.62,659.24
ORD_01356,CUST_0089,PROD_036,2023-11-10,5,22.47,112.35
ORD_04258,CUST_0343,PROD_047,2023-11-10,3,494.14,1482.42
ORD_03337,CUST_0995,PROD_041,2023-11-10,1,210.72,210.72
ORD_04220,CUST_0580,PROD_005,2023-11-10,4,70.27,281.08
ORD_00200,CUST_0127,PROD_043,2023-11-10,4,341.79,1367.16
ORD_00782,CUST_0718,PROD_006,2023-11-10,1,283.73,283.73
ORD_01510,CUST_0724,PROD_008,2023-11-10,5,367.3,1836.5
ORD_02077,CUST_0588,PROD_005,2023-11-10,5,70.27,351.34999999999997
ORD_00549,CUST_0554,PROD_030,2023-11-10,2,91.76,183.52
ORD_01152,CUST_0049,PROD_042,2023-11-11,2,162.5,325.0
ORD_03431,CUST_0109,PROD_002,2023-11-11,2,248.14,496.28
ORD_01613,CUST_0940,PROD_046,2023-11-11,2,116.77,233.54
ORD_01868,CUST_0343,PROD_010,2023-11-11,3,424.35,1273.0500000000002
ORD_02379,CUST_0259,PROD_016,2023-11-11,2,396.6,793.2
ORD_04668,CUST_0474,PROD_017,2023-11-11,5,228.75,1143.75
ORD_03574,CUST_0306,PROD_024,2023-11-11,3,295.28,885.8399999999999
ORD_03036,CUST_0470,PROD_049,2023-11-11,5,347.25,1736.25
ORD_01805,CUST_0431,PROD_015,2023-11-11,3,160.09,480.27
ORD_00335,CUST_0648,PROD_047,2023-11-11,1,494.14,494.14
ORD_03277,CUST_0530,PROD_034,2023-11-11,3,179.48,538.4399999999999
ORD_03146,CUST_0051,PROD_045,2023-11-11,4,188.65,754.6
ORD_04862,CUST_0568,PROD_039,2023-11-11,1,176.9,176.9
ORD_03273,CUST_0679,PROD_037,2023-11-11,3,326.45,979.3499999999999
ORD_00315,CUST_0061,PROD_038,2023-11-11,4,322.08,1288.32
ORD_04437,CUST_0106,PROD_003,2023-11-11,3,292.83,878.49
ORD_01874,CUST_0692,PROD_039,2023-11-11,5,176.9,884.5
ORD_02492,CUST_0377,PROD_017,2023-11-11,3,228.75,686.25
ORD_04636,CUST_0031,PROD_003,2023-11-11,5,292.83,1464.1499999999999
ORD_04336,CUST_0727,PROD_048,2023-11-11,5,232.46,1162.3
ORD_00956,CUST_0428,PROD_034,2023-11-11,1,179.48,179.48
ORD_04502,CUST_0049,PROD_035,2023-11-11,2,85.69,171.38
ORD_04777,CUST_0510,PROD_023,2023-11-11,1,166.24,166.24
ORD_01066,CUST_0361,PROD_022,2023-11-11,4,221.18,884.72
ORD_02982,CUST_0678,PROD_044,2023-11-11,3,306.83,920.49
ORD_03170,CUST_0952,PROD_029,2023-11-11,2,193.53,387.06
ORD_01486,CUST_0301,PROD_039,2023-11-11,3,176.9,530.7
ORD_04413,CUST_0435,PROD_031,2023-11-11,2,220.96,441.92
ORD_02096,CUST_0324,PROD_023,2023-11-11,1,166.24,166.24
ORD_04776,CUST_0947,PROD_032,2023-11-11,2,79.87,159.74
ORD_04584,CUST_0270,PROD_035,2023-11-12,4,85.69,342.76
ORD_03582,CUST_0076,PROD_012,2023-11-12,5,220.67,1103.35
ORD_04670,CUST_0125,PROD_018,2023-11-12,2,401.21,802.42
ORD_03748,CUST_0561,PROD_032,2023-11-12,1,79.87,79.87
ORD_03811,CUST_0118,PROD_034,2023-11-12,2,179.48,358.96
ORD_02633,CUST_0684,PROD_006,2023-11-12,5,283.73,1418.65
ORD_03742,CUST_0895,PROD_046,2023-11-12,1,116.77,116.77
ORD_03054,CUST_0055,PROD_003,2023-11-12,1,292.83,292.83
ORD_01192,CUST_0373,PROD_017,2023-11-12,1,228.75,228.75
ORD_04525,CUST_0501,PROD_018,2023-11-12,4,401.21,1604.84
ORD_03257,CUST_0136,PROD_043,2023-11-12,5,341.79,1708.95
ORD_02495,CUST_0432,PROD_050,2023-11-12,5,78.87,394.35
ORD_03713,CUST_0394,PROD_013,2023-11-12,1,339.75,339.75
ORD_03961,CUST_0090,PROD_007,2023-11-12,2,178.15,356.3
ORD_04031,CUST_0118,PROD_014,2023-11-12,4,144.94,579.76
ORD_00788,CUST_0594,PROD_032,2023-11-12,1,79.87,79.87
ORD_00474,CUST_0945,PROD_035,2023-11-12,4,85.69,342.76
ORD_00885,CUST_0127,PROD_028,2023-11-12,5,347.32,1736.6
ORD_00022,CUST_0429,PROD_013,2023-11-12,1,339.75,339.75
ORD_04238,CUST_0571,PROD_033,2023-11-12,3,446.15,1338.4499999999998
ORD_00809,CUST_0309,PROD_012,2023-11-12,3,220.67,662.01
ORD_01381,CUST_0060,PROD_046,2023-11-12,5,116.77,583.85
ORD_00959,CUST_0192,PROD_007,2023-11-12,4,178.15,712.6
ORD_01976,CUST_0981,PROD_049,2023-11-12,1,347.25,347.25
ORD_04097,CUST_0584,PROD_003,2023-11-12,5,292.83,1464.1499999999999
ORD_04706,CUST_0234,PROD_039,2023-11-12,4,176.9,707.6
ORD_00703,CUST_0578,PROD_007,2023-11-12,2,178.15,356.3
ORD_01128,CUST_0083,PROD_026,2023-11-12,5,304.53,1522.6499999999999
ORD_03624,CUST_0838,PROD_032,2023-11-12,4,79.87,319.48
ORD_00149,CUST_0309,PROD_042,2023-11-12,2,162.5,325.0
ORD_00456,CUST_0663,PROD_022,2023-11-12,1,221.18,221.18
ORD_03214,CUST_0158,PROD_025,2023-11-13,5,191.87,959.35
ORD_04925,CUST_0951,PROD_049,2023-11-13,3,347.25,1041.75
ORD_01142,CUST_0890,PROD_038,2023-11-13,4,322.08,1288.32
ORD_02189,CUST_0263,PROD_001,2023-11-13,2,154.57,309.14
ORD_01207,CUST_0306,PROD_041,2023-11-13,5,210.72,1053.6
ORD_02660,CUST_0307,PROD_020,2023-11-13,3,430.21,1290.6299999999999
ORD_03330,CUST_0101,PROD_015,2023-11-13,3,160.09,480.27
ORD_01369,CUST_0066,PROD_010,2023-11-13,3,424.35,1273.0500000000002
ORD_00197,CUST_0933,PROD_038,2023-11-13,5,322.08,1610.3999999999999
ORD_02217,CUST_0533,PROD_007,2023-11-13,2,178.15,356.3
ORD_02709,CUST_0050,PROD_024,2023-11-13,1,295.28,295.28
ORD_03875,CUST_0532,PROD_004,2023-11-13,5,31.43,157.15
ORD_02313,CUST_0118,PROD_030,2023-11-13,5,91.76,458.8
ORD_02815,CUST_0109,PROD_039,2023-11-13,3,176.9,530.7
ORD_02056,CUST_0865,PROD_009,2023-11-13,5,329.62,1648.1
ORD_04148,CUST_0800,PROD_033,2023-11-13,5,446.15,2230.75
ORD_00026,CUST_0574,PROD_013,2023-11-13,2,339.75,679.5
ORD_01286,CUST_0496,PROD_048,2023-11-13,5,232.46,1162.3
ORD_00635,CUST_0327,PROD_020,2023-11-13,4,430.21,1720.84
ORD_02930,CUST_0628,PROD_027,2023-11-13,3,355.74,1067.22
ORD_03096,CUST_0923,PROD_002,2023-11-13,4,248.14,992.56
ORD_04935,CUST_0801,PROD_050,2023-11-13,5,78.87,394.35
ORD_01802,CUST_0742,PROD_005,2023-11-14,4,70.27,281.08
ORD_02539,CUST_0130,PROD_041,2023-11-14,4,210.72,842.88
ORD_04110,CUST_0495,PROD_019,2023-11-14,2,412.99,825.98
ORD_00196,CUST_0288,PROD_005,2023-11-14,1,70.27,70.27
ORD_00195,CUST_0826,PROD_020,2023-11-14,1,430.21,430.21
ORD_02829,CUST_0926,PROD_029,2023-11-14,3,193.53,580.59
ORD_04717,CUST_0876,PROD_041,2023-11-14,5,210.72,1053.6
ORD_02028,CUST_0849,PROD_050,2023-11-14,1,78.87,78.87
ORD_00682,CUST_0935,PROD_018,2023-11-14,2,401.21,802.42
ORD_04908,CUST_0481,PROD_024,2023-11-14,4,295.28,1181.12
ORD_03887,CUST_0370,PROD_004,2023-11-14,4,31.43,125.72
ORD_03344,CUST_0432,PROD_049,2023-11-14,5,347.25,1736.25
ORD_02365,CUST_0608,PROD_022,2023-11-14,4,221.18,884.72
ORD_01016,CUST_0089,PROD_016,2023-11-14,1,396.6,396.6
ORD_02781,CUST_0777,PROD_039,2023-11-14,2,176.9,353.8
ORD_04995,CUST_0004,PROD_049,2023-11-14,3,347.25,1041.75
ORD_04521,CUST_0574,PROD_021,2023-11-14,1,459.15,459.15
ORD_00940,CUST_0574,PROD_006,2023-11-14,4,283.73,1134.92
ORD_03074,CUST_0478,PROD_028,2023-11-14,1,347.32,347.32
ORD_03241,CUST_0323,PROD_034,2023-11-14,5,179.48,897.4
ORD_04209,CUST_0868,PROD_007,2023-11-14,1,178.15,178.15
ORD_00730,CUST_0118,PROD_031,2023-11-14,1,220.96,220.96
ORD_00076,CUST_0050,PROD_049,2023-11-15,2,347.25,694.5
ORD_02063,CUST_0014,PROD_006,2023-11-15,3,283.73,851.19
ORD_01178,CUST_0718,PROD_029,2023-11-15,5,193.53,967.65
ORD_01407,CUST_0891,PROD_022,2023-11-15,3,221.18,663.54
ORD_01382,CUST_0300,PROD_018,2023-11-15,1,401.21,401.21
ORD_03323,CUST_0144,PROD_027,2023-11-15,5,355.74,1778.7
ORD_01800,CUST_0212,PROD_030,2023-11-15,2,91.76,183.52
ORD_02497,CUST_0214,PROD_040,2023-11-15,2,45.14,90.28
ORD_04714,CUST_0001,PROD_038,2023-11-15,1,322.08,322.08
ORD_02397,CUST_0611,PROD_030,2023-11-15,4,91.76,367.04
ORD_02183,CUST_0363,PROD_020,2023-11-15,4,430.21,1720.84
ORD_02696,CUST_0076,PROD_014,2023-11-15,2,144.94,289.88
ORD_03329,CUST_0158,PROD_040,2023-11-15,3,45.14,135.42000000000002
ORD_04050,CUST_0371,PROD_015,2023-11-15,4,160.09,640.36
ORD_02440,CUST_0974,PROD_024,2023-11-15,5,295.28,1476.3999999999999
ORD_04275,CUST_0733,PROD_006,2023-11-15,1,283.73,283.73
ORD_00933,CUST_0568,PROD_017,2023-11-15,3,228.75,686.25
ORD_04369,CUST_0440,PROD_004,2023-11-15,1,31.43,31.43
ORD_04698,CUST_0759,PROD_018,2023-11-15,2,401.21,802.42
ORD_02181,CUST_0064,PROD_009,2023-11-15,2,329.62,659.24
ORD_01449,CUST_0605,PROD_029,2023-11-15,4,193.53,774.12
ORD_04454,CUST_0984,PROD_038,2023-11-15,4,322.08,1288.32
ORD_00804,CUST_0818,PROD_014,2023-11-15,1,144.94,144.94
ORD_01936,CUST_0250,PROD_024,2023-11-15,2,295.28,590.56
ORD_02677,CUST_0691,PROD_002,2023-11-15,1,248.14,248.14
ORD_04666,CUST_0565,PROD_002,2023-11-15,1,248.14,248.14
ORD_00987,CUST_0158,PROD_009,2023-11-15,5,329.62,1648.1
ORD_04752,CUST_0465,PROD_015,2023-11-15,4,160.09,640.36
ORD_01341,CUST_0662,PROD_011,2023-11-16,1,349.32,349.32
ORD_01790,CUST_0991,PROD_027,2023-11-16,4,355.74,1422.96
ORD_00204,CUST_0081,PROD_038,2023-11-16,5,322.08,1610.3999999999999
ORD_01766,CUST_0081,PROD_014,2023-11-16,2,144.94,289.88
ORD_02269,CUST_0227,PROD_012,2023-11-16,3,220.67,662.01
ORD_02145,CUST_0100,PROD_008,2023-11-16,1,367.3,367.3
ORD_02621,CUST_0781,PROD_047,2023-11-16,1,494.14,494.14
ORD_02612,CUST_0090,PROD_014,2023-11-16,4,144.94,579.76
ORD_02002,CUST_0050,PROD_050,2023-11-16,2,78.87,157.74
ORD_03701,CUST_0393,PROD_005,2023-11-16,5,70.27,351.34999999999997
ORD_04240,CUST_0130,PROD_016,2023-11-16,3,396.6,1189.8000000000002
ORD_03850,CUST_0177,PROD_010,2023-11-16,5,424.35,2121.75
ORD_02865,CUST_0248,PROD_001,2023-11-16,2,154.57,309.14
ORD_00251,CUST_0050,PROD_006,2023-11-16,5,283.73,1418.65
ORD_01205,CUST_0797,PROD_009,2023-11-16,1,329.62,329.62
ORD_03272,CUST_0310,PROD_016,2023-11-17,1,396.6,396.6
ORD_01135,CUST_0016,PROD_010,2023-11-17,5,424.35,2121.75
ORD_04537,CUST_0941,PROD_032,2023-11-17,5,79.87,399.35
ORD_01308,CUST_0927,PROD_046,2023-11-17,4,116.77,467.08
ORD_04829,CUST_0693,PROD_034,2023-11-17,2,179.48,358.96
ORD_00571,CUST_0217,PROD_026,2023-11-17,3,304.53,913.5899999999999
ORD_04841,CUST_0014,PROD_043,2023-11-17,5,341.79,1708.95
ORD_01006,CUST_0023,PROD_032,2023-11-17,4,79.87,319.48
ORD_00609,CUST_0394,PROD_040,2023-11-17,5,45.14,225.7
ORD_03157,CUST_0380,PROD_015,2023-11-17,2,160.09,320.18
ORD_03785,CUST_0118,PROD_026,2023-11-17,3,304.53,913.5899999999999
ORD_00686,CUST_0075,PROD_037,2023-11-17,5,326.45,1632.25
ORD_03086,CUST_0023,PROD_003,2023-11-17,2,292.83,585.66
ORD_02814,CUST_0609,PROD_016,2023-11-17,4,396.6,1586.4
ORD_02718,CUST_0287,PROD_005,2023-11-17,4,70.27,281.08
ORD_03544,CUST_0362,PROD_029,2023-11-17,5,193.53,967.65
ORD_00706,CUST_0392,PROD_046,2023-11-17,1,116.77,116.77
ORD_03166,CUST_0268,PROD_010,2023-11-17,1,424.35,424.35
ORD_02438,CUST_0495,PROD_010,2023-11-17,1,424.35,424.35
ORD_00696,CUST_0050,PROD_008,2023-11-17,1,367.3,367.3
ORD_01815,CUST_0562,PROD_026,2023-11-17,2,304.53,609.06
ORD_03012,CUST_0256,PROD_018,2023-11-18,2,401.21,802.42
ORD_04529,CUST_0370,PROD_009,2023-11-18,2,329.62,659.24
ORD_02473,CUST_0464,PROD_039,2023-11-18,3,176.9,530.7
ORD_02243,CUST_0116,PROD_001,2023-11-18,4,154.57,618.28
ORD_02158,CUST_0984,PROD_017,2023-11-18,2,228.75,457.5
ORD_04602,CUST_0214,PROD_012,2023-11-18,1,220.67,220.67
ORD_04329,CUST_0580,PROD_010,2023-11-18,5,424.35,2121.75
ORD_02115,CUST_0621,PROD_037,2023-11-18,1,326.45,326.45
ORD_01839,CUST_0380,PROD_021,2023-11-18,3,459.15,1377.4499999999998
ORD_01895,CUST_0461,PROD_038,2023-11-18,2,322.08,644.16
ORD_01814,CUST_0059,PROD_044,2023-11-18,5,306.83,1534.1499999999999
ORD_00192,CUST_0283,PROD_012,2023-11-18,1,220.67,220.67
ORD_01307,CUST_0425,PROD_021,2023-11-18,3,459.15,1377.4499999999998
ORD_01520,CUST_0342,PROD_049,2023-11-18,4,347.25,1389.0
ORD_03058,CUST_0755,PROD_040,2023-11-19,2,45.14,90.28
ORD_02795,CUST_0250,PROD_050,2023-11-19,1,78.87,78.87
ORD_01875,CUST_0991,PROD_024,2023-11-19,2,295.28,590.56
ORD_01289,CUST_0243,PROD_024,2023-11-19,2,295.28,590.56
ORD_00379,CUST_0210,PROD_010,2023-11-19,3,424.35,1273.0500000000002
ORD_02651,CUST_0478,PROD_049,2023-11-19,5,347.25,1736.25
ORD_04926,CUST_0474,PROD_039,2023-11-19,2,176.9,353.8
ORD_03538,CUST_0021,PROD_023,2023-11-19,4,166.24,664.96
ORD_01276,CUST_0014,PROD_012,2023-11-19,3,220.67,662.01
ORD_03089,CUST_0191,PROD_035,2023-11-19,5,85.69,428.45
ORD_04189,CUST_0654,PROD_013,2023-11-19,4,339.75,1359.0
ORD_01945,CUST_0157,PROD_021,2023-11-19,3,459.15,1377.4499999999998
ORD_00469,CUST_0490,PROD_037,2023-11-19,1,326.45,326.45
ORD_00366,CUST_0550,PROD_012,2023-11-19,1,220.67,220.67
ORD_02860,CUST_0934,PROD_006,2023-11-19,2,283.73,567.46
ORD_04781,CUST_0334,PROD_040,2023-11-19,2,45.14,90.28
ORD_02064,CUST_0394,PROD_021,2023-11-19,3,459.15,1377.4499999999998
ORD_01029,CUST_0882,PROD_029,2023-11-19,2,193.53,387.06
ORD_02859,CUST_0351,PROD_035,2023-11-19,4,85.69,342.76
ORD_01154,CUST_0907,PROD_034,2023-11-19,5,179.48,897.4
ORD_03163,CUST_0074,PROD_038,2023-11-19,3,322.08,966.24
ORD_04491,CUST_0263,PROD_047,2023-11-19,5,494.14,2470.7
ORD_04055,CUST_0838,PROD_008,2023-11-19,4,367.3,1469.2
ORD_04507,CUST_0102,PROD_046,2023-11-19,4,116.77,467.08
ORD_01704,CUST_0614,PROD_038,2023-11-19,4,322.08,1288.32
ORD_01008,CUST_0164,PROD_023,2023-11-19,4,166.24,664.96
ORD_04827,CUST_0611,PROD_004,2023-11-20,3,31.43,94.28999999999999
ORD_01045,CUST_0675,PROD_045,2023-11-20,2,188.65,377.3
ORD_00042,CUST_0375,PROD_027,2023-11-20,1,355.74,355.74
ORD_03501,CUST_0189,PROD_028,2023-11-20,2,347.32,694.64
ORD_01848,CUST_0883,PROD_024,2023-11-20,3,295.28,885.8399999999999
ORD_00013,CUST_0839,PROD_020,2023-11-20,5,430.21,2151.0499999999997
ORD_04309,CUST_0540,PROD_019,2023-11-20,5,412.99,2064.95
ORD_02430,CUST_0128,PROD_037,2023-11-20,5,326.45,1632.25
ORD_01716,CUST_0243,PROD_037,2023-11-20,3,326.45,979.3499999999999
ORD_02719,CUST_0377,PROD_044,2023-11-20,1,306.83,306.83
ORD_02058,CUST_0362,PROD_038,2023-11-20,4,322.08,1288.32
ORD_03921,CUST_0953,PROD_011,2023-11-20,3,349.32,1047.96
ORD_01446,CUST_0948,PROD_033,2023-11-20,4,446.15,1784.6
ORD_00624,CUST_0993,PROD_045,2023-11-20,2,188.65,377.3
ORD_01990,CUST_0981,PROD_013,2023-11-20,2,339.75,679.5
ORD_01020,CUST_0533,PROD_006,2023-11-20,5,283.73,1418.65
ORD_04166,CUST_0699,PROD_025,2023-11-20,4,191.87,767.48
ORD_01938,CUST_0677,PROD_040,2023-11-20,5,45.14,225.7
ORD_01978,CUST_0871,PROD_042,2023-11-20,3,162.5,487.5
ORD_01549,CUST_0532,PROD_019,2023-11-20,5,412.99,2064.95
ORD_04843,CUST_0395,PROD_041,2023-11-20,2,210.72,421.44
ORD_03327,CUST_0228,PROD_021,2023-11-20,1,459.15,459.15
ORD_03099,CUST_0051,PROD_010,2023-11-20,4,424.35,1697.4
ORD_00668,CUST_0220,PROD_030,2023-11-20,2,91.76,183.52
ORD_02485,CUST_0923,PROD_030,2023-11-20,3,91.76,275.28000000000003
ORD_00248,CUST_0919,PROD_003,2023-11-20,4,292.83,1171.32
ORD_03833,CUST_0287,PROD_011,2023-11-20,4,349.32,1397.28
ORD_02549,CUST_0390,PROD_045,2023-11-20,5,188.65,943.25
ORD_02093,CUST_0311,PROD_019,2023-11-20,5,412.99,2064.95
ORD_00954,CUST_0652,PROD_042,2023-11-20,5,162.5,812.5
ORD_02585,CUST_0493,PROD_034,2023-11-20,3,179.48,538.4399999999999
ORD_00588,CUST_0145,PROD_035,2023-11-20,5,85.69,428.45
ORD_01215,CUST_0327,PROD_013,2023-11-20,1,339.75,339.75
ORD_03068,CUST_0116,PROD_040,2023-11-21,1,45.14,45.14
ORD_01115,CUST_0735,PROD_026,2023-11-21,4,304.53,1218.12
ORD_04455,CUST_0180,PROD_043,2023-11-21,5,341.79,1708.95
ORD_04728,CUST_0290,PROD_021,2023-11-21,4,459.15,1836.6
ORD_02956,CUST_0149,PROD_013,2023-11-21,5,339.75,1698.75
ORD_02240,CUST_0661,PROD_015,2023-11-21,4,160.09,640.36
ORD_03346,CUST_0553,PROD_009,2023-11-21,4,329.62,1318.48
ORD_00748,CUST_0548,PROD_004,2023-11-21,5,31.43,157.15
ORD_01098,CUST_0951,PROD_019,2023-11-21,2,412.99,825.98
ORD_01871,CUST_0165,PROD_012,2023-11-21,5,220.67,1103.35
ORD_03278,CUST_0070,PROD_045,2023-11-21,2,188.65,377.3
ORD_03913,CUST_0066,PROD_004,2023-11-21,2,31.43,62.86
ORD_00850,CUST_0890,PROD_022,2023-11-21,4,221.18,884.72
ORD_04388,CUST_0257,PROD_001,2023-11-21,5,154.57,772.8499999999999
ORD_00841,CUST_0338,PROD_023,2023-11-21,1,166.24,166.24
ORD_02852,CUST_0984,PROD_044,2023-11-21,4,306.83,1227.32
ORD_04308,CUST_0991,PROD_050,2023-11-21,3,78.87,236.61
ORD_04736,CUST_0927,PROD_002,2023-11-21,4,248.14,992.56
ORD_01996,CUST_0430,PROD_047,2023-11-21,2,494.14,988.28
ORD_04531,CUST_0910,PROD_007,2023-11-21,5,178.15,890.75
ORD_01697,CUST_0755,PROD_005,2023-11-21,2,70.27,140.54
ORD_02528,CUST_0283,PROD_046,2023-11-21,4,116.77,467.08
ORD_03509,CUST_0945,PROD_050,2023-11-21,5,78.87,394.35
ORD_02134,CUST_0071,PROD_041,2023-11-21,2,210.72,421.44
ORD_02112,CUST_0443,PROD_041,2023-11-21,2,210.72,421.44
ORD_01362,CUST_0814,PROD_016,2023-11-21,1,396.6,396.6
ORD_03159,CUST_0546,PROD_027,2023-11-21,3,355.74,1067.22
ORD_04074,CUST_0664,PROD_003,2023-11-21,4,292.83,1171.32
ORD_02159,CUST_0984,PROD_037,2023-11-22,1,326.45,326.45
ORD_02764,CUST_0515,PROD_030,2023-11-22,4,91.76,367.04
ORD_03414,CUST_0801,PROD_017,2023-11-22,2,228.75,457.5
ORD_02008,CUST_0323,PROD_014,2023-11-22,4,144.94,579.76
ORD_01284,CUST_0887,PROD_028,2023-11-22,1,347.32,347.32
ORD_01748,CUST_0219,PROD_026,2023-11-22,1,304.53,304.53
ORD_04627,CUST_0346,PROD_047,2023-11-22,2,494.14,988.28
ORD_02639,CUST_0502,PROD_016,2023-11-22,1,396.6,396.6
ORD_03003,CUST_0186,PROD_049,2023-11-22,2,347.25,694.5
ORD_01741,CUST_0916,PROD_017,2023-11-22,4,228.75,915.0
ORD_00205,CUST_0542,PROD_016,2023-11-22,1,396.6,396.6
ORD_02014,CUST_0557,PROD_018,2023-11-22,5,401.21,2006.05
ORD_01798,CUST_0165,PROD_042,2023-11-22,3,162.5,487.5
ORD_04697,CUST_0728,PROD_008,2023-11-22,1,367.3,367.3
ORD_03197,CUST_0947,PROD_034,2023-11-22,4,179.48,717.92
ORD_03891,CUST_0276,PROD_045,2023-11-22,2,188.65,377.3
ORD_03720,CUST_0449,PROD_003,2023-11-22,3,292.83,878.49
ORD_04334,CUST_0577,PROD_017,2023-11-22,1,228.75,228.75
ORD_03377,CUST_0858,PROD_045,2023-11-22,4,188.65,754.6
ORD_04771,CUST_0066,PROD_015,2023-11-22,4,160.09,640.36
ORD_04643,CUST_0792,PROD_048,2023-11-22,1,232.46,232.46
ORD_03511,CUST_0207,PROD_034,2023-11-22,4,179.48,717.92
ORD_03211,CUST_0471,PROD_023,2023-11-22,4,166.24,664.96
ORD_00413,CUST_0205,PROD_019,2023-11-22,2,412.99,825.98
ORD_02681,CUST_0337,PROD_006,2023-11-22,2,283.73,567.46
ORD_02176,CUST_0456,PROD_045,2023-11-22,2,188.65,377.3
ORD_03386,CUST_0316,PROD_002,2023-11-22,5,248.14,1240.6999999999998
ORD_03141,CUST_0565,PROD_041,2023-11-22,2,210.72,421.44
ORD_00664,CUST_0555,PROD_045,2023-11-23,2,188.65,377.3
ORD_02066,CUST_0678,PROD_007,2023-11-23,2,178.15,356.3
ORD_02150,CUST_0996,PROD_019,2023-11-23,1,412.99,412.99
ORD_00930,CUST_0049,PROD_033,2023-11-23,2,446.15,892.3
ORD_04767,CUST_0041,PROD_045,2023-11-23,2,188.65,377.3
ORD_04628,CUST_0984,PROD_008,2023-11-23,1,367.3,367.3
ORD_04474,CUST_0823,PROD_005,2023-11-23,5,70.27,351.34999999999997
ORD_02137,CUST_0250,PROD_011,2023-11-23,2,349.32,698.64
ORD_00312,CUST_0170,PROD_019,2023-11-23,1,412.99,412.99
ORD_00408,CUST_0461,PROD_010,2023-11-23,1,424.35,424.35
ORD_02768,CUST_0322,PROD_007,2023-11-23,1,178.15,178.15
ORD_04124,CUST_0685,PROD_027,2023-11-23,2,355.74,711.48
ORD_02526,CUST_0209,PROD_038,2023-11-23,5,322.08,1610.3999999999999
ORD_00345,CUST_0170,PROD_003,2023-11-23,2,292.83,585.66
ORD_03055,CUST_0525,PROD_005,2023-11-23,1,70.27,70.27
ORD_02317,CUST_0154,PROD_038,2023-11-23,4,322.08,1288.32
ORD_03968,CUST_0085,PROD_036,2023-11-23,4,22.47,89.88
ORD_00288,CUST_0260,PROD_009,2023-11-23,4,329.62,1318.48
ORD_04657,CUST_0432,PROD_020,2023-11-23,1,430.21,430.21
ORD_01450,CUST_0797,PROD_037,2023-11-23,4,326.45,1305.8
ORD_00023,CUST_0691,PROD_032,2023-11-23,4,79.87,319.48
ORD_04249,CUST_0040,PROD_024,2023-11-23,2,295.28,590.56
ORD_04108,CUST_0057,PROD_001,2023-11-23,5,154.57,772.8499999999999
ORD_01320,CUST_0066,PROD_047,2023-11-23,4,494.14,1976.56
ORD_04007,CUST_0081,PROD_013,2023-11-23,3,339.75,1019.25
ORD_03500,CUST_0986,PROD_016,2023-11-23,2,396.6,793.2
ORD_02593,CUST_0142,PROD_018,2023-11-23,5,401.21,2006.05
ORD_03998,CUST_0574,PROD_001,2023-11-23,5,154.57,772.8499999999999
ORD_03986,CUST_0901,PROD_011,2023-11-23,5,349.32,1746.6
ORD_01926,CUST_0552,PROD_005,2023-11-23,2,70.27,140.54
ORD_04883,CUST_0760,PROD_034,2023-11-24,5,179.48,897.4
ORD_00539,CUST_0022,PROD_003,2023-11-24,1,292.83,292.83
ORD_04271,CUST_0592,PROD_034,2023-11-24,4,179.48,717.92
ORD_04866,CUST_0409,PROD_002,2023-11-24,5,248.14,1240.6999999999998
ORD_00506,CUST_0345,PROD_020,2023-11-24,2,430.21,860.42
ORD_02598,CUST_0246,PROD_045,2023-11-24,2,188.65,377.3
ORD_00702,CUST_0086,PROD_030,2023-11-24,2,91.76,183.52
ORD_02435,CUST_0207,PROD_049,2023-11-24,4,347.25,1389.0
ORD_04496,CUST_0786,PROD_048,2023-11-24,2,232.46,464.92
ORD_04233,CUST_0149,PROD_011,2023-11-24,3,349.32,1047.96
ORD_04941,CUST_0862,PROD_041,2023-11-24,2,210.72,421.44
ORD_04852,CUST_0021,PROD_049,2023-11-24,5,347.25,1736.25
ORD_02405,CUST_0108,PROD_017,2023-11-24,3,228.75,686.25
ORD_01377,CUST_0479,PROD_036,2023-11-24,2,22.47,44.94
ORD_03106,CUST_0717,PROD_035,2023-11-24,4,85.69,342.76
ORD_03786,CUST_0755,PROD_038,2023-11-24,1,322.08,322.08
ORD_02811,CUST_0177,PROD_041,2023-11-24,2,210.72,421.44
ORD_02936,CUST_0988,PROD_048,2023-11-24,4,232.46,929.84
ORD_01326,CUST_0347,PROD_038,2023-11-24,1,322.08,322.08
ORD_02750,CUST_0306,PROD_048,2023-11-24,3,232.46,697.38
ORD_03589,CUST_0040,PROD_026,2023-11-24,5,304.53,1522.6499999999999
ORD_01479,CUST_0322,PROD_009,2023-11-24,2,329.62,659.24
ORD_03425,CUST_0371,PROD_006,2023-11-24,2,283.73,567.46
ORD_02007,CUST_0478,PROD_004,2023-11-24,1,31.43,31.43
ORD_01344,CUST_0873,PROD_005,2023-11-24,3,70.27,210.81
ORD_01853,CUST_0984,PROD_040,2023-11-24,2,45.14,90.28
ORD_01973,CUST_0630,PROD_041,2023-11-25,5,210.72,1053.6
ORD_01526,CUST_0552,PROD_026,2023-11-25,4,304.53,1218.12
ORD_03455,CUST_0386,PROD_037,2023-11-25,1,326.45,326.45
ORD_04533,CUST_0378,PROD_001,2023-11-25,3,154.57,463.71
ORD_03699,CUST_0705,PROD_032,2023-11-25,4,79.87,319.48
ORD_03295,CUST_0939,PROD_049,2023-11-25,2,347.25,694.5
ORD_02463,CUST_0399,PROD_034,2023-11-25,2,179.48,358.96
ORD_02916,CUST_0394,PROD_041,2023-11-25,3,210.72,632.16
ORD_03523,CUST_0958,PROD_046,2023-11-25,3,116.77,350.31
ORD_00982,CUST_0049,PROD_022,2023-11-25,4,221.18,884.72
ORD_02557,CUST_0947,PROD_020,2023-11-25,5,430.21,2151.0499999999997
ORD_04341,CUST_0116,PROD_012,2023-11-25,1,220.67,220.67
ORD_04210,CUST_0548,PROD_041,2023-11-25,1,210.72,210.72
ORD_03983,CUST_0282,PROD_035,2023-11-25,1,85.69,85.69
ORD_04992,CUST_0525,PROD_011,2023-11-25,3,349.32,1047.96
ORD_04364,CUST_0023,PROD_030,2023-11-25,5,91.76,458.8
ORD_02424,CUST_0574,PROD_042,2023-11-25,1,162.5,162.5
ORD_04958,CUST_0101,PROD_007,2023-11-25,2,178.15,356.3
ORD_01156,CUST_0214,PROD_020,2023-11-25,5,430.21,2151.0499999999997
ORD_01689,CUST_0432,PROD_046,2023-11-25,1,116.77,116.77
ORD_00781,CUST_0485,PROD_014,2023-11-25,4,144.94,579.76
ORD_03784,CUST_0527,PROD_016,2023-11-25,2,396.6,793.2
ORD_00507,CUST_0656,PROD_008,2023-11-25,3,367.3,1101.9
ORD_03721,CUST_0656,PROD_009,2023-11-26,2,329.62,659.24
ORD_01262,CUST_0100,PROD_045,2023-11-26,2,188.65,377.3
ORD_03839,CUST_0863,PROD_049,2023-11-26,3,347.25,1041.75
ORD_02251,CUST_0804,PROD_016,2023-11-26,5,396.6,1983.0
ORD_01225,CUST_0326,PROD_012,2023-11-26,3,220.67,662.01
ORD_01173,CUST_0674,PROD_019,2023-11-26,4,412.99,1651.96
ORD_01211,CUST_0130,PROD_009,2023-11-26,2,329.62,659.24
ORD_00396,CUST_0346,PROD_046,2023-11-26,4,116.77,467.08
ORD_00395,CUST_0420,PROD_018,2023-11-26,3,401.21,1203.6299999999999
ORD_03551,CUST_0964,PROD_028,2023-11-26,5,347.32,1736.6
ORD_02700,CUST_0377,PROD_007,2023-11-26,3,178.15,534.45
ORD_04649,CUST_0615,PROD_016,2023-11-26,3,396.6,1189.8000000000002
ORD_04810,CUST_0179,PROD_015,2023-11-26,1,160.09,160.09
ORD_01946,CUST_0986,PROD_035,2023-11-26,5,85.69,428.45
ORD_01949,CUST_0580,PROD_007,2023-11-26,1,178.15,178.15
ORD_01964,CUST_0785,PROD_039,2023-11-26,1,176.9,176.9
ORD_02950,CUST_0452,PROD_014,2023-11-27,2,144.94,289.88
ORD_04937,CUST_0455,PROD_008,2023-11-27,3,367.3,1101.9
ORD_03085,CUST_0373,PROD_044,2023-11-27,2,306.83,613.66
ORD_04473,CUST_0095,PROD_008,2023-11-27,2,367.3,734.6
ORD_03046,CUST_0392,PROD_048,2023-11-27,5,232.46,1162.3
ORD_00058,CUST_0158,PROD_018,2023-11-27,4,401.21,1604.84
ORD_00016,CUST_0605,PROD_026,2023-11-27,2,304.53,609.06
ORD_01065,CUST_0403,PROD_023,2023-11-27,4,166.24,664.96
ORD_02097,CUST_0250,PROD_043,2023-11-27,1,341.79,341.79
ORD_02098,CUST_0451,PROD_037,2023-11-27,5,326.45,1632.25
ORD_02734,CUST_0157,PROD_048,2023-11-27,4,232.46,929.84
ORD_03924,CUST_0226,PROD_008,2023-11-27,1,367.3,367.3
ORD_03023,CUST_0766,PROD_050,2023-11-27,2,78.87,157.74
ORD_04201,CUST_0911,PROD_003,2023-11-27,4,292.83,1171.32
ORD_02123,CUST_0149,PROD_038,2023-11-27,1,322.08,322.08
ORD_02220,CUST_0562,PROD_003,2023-11-27,4,292.83,1171.32
ORD_04997,CUST_0501,PROD_015,2023-11-27,4,160.09,640.36
ORD_00807,CUST_0672,PROD_023,2023-11-27,1,166.24,166.24
ORD_03762,CUST_0735,PROD_005,2023-11-27,2,70.27,140.54
ORD_00055,CUST_0439,PROD_014,2023-11-27,5,144.94,724.7
ORD_02343,CUST_0918,PROD_041,2023-11-27,1,210.72,210.72
ORD_02052,CUST_0322,PROD_024,2023-11-27,3,295.28,885.8399999999999
ORD_01490,CUST_0470,PROD_021,2023-11-27,3,459.15,1377.4499999999998
ORD_00295,CUST_0725,PROD_026,2023-11-27,2,304.53,609.06
ORD_04764,CUST_0290,PROD_024,2023-11-27,4,295.28,1181.12
ORD_02026,CUST_0848,PROD_013,2023-11-27,2,339.75,679.5
ORD_02172,CUST_0685,PROD_001,2023-11-27,2,154.57,309.14
ORD_00964,CUST_0470,PROD_026,2023-11-27,2,304.53,609.06
ORD_02534,CUST_0340,PROD_039,2023-11-27,5,176.9,884.5
ORD_01538,CUST_0851,PROD_031,2023-11-27,3,220.96,662.88
ORD_03562,CUST_0396,PROD_039,2023-11-27,3,176.9,530.7
ORD_02226,CUST_0845,PROD_032,2023-11-28,1,79.87,79.87
ORD_02504,CUST_0077,PROD_014,2023-11-28,2,144.94,289.88
ORD_01999,CUST_0670,PROD_027,2023-11-28,5,355.74,1778.7
ORD_00316,CUST_0087,PROD_012,2023-11-28,2,220.67,441.34
ORD_01009,CUST_0090,PROD_046,2023-11-28,4,116.77,467.08
ORD_00356,CUST_0424,PROD_037,2023-11-28,1,326.45,326.45
ORD_03192,CUST_0796,PROD_039,2023-11-28,1,176.9,176.9
ORD_01181,CUST_0495,PROD_043,2023-11-28,2,341.79,683.58
ORD_03827,CUST_0648,PROD_014,2023-11-28,2,144.94,289.88
ORD_03826,CUST_0876,PROD_047,2023-11-28,4,494.14,1976.56
ORD_03817,CUST_0958,PROD_030,2023-11-28,3,91.76,275.28000000000003
ORD_01136,CUST_0632,PROD_042,2023-11-28,4,162.5,650.0
ORD_01151,CUST_0887,PROD_049,2023-11-28,5,347.25,1736.25
ORD_01822,CUST_0394,PROD_015,2023-11-28,1,160.09,160.09
ORD_04519,CUST_0820,PROD_022,2023-11-28,3,221.18,663.54
ORD_00470,CUST_0719,PROD_034,2023-11-28,4,179.48,717.92
ORD_03389,CUST_0058,PROD_038,2023-11-28,1,322.08,322.08
ORD_01374,CUST_0377,PROD_004,2023-11-28,4,31.43,125.72
ORD_01324,CUST_0107,PROD_026,2023-11-28,5,304.53,1522.6499999999999
ORD_00904,CUST_0165,PROD_004,2023-11-28,3,31.43,94.28999999999999
ORD_00690,CUST_0414,PROD_017,2023-11-28,5,228.75,1143.75
ORD_00851,CUST_0398,PROD_005,2023-11-28,4,70.27,281.08
ORD_02573,CUST_0127,PROD_035,2023-12-01,5,85.69,428.45
ORD_03310,CUST_0071,PROD_040,2023-12-01,2,45.14,90.28
ORD_02311,CUST_0786,PROD_024,2023-12-01,5,295.28,1476.3999999999999
ORD_01026,CUST_0777,PROD_034,2023-12-01,5,179.48,897.4
ORD_02721,CUST_0526,PROD_029,2023-12-01,1,193.53,193.53
ORD_04112,CUST_0717,PROD_026,2023-12-01,5,304.53,1522.6499999999999
ORD_03963,CUST_0109,PROD_021,2023-12-01,5,459.15,2295.75
ORD_01711,CUST_0057,PROD_018,2023-12-01,3,401.21,1203.6299999999999
ORD_03050,CUST_0669,PROD_014,2023-12-01,1,144.94,144.94
ORD_03556,CUST_0367,PROD_040,2023-12-01,3,45.14,135.42000000000002
ORD_01247,CUST_0176,PROD_005,2023-12-01,4,70.27,281.08
ORD_04536,CUST_0717,PROD_014,2023-12-01,2,144.94,289.88
ORD_02451,CUST_0012,PROD_011,2023-12-01,3,349.32,1047.96
ORD_01834,CUST_0561,PROD_047,2023-12-01,2,494.14,988.28
ORD_02324,CUST_0668,PROD_026,2023-12-02,4,304.53,1218.12
ORD_04673,CUST_0668,PROD_001,2023-12-02,5,154.57,772.8499999999999
ORD_02377,CUST_0999,PROD_027,2023-12-02,3,355.74,1067.22
ORD_03306,CUST_0425,PROD_028,2023-12-02,2,347.32,694.64
ORD_03258,CUST_0118,PROD_005,2023-12-02,4,70.27,281.08
ORD_04375,CUST_0342,PROD_047,2023-12-02,4,494.14,1976.56
ORD_00283,CUST_0344,PROD_045,2023-12-02,1,188.65,188.65
ORD_02887,CUST_0714,PROD_002,2023-12-02,5,248.14,1240.6999999999998
ORD_02357,CUST_0263,PROD_017,2023-12-02,1,228.75,228.75
ORD_03387,CUST_0089,PROD_026,2023-12-02,4,304.53,1218.12
ORD_01453,CUST_0318,PROD_032,2023-12-02,2,79.87,159.74
ORD_02583,CUST_0070,PROD_024,2023-12-02,5,295.28,1476.3999999999999
ORD_00632,CUST_0595,PROD_033,2023-12-02,1,446.15,446.15
ORD_01983,CUST_0704,PROD_022,2023-12-02,2,221.18,442.36
ORD_03822,CUST_0530,PROD_007,2023-12-02,5,178.15,890.75
ORD_03167,CUST_0373,PROD_030,2023-12-02,3,91.76,275.28000000000003
ORD_01760,CUST_0548,PROD_035,2023-12-02,4,85.69,342.76
ORD_00497,CUST_0554,PROD_049,2023-12-02,2,347.25,694.5
ORD_04983,CUST_0781,PROD_040,2023-12-02,2,45.14,90.28
ORD_00439,CUST_0401,PROD_002,2023-12-02,5,248.14,1240.6999999999998
ORD_00490,CUST_0378,PROD_031,2023-12-02,5,220.96,1104.8
ORD_02055,CUST_0768,PROD_022,2023-12-02,3,221.18,663.54
ORD_02168,CUST_0425,PROD_036,2023-12-02,1,22.47,22.47
ORD_03646,CUST_0237,PROD_043,2023-12-02,5,341.79,1708.95
ORD_02212,CUST_0745,PROD_032,2023-12-02,4,79.87,319.48
ORD_03005,CUST_0380,PROD_039,2023-12-02,5,176.9,884.5
ORD_04316,CUST_0411,PROD_029,2023-12-02,5,193.53,967.65
ORD_03768,CUST_0490,PROD_037,2023-12-02,1,326.45,326.45
ORD_01297,CUST_0819,PROD_021,2023-12-02,2,459.15,918.3
ORD_01788,CUST_0285,PROD_001,2023-12-02,1,154.57,154.57
ORD_01916,CUST_0141,PROD_019,2023-12-02,5,412.99,2064.95
ORD_00482,CUST_0415,PROD_037,2023-12-02,4,326.45,1305.8
ORD_02525,CUST_0668,PROD_011,2023-12-02,3,349.32,1047.96
ORD_00069,CUST_0141,PROD_016,2023-12-02,5,396.6,1983.0
ORD_02765,CUST_0545,PROD_015,2023-12-02,1,160.09,160.09
ORD_01869,CUST_0993,PROD_043,2023-12-02,3,341.79,1025.3700000000001
ORD_01061,CUST_0202,PROD_040,2023-12-03,4,45.14,180.56
ORD_03698,CUST_0400,PROD_002,2023-12-03,1,248.14,248.14
ORD_04049,CUST_0463,PROD_009,2023-12-03,4,329.62,1318.48
ORD_02289,CUST_0294,PROD_037,2023-12-03,3,326.45,979.3499999999999
ORD_02345,CUST_0614,PROD_036,2023-12-03,2,22.47,44.94
ORD_04178,CUST_0071,PROD_026,2023-12-03,5,304.53,1522.6499999999999
ORD_00747,CUST_0970,PROD_004,2023-12-03,5,31.43,157.15
ORD_04939,CUST_0831,PROD_047,2023-12-03,5,494.14,2470.7
ORD_03091,CUST_0460,PROD_002,2023-12-03,4,248.14,992.56
ORD_01447,CUST_0925,PROD_043,2023-12-03,4,341.79,1367.16
ORD_00057,CUST_0839,PROD_016,2023-12-03,5,396.6,1983.0
ORD_00098,CUST_0061,PROD_047,2023-12-03,5,494.14,2470.7
ORD_00521,CUST_0602,PROD_046,2023-12-03,1,116.77,116.77
ORD_01623,CUST_0153,PROD_041,2023-12-03,2,210.72,421.44
ORD_03794,CUST_0170,PROD_014,2023-12-03,4,144.94,579.76
ORD_03522,CUST_0118,PROD_026,2023-12-03,2,304.53,609.06
ORD_04774,CUST_0131,PROD_029,2023-12-03,1,193.53,193.53
ORD_03269,CUST_0642,PROD_042,2023-12-03,1,162.5,162.5
ORD_04655,CUST_0465,PROD_028,2023-12-04,4,347.32,1389.28
ORD_02742,CUST_0061,PROD_017,2023-12-04,3,228.75,686.25
ORD_00221,CUST_0443,PROD_042,2023-12-04,2,162.5,325.0
ORD_04088,CUST_0656,PROD_010,2023-12-04,4,424.35,1697.4
ORD_04444,CUST_0408,PROD_035,2023-12-04,4,85.69,342.76
ORD_04675,CUST_0963,PROD_036,2023-12-04,2,22.47,44.94
ORD_02484,CUST_0236,PROD_035,2023-12-04,5,85.69,428.45
ORD_04172,CUST_0108,PROD_032,2023-12-04,1,79.87,79.87
ORD_04122,CUST_0486,PROD_020,2023-12-04,5,430.21,2151.0499999999997
ORD_02371,CUST_0574,PROD_032,2023-12-04,5,79.87,399.35
ORD_04805,CUST_0546,PROD_048,2023-12-04,5,232.46,1162.3
ORD_02940,CUST_0507,PROD_020,2023-12-04,3,430.21,1290.6299999999999
ORD_02609,CUST_0402,PROD_045,2023-12-04,4,188.65,754.6
ORD_01622,CUST_0577,PROD_044,2023-12-04,5,306.83,1534.1499999999999
ORD_01734,CUST_0887,PROD_017,2023-12-04,4,228.75,915.0
ORD_03233,CUST_0263,PROD_040,2023-12-04,4,45.14,180.56
ORD_03989,CUST_0064,PROD_028,2023-12-04,4,347.32,1389.28
ORD_00138,CUST_0546,PROD_029,2023-12-04,2,193.53,387.06
ORD_01783,CUST_0197,PROD_042,2023-12-05,2,162.5,325.0
ORD_04844,CUST_0868,PROD_012,2023-12-05,4,220.67,882.68
ORD_03138,CUST_0428,PROD_018,2023-12-05,5,401.21,2006.05
ORD_01765,CUST_0890,PROD_009,2023-12-05,4,329.62,1318.48
ORD_03909,CUST_0236,PROD_042,2023-12-05,4,162.5,650.0
ORD_00541,CUST_0984,PROD_038,2023-12-05,4,322.08,1288.32
ORD_01984,CUST_0374,PROD_029,2023-12-05,3,193.53,580.59
ORD_00566,CUST_0538,PROD_039,2023-12-05,3,176.9,530.7
ORD_02185,CUST_0356,PROD_001,2023-12-05,5,154.57,772.8499999999999
ORD_00846,CUST_0435,PROD_037,2023-12-05,3,326.45,979.3499999999999
ORD_02222,CUST_0174,PROD_004,2023-12-05,4,31.43,125.72
ORD_01517,CUST_0730,PROD_018,2023-12-05,2,401.21,802.42
ORD_01014,CUST_0387,PROD_024,2023-12-05,3,295.28,885.8399999999999
ORD_04518,CUST_0157,PROD_015,2023-12-05,3,160.09,480.27
ORD_03038,CUST_0538,PROD_016,2023-12-05,1,396.6,396.6
ORD_03660,CUST_0423,PROD_008,2023-12-05,1,367.3,367.3
ORD_00670,CUST_0225,PROD_041,2023-12-05,3,210.72,632.16
ORD_03940,CUST_0044,PROD_018,2023-12-05,3,401.21,1203.6299999999999
ORD_01637,CUST_0333,PROD_031,2023-12-05,1,220.96,220.96
ORD_00412,CUST_0325,PROD_028,2023-12-05,1,347.32,347.32
ORD_00986,CUST_0074,PROD_044,2023-12-05,1,306.83,306.83
ORD_04949,CUST_0803,PROD_042,2023-12-05,5,162.5,812.5
ORD_04561,CUST_0145,PROD_041,2023-12-05,1,210.72,210.72
ORD_01548,CUST_0735,PROD_048,2023-12-05,1,232.46,232.46
ORD_00531,CUST_0077,PROD_002,2023-12-06,4,248.14,992.56
ORD_03496,CUST_0792,PROD_050,2023-12-06,2,78.87,157.74
ORD_01390,CUST_0068,PROD_003,2023-12-06,4,292.83,1171.32
ORD_02283,CUST_0741,PROD_033,2023-12-06,1,446.15,446.15
ORD_03576,CUST_0459,PROD_002,2023-12-06,3,248.14,744.42
ORD_03483,CUST_0478,PROD_037,2023-12-06,4,326.45,1305.8
ORD_01270,CUST_0241,PROD_043,2023-12-06,1,341.79,341.79
ORD_04059,CUST_0814,PROD_019,2023-12-06,5,412.99,2064.95
ORD_01789,CUST_0307,PROD_003,2023-12-06,5,292.83,1464.1499999999999
ORD_00040,CUST_0660,PROD_047,2023-12-06,5,494.14,2470.7
ORD_03370,CUST_0467,PROD_020,2023-12-06,1,430.21,430.21
ORD_04828,CUST_0137,PROD_035,2023-12-06,5,85.69,428.45
ORD_01077,CUST_0774,PROD_016,2023-12-06,3,396.6,1189.8000000000002
ORD_01707,CUST_0744,PROD_039,2023-12-06,1,176.9,176.9
ORD_04847,CUST_0591,PROD_018,2023-12-06,5,401.21,2006.05
ORD_04171,CUST_0003,PROD_049,2023-12-06,1,347.25,347.25
ORD_01555,CUST_0981,PROD_017,2023-12-06,3,228.75,686.25
ORD_01470,CUST_0456,PROD_001,2023-12-06,5,154.57,772.8499999999999
ORD_01771,CUST_0118,PROD_029,2023-12-07,2,193.53,387.06
ORD_01970,CUST_0495,PROD_010,2023-12-07,3,424.35,1273.0500000000002
ORD_04104,CUST_0819,PROD_006,2023-12-07,5,283.73,1418.65
ORD_04011,CUST_0382,PROD_011,2023-12-07,5,349.32,1746.6
ORD_04476,CUST_0387,PROD_008,2023-12-07,5,367.3,1836.5
ORD_00731,CUST_0087,PROD_013,2023-12-07,3,339.75,1019.25
ORD_00509,CUST_0958,PROD_007,2023-12-07,1,178.15,178.15
ORD_00999,CUST_0073,PROD_043,2023-12-07,3,341.79,1025.3700000000001
ORD_02218,CUST_0086,PROD_012,2023-12-07,2,220.67,441.34
ORD_03360,CUST_0877,PROD_036,2023-12-07,3,22.47,67.41
ORD_03653,CUST_0118,PROD_037,2023-12-07,4,326.45,1305.8
ORD_01570,CUST_0234,PROD_049,2023-12-07,4,347.25,1389.0
ORD_00611,CUST_0658,PROD_044,2023-12-07,5,306.83,1534.1499999999999
ORD_04312,CUST_0735,PROD_015,2023-12-07,2,160.09,320.18
ORD_01233,CUST_0688,PROD_007,2023-12-07,4,178.15,712.6
ORD_00152,CUST_0403,PROD_044,2023-12-07,5,306.83,1534.1499999999999
ORD_00960,CUST_0380,PROD_048,2023-12-07,3,232.46,697.38
ORD_04242,CUST_0802,PROD_033,2023-12-07,1,446.15,446.15
ORD_03587,CUST_0345,PROD_025,2023-12-07,3,191.87,575.61
ORD_01430,CUST_0964,PROD_005,2023-12-07,5,70.27,351.34999999999997
ORD_03402,CUST_0786,PROD_031,2023-12-07,4,220.96,883.84
ORD_04418,CUST_0087,PROD_023,2023-12-07,5,166.24,831.2
ORD_01934,CUST_0524,PROD_035,2023-12-07,2,85.69,171.38
ORD_03853,CUST_0795,PROD_018,2023-12-07,2,401.21,802.42
ORD_01988,CUST_0875,PROD_045,2023-12-07,4,188.65,754.6
ORD_04859,CUST_0343,PROD_046,2023-12-07,3,116.77,350.31
ORD_03492,CUST_0626,PROD_036,2023-12-07,5,22.47,112.35
ORD_01399,CUST_0157,PROD_027,2023-12-07,1,355.74,355.74
ORD_03460,CUST_0076,PROD_028,2023-12-07,4,347.32,1389.28
ORD_04048,CUST_0250,PROD_008,2023-12-08,5,367.3,1836.5
ORD_00071,CUST_0280,PROD_029,2023-12-08,3,193.53,580.59
ORD_00899,CUST_0280,PROD_050,2023-12-08,1,78.87,78.87
ORD_04404,CUST_0505,PROD_023,2023-12-08,4,166.24,664.96
ORD_04443,CUST_0481,PROD_018,2023-12-08,3,401.21,1203.6299999999999
ORD_02330,CUST_0552,PROD_012,2023-12-08,1,220.67,220.67
ORD_00495,CUST_0504,PROD_044,2023-12-08,3,306.83,920.49
ORD_03659,CUST_0371,PROD_032,2023-12-08,5,79.87,399.35
ORD_01920,CUST_0322,PROD_002,2023-12-08,3,248.14,744.42
ORD_00255,CUST_0843,PROD_005,2023-12-08,3,70.27,210.81
ORD_03606,CUST_0074,PROD_050,2023-12-08,1,78.87,78.87
ORD_00369,CUST_0390,PROD_044,2023-12-08,5,306.83,1534.1499999999999
ORD_00883,CUST_0387,PROD_007,2023-12-08,2,178.15,356.3
ORD_00101,CUST_0984,PROD_045,2023-12-08,2,188.65,377.3
ORD_04831,CUST_0023,PROD_010,2023-12-08,1,424.35,424.35
ORD_04204,CUST_0432,PROD_028,2023-12-08,4,347.32,1389.28
ORD_00762,CUST_0517,PROD_021,2023-12-08,4,459.15,1836.6
ORD_01489,CUST_0011,PROD_038,2023-12-08,3,322.08,966.24
ORD_03519,CUST_0323,PROD_042,2023-12-08,3,162.5,487.5
ORD_01218,CUST_0502,PROD_047,2023-12-08,3,494.14,1482.42
ORD_02541,CUST_0781,PROD_023,2023-12-08,4,166.24,664.96
ORD_03053,CUST_0802,PROD_025,2023-12-08,5,191.87,959.35
ORD_00008,CUST_0018,PROD_016,2023-12-09,3,396.6,1189.8000000000002
ORD_04541,CUST_0580,PROD_050,2023-12-09,1,78.87,78.87
ORD_03670,CUST_0754,PROD_022,2023-12-09,1,221.18,221.18
ORD_01421,CUST_0629,PROD_017,2023-12-09,1,228.75,228.75
ORD_02507,CUST_0287,PROD_031,2023-12-09,4,220.96,883.84
ORD_04139,CUST_0954,PROD_045,2023-12-09,4,188.65,754.6
ORD_02892,CUST_0768,PROD_044,2023-12-09,2,306.83,613.66
ORD_04553,CUST_0574,PROD_008,2023-12-09,5,367.3,1836.5
ORD_03105,CUST_0853,PROD_015,2023-12-09,1,160.09,160.09
ORD_01537,CUST_0795,PROD_037,2023-12-09,2,326.45,652.9
ORD_02309,CUST_0095,PROD_011,2023-12-09,3,349.32,1047.96
ORD_03630,CUST_0387,PROD_010,2023-12-09,3,424.35,1273.0500000000002
ORD_02841,CUST_0337,PROD_029,2023-12-09,1,193.53,193.53
ORD_04860,CUST_0097,PROD_033,2023-12-09,1,446.15,446.15
ORD_03581,CUST_0231,PROD_039,2023-12-09,1,176.9,176.9
ORD_00743,CUST_0246,PROD_006,2023-12-09,5,283.73,1418.65
ORD_02010,CUST_0310,PROD_013,2023-12-09,2,339.75,679.5
ORD_04727,CUST_0525,PROD_012,2023-12-09,4,220.67,882.68
ORD_04813,CUST_0351,PROD_045,2023-12-09,1,188.65,188.65
ORD_00750,CUST_0078,PROD_034,2023-12-09,3,179.48,538.4399999999999
ORD_00924,CUST_0053,PROD_048,2023-12-09,2,232.46,464.92
ORD_02566,CUST_0131,PROD_046,2023-12-09,2,116.77,233.54
ORD_03934,CUST_0263,PROD_014,2023-12-09,1,144.94,144.94
ORD_01047,CUST_0400,PROD_035,2023-12-09,2,85.69,171.38
ORD_01055,CUST_0118,PROD_021,2023-12-09,4,459.15,1836.6
ORD_03890,CUST_0419,PROD_013,2023-12-09,5,339.75,1698.75
ORD_04298,CUST_0846,PROD_022,2023-12-09,3,221.18,663.54
ORD_02129,CUST_0097,PROD_016,2023-12-10,3,396.6,1189.8000000000002
ORD_04538,CUST_0283,PROD_036,2023-12-10,1,22.47,22.47
ORD_01246,CUST_0536,PROD_012,2023-12-10,4,220.67,882.68
ORD_04830,CUST_0664,PROD_027,2023-12-10,3,355.74,1067.22
ORD_02009,CUST_0179,PROD_020,2023-12-10,3,430.21,1290.6299999999999
ORD_00277,CUST_0064,PROD_028,2023-12-10,4,347.32,1389.28
ORD_01819,CUST_0650,PROD_036,2023-12-10,5,22.47,112.35
ORD_00380,CUST_0064,PROD_045,2023-12-10,2,188.65,377.3
ORD_02933,CUST_0401,PROD_021,2023-12-10,1,459.15,459.15
ORD_04938,CUST_0630,PROD_032,2023-12-10,4,79.87,319.48
ORD_04578,CUST_0841,PROD_003,2023-12-10,4,292.83,1171.32
ORD_00665,CUST_0415,PROD_039,2023-12-10,4,176.9,707.6
ORD_03948,CUST_0883,PROD_035,2023-12-10,3,85.69,257.07
ORD_00115,CUST_0984,PROD_014,2023-12-10,5,144.94,724.7
ORD_02006,CUST_0320,PROD_017,2023-12-10,3,228.75,686.25
ORD_00290,CUST_0664,PROD_001,2023-12-10,4,154.57,618.28
ORD_04780,CUST_0387,PROD_037,2023-12-10,1,326.45,326.45
ORD_04244,CUST_0738,PROD_003,2023-12-10,5,292.83,1464.1499999999999
ORD_01589,CUST_0387,PROD_049,2023-12-10,4,347.25,1389.0
ORD_02836,CUST_0786,PROD_015,2023-12-10,1,160.09,160.09
ORD_01078,CUST_0546,PROD_002,2023-12-10,4,248.14,992.56
ORD_01566,CUST_0199,PROD_012,2023-12-10,5,220.67,1103.35
ORD_00298,CUST_0980,PROD_010,2023-12-10,2,424.35,848.7
ORD_02479,CUST_0704,PROD_047,2023-12-10,1,494.14,494.14
ORD_00105,CUST_0079,PROD_015,2023-12-11,5,160.09,800.45
ORD_03288,CUST_0294,PROD_024,2023-12-11,4,295.28,1181.12
ORD_03819,CUST_0014,PROD_020,2023-12-11,4,430.21,1720.84
ORD_02120,CUST_0118,PROD_044,2023-12-11,2,306.83,613.66
ORD_04065,CUST_0653,PROD_042,2023-12-11,2,162.5,325.0
ORD_04431,CUST_0064,PROD_027,2023-12-11,3,355.74,1067.22
ORD_04283,CUST_0947,PROD_032,2023-12-11,5,79.87,399.35
ORD_02875,CUST_0876,PROD_036,2023-12-11,4,22.47,89.88
ORD_04853,CUST_0814,PROD_043,2023-12-11,1,341.79,341.79
ORD_04061,CUST_0877,PROD_006,2023-12-11,4,283.73,1134.92
ORD_02819,CUST_0557,PROD_023,2023-12-11,3,166.24,498.72
ORD_02922,CUST_0499,PROD_042,2023-12-11,1,162.5,162.5
ORD_01146,CUST_0665,PROD_041,2023-12-11,5,210.72,1053.6
ORD_00135,CUST_0076,PROD_031,2023-12-11,2,220.96,441.92
ORD_01646,CUST_0279,PROD_021,2023-12-11,5,459.15,2295.75
ORD_00602,CUST_0179,PROD_047,2023-12-11,2,494.14,988.28
ORD_00146,CUST_0474,PROD_050,2023-12-11,5,78.87,394.35
ORD_02457,CUST_0807,PROD_041,2023-12-11,3,210.72,632.16
ORD_01442,CUST_0343,PROD_015,2023-12-11,5,160.09,800.45
ORD_00406,CUST_0826,PROD_016,2023-12-11,5,396.6,1983.0
ORD_01553,CUST_0469,PROD_003,2023-12-11,4,292.83,1171.32
ORD_03037,CUST_0062,PROD_034,2023-12-11,2,179.48,358.96
ORD_02385,CUST_0119,PROD_048,2023-12-11,5,232.46,1162.3
ORD_00716,CUST_0955,PROD_018,2023-12-11,1,401.21,401.21
ORD_00046,CUST_0674,PROD_025,2023-12-11,2,191.87,383.74
ORD_03004,CUST_0411,PROD_038,2023-12-11,5,322.08,1610.3999999999999
ORD_02166,CUST_0991,PROD_020,2023-12-11,5,430.21,2151.0499999999997
ORD_03034,CUST_0526,PROD_030,2023-12-11,1,91.76,91.76
ORD_01880,CUST_0170,PROD_015,2023-12-11,4,160.09,640.36
ORD_01174,CUST_0981,PROD_014,2023-12-11,4,144.94,579.76
ORD_00480,CUST_0516,PROD_044,2023-12-11,5,306.83,1534.1499999999999
ORD_04526,CUST_0565,PROD_023,2023-12-11,1,166.24,166.24
ORD_00774,CUST_0615,PROD_012,2023-12-11,1,220.67,220.67
ORD_00652,CUST_0246,PROD_010,2023-12-12,4,424.35,1697.4
ORD_01227,CUST_0737,PROD_003,2023-12-12,5,292.83,1464.1499999999999
ORD_03664,CUST_0168,PROD_006,2023-12-12,2,283.73,567.46
ORD_02973,CUST_0449,PROD_006,2023-12-12,3,283.73,851.19
ORD_00468,CUST_0225,PROD_040,2023-12-12,2,45.14,90.28
ORD_00256,CUST_0144,PROD_009,2023-12-12,3,329.62,988.86
ORD_04953,CUST_0506,PROD_015,2023-12-12,1,160.09,160.09
ORD_00631,CUST_0455,PROD_044,2023-12-12,2,306.83,613.66
ORD_00420,CUST_0797,PROD_011,2023-12-12,4,349.32,1397.28
ORD_04115,CUST_0565,PROD_022,2023-12-12,4,221.18,884.72
ORD_04076,CUST_0978,PROD_025,2023-12-12,3,191.87,575.61
ORD_01315,CUST_0923,PROD_025,2023-12-12,3,191.87,575.61
ORD_03640,CUST_0516,PROD_007,2023-12-12,3,178.15,534.45
ORD_04658,CUST_0552,PROD_049,2023-12-12,3,347.25,1041.75
ORD_01291,CUST_0648,PROD_040,2023-12-12,2,45.14,90.28
ORD_04202,CUST_0388,PROD_034,2023-12-12,3,179.48,538.4399999999999
ORD_04304,CUST_0965,PROD_020,2023-12-12,5,430.21,2151.0499999999997
ORD_01981,CUST_0876,PROD_027,2023-12-12,5,355.74,1778.7
ORD_00404,CUST_0557,PROD_003,2023-12-12,4,292.83,1171.32
ORD_00319,CUST_0132,PROD_029,2023-12-12,3,193.53,580.59
ORD_02548,CUST_0800,PROD_002,2023-12-12,4,248.14,992.56
ORD_04967,CUST_0556,PROD_014,2023-12-12,5,144.94,724.7
ORD_04351,CUST_0384,PROD_014,2023-12-12,5,144.94,724.7
ORD_04713,CUST_0285,PROD_004,2023-12-12,2,31.43,62.86
ORD_04260,CUST_0545,PROD_021,2023-12-13,2,459.15,918.3
ORD_00680,CUST_0340,PROD_019,2023-12-13,5,412.99,2064.95
ORD_03275,CUST_0375,PROD_027,2023-12-13,2,355.74,711.48
ORD_04032,CUST_0628,PROD_036,2023-12-13,1,22.47,22.47
ORD_00161,CUST_0845,PROD_012,2023-12-13,4,220.67,882.68
ORD_02626,CUST_0881,PROD_025,2023-12-13,4,191.87,767.48
ORD_03900,CUST_0515,PROD_049,2023-12-13,3,347.25,1041.75
ORD_01947,CUST_0863,PROD_049,2023-12-13,5,347.25,1736.25
ORD_01962,CUST_0776,PROD_047,2023-12-13,4,494.14,1976.56
ORD_04651,CUST_0960,PROD_010,2023-12-13,4,424.35,1697.4
ORD_01239,CUST_0052,PROD_049,2023-12-13,4,347.25,1389.0
ORD_03057,CUST_0944,PROD_026,2023-12-13,2,304.53,609.06
ORD_01064,CUST_0470,PROD_025,2023-12-13,3,191.87,575.61
ORD_03772,CUST_0759,PROD_035,2023-12-13,3,85.69,257.07
ORD_04345,CUST_0256,PROD_042,2023-12-13,3,162.5,487.5
ORD_00818,CUST_0176,PROD_008,2023-12-13,4,367.3,1469.2
ORD_00381,CUST_0573,PROD_002,2023-12-13,5,248.14,1240.6999999999998
ORD_00638,CUST_0191,PROD_007,2023-12-13,1,178.15,178.15
ORD_03650,CUST_0510,PROD_024,2023-12-13,2,295.28,590.56
ORD_00926,CUST_0911,PROD_020,2023-12-13,1,430.21,430.21
ORD_01708,CUST_0284,PROD_021,2023-12-13,5,459.15,2295.75
ORD_01705,CUST_0441,PROD_002,2023-12-13,5,248.14,1240.6999999999998
ORD_02928,CUST_0288,PROD_028,2023-12-13,1,347.32,347.32
ORD_04725,CUST_0387,PROD_043,2023-12-13,1,341.79,341.79
ORD_01700,CUST_0872,PROD_028,2023-12-13,1,347.32,347.32
ORD_02757,CUST_0057,PROD_022,2023-12-13,4,221.18,884.72
ORD_01583,CUST_0066,PROD_045,2023-12-13,4,188.65,754.6
ORD_02763,CUST_0502,PROD_006,2023-12-13,4,283.73,1134.92
ORD_02015,CUST_0991,PROD_032,2023-12-13,2,79.87,159.74
ORD_01161,CUST_0229,PROD_011,2023-12-13,4,349.32,1397.28
ORD_00282,CUST_0226,PROD_031,2023-12-14,5,220.96,1104.8
ORD_03820,CUST_0429,PROD_016,2023-12-14,3,396.6,1189.8000000000002
ORD_01968,CUST_0228,PROD_021,2023-12-14,1,459.15,459.15
ORD_02501,CUST_0693,PROD_050,2023-12-14,5,78.87,394.35
ORD_02869,CUST_0827,PROD_044,2023-12-14,5,306.83,1534.1499999999999
ORD_03896,CUST_0300,PROD_048,2023-12-14,1,232.46,232.46
ORD_02970,CUST_0516,PROD_024,2023-12-14,3,295.28,885.8399999999999
ORD_04412,CUST_0717,PROD_040,2023-12-14,1,45.14,45.14
ORD_03871,CUST_0124,PROD_044,2023-12-14,2,306.83,613.66
ORD_03899,CUST_0981,PROD_041,2023-12-14,5,210.72,1053.6
ORD_02743,CUST_0173,PROD_009,2023-12-14,2,329.62,659.24
ORD_04564,CUST_0141,PROD_049,2023-12-14,4,347.25,1389.0
ORD_00676,CUST_0584,PROD_002,2023-12-14,1,248.14,248.14
ORD_04487,CUST_0250,PROD_037,2023-12-14,1,326.45,326.45
ORD_03109,CUST_0219,PROD_021,2023-12-14,2,459.15,918.3
ORD_00075,CUST_0355,PROD_040,2023-12-14,4,45.14,180.56
ORD_04900,CUST_0268,PROD_032,2023-12-14,5,79.87,399.35
ORD_04328,CUST_0074,PROD_032,2023-12-14,4,79.87,319.48
ORD_03191,CUST_0371,PROD_036,2023-12-14,3,22.47,67.41
ORD_03078,CUST_0699,PROD_016,2023-12-14,3,396.6,1189.8000000000002
ORD_04263,CUST_0506,PROD_006,2023-12-14,3,283.73,851.19
ORD_03586,CUST_0920,PROD_046,2023-12-14,3,116.77,350.31
ORD_01259,CUST_0370,PROD_019,2023-12-14,1,412.99,412.99
ORD_00308,CUST_0254,PROD_047,2023-12-14,1,494.14,494.14
ORD_02818,CUST_0382,PROD_021,2023-12-14,1,459.15,459.15
ORD_01199,CUST_0338,PROD_048,2023-12-14,1,232.46,232.46
ORD_01201,CUST_0474,PROD_013,2023-12-14,3,339.75,1019.25
ORD_03727,CUST_0656,PROD_046,2023-12-14,5,116.77,583.85
ORD_04101,CUST_0021,PROD_001,2023-12-14,2,154.57,309.14
ORD_02228,CUST_0049,PROD_010,2023-12-14,1,424.35,424.35
ORD_00435,CUST_0984,PROD_042,2023-12-14,5,162.5,812.5
ORD_02101,CUST_0876,PROD_008,2023-12-14,2,367.3,734.6
ORD_04379,CUST_0537,PROD_050,2023-12-14,1,78.87,78.87
ORD_03521,CUST_0414,PROD_026,2023-12-14,4,304.53,1218.12
ORD_00036,CUST_0699,PROD_003,2023-12-14,5,292.83,1464.1499999999999
ORD_00153,CUST_0444,PROD_048,2023-12-14,5,232.46,1162.3
ORD_01349,CUST_0470,PROD_005,2023-12-14,2,70.27,140.54
ORD_00825,CUST_0058,PROD_036,2023-12-14,4,22.47,89.88
ORD_00694,CUST_0648,PROD_014,2023-12-15,1,144.94,144.94
ORD_04181,CUST_0715,PROD_015,2023-12-15,2,160.09,320.18
ORD_00065,CUST_0976,PROD_015,2023-12-15,5,160.09,800.45
ORD_01606,CUST_0323,PROD_045,2023-12-15,3,188.65,565.95
ORD_03845,CUST_0050,PROD_034,2023-12-15,2,179.48,358.96
ORD_03205,CUST_0187,PROD_041,2023-12-15,1,210.72,210.72
ORD_02661,CUST_0157,PROD_022,2023-12-15,2,221.18,442.36
ORD_02391,CUST_0270,PROD_039,2023-12-15,3,176.9,530.7
ORD_04302,CUST_0432,PROD_021,2023-12-15,2,459.15,918.3
ORD_03227,CUST_0079,PROD_037,2023-12-15,1,326.45,326.45
ORD_02175,CUST_0414,PROD_020,2023-12-15,3,430.21,1290.6299999999999
ORD_03067,CUST_0516,PROD_035,2023-12-15,1,85.69,85.69
ORD_04753,CUST_0377,PROD_034,2023-12-15,1,179.48,179.48
ORD_00644,CUST_0018,PROD_024,2023-12-15,4,295.28,1181.12
ORD_04864,CUST_0727,PROD_043,2023-12-15,4,341.79,1367.16
ORD_00800,CUST_0565,PROD_038,2023-12-15,4,322.08,1288.32
ORD_04503,CUST_0004,PROD_007,2023-12-15,3,178.15,534.45
ORD_00502,CUST_0986,PROD_027,2023-12-15,4,355.74,1422.96
ORD_01389,CUST_0113,PROD_038,2023-12-15,5,322.08,1610.3999999999999
ORD_02837,CUST_0705,PROD_023,2023-12-15,2,166.24,332.48
ORD_03793,CUST_0944,PROD_019,2023-12-15,4,412.99,1651.96
ORD_02265,CUST_0558,PROD_007,2023-12-15,2,178.15,356.3
ORD_03499,CUST_0400,PROD_008,2023-12-15,5,367.3,1836.5
ORD_04136,CUST_0245,PROD_008,2023-12-15,4,367.3,1469.2
ORD_02004,CUST_0380,PROD_023,2023-12-15,1,166.24,166.24
ORD_00532,CUST_0387,PROD_044,2023-12-15,3,306.83,920.49
ORD_02590,CUST_0159,PROD_017,2023-12-16,2,228.75,457.5
ORD_00735,CUST_0092,PROD_042,2023-12-16,1,162.5,162.5
ORD_02224,CUST_0058,PROD_036,2023-12-16,1,22.47,22.47
ORD_01703,CUST_0287,PROD_039,2023-12-16,5,176.9,884.5
ORD_03225,CUST_0915,PROD_009,2023-12-16,3,329.62,988.86
ORD_01609,CUST_0653,PROD_020,2023-12-16,2,430.21,860.42
ORD_02641,CUST_0522,PROD_039,2023-12-16,3,176.9,530.7
ORD_00865,CUST_0391,PROD_038,2023-12-16,1,322.08,322.08
ORD_01321,CUST_0714,PROD_029,2023-12-16,5,193.53,967.65
ORD_04165,CUST_0561,PROD_050,2023-12-16,1,78.87,78.87
ORD_04848,CUST_0785,PROD_014,2023-12-16,4,144.94,579.76
ORD_01630,CUST_0571,PROD_040,2023-12-16,2,45.14,90.28
ORD_03283,CUST_0545,PROD_004,2023-12-16,4,31.43,125.72
ORD_01669,CUST_0071,PROD_016,2023-12-16,1,396.6,396.6
ORD_00340,CUST_0918,PROD_038,2023-12-16,4,322.08,1288.32
ORD_04835,CUST_0211,PROD_029,2023-12-16,2,193.53,387.06
ORD_04147,CUST_0516,PROD_036,2023-12-16,2,22.47,44.94
ORD_00610,CUST_0231,PROD_006,2023-12-16,2,283.73,567.46
ORD_04842,CUST_0602,PROD_010,2023-12-16,3,424.35,1273.0500000000002
ORD_03332,CUST_0870,PROD_029,2023-12-16,1,193.53,193.53
ORD_00060,CUST_0771,PROD_015,2023-12-16,2,160.09,320.18
ORD_02972,CUST_0237,PROD_030,2023-12-16,5,91.76,458.8
ORD_02083,CUST_0460,PROD_026,2023-12-16,2,304.53,609.06
ORD_04945,CUST_0284,PROD_006,2023-12-16,1,283.73,283.73
ORD_02124,CUST_0095,PROD_012,2023-12-16,2,220.67,441.34
ORD_01432,CUST_0046,PROD_003,2023-12-16,1,292.83,292.83
ORD_00878,CUST_0793,PROD_041,2023-12-16,1,210.72,210.72
ORD_04128,CUST_0387,PROD_034,2023-12-16,1,179.48,179.48
ORD_01232,CUST_0118,PROD_015,2023-12-16,1,160.09,160.09
ORD_00114,CUST_0130,PROD_041,2023-12-17,1,210.72,210.72
ORD_00145,CUST_0272,PROD_021,2023-12-17,1,459.15,459.15
ORD_04809,CUST_0878,PROD_041,2023-12-17,3,210.72,632.16
ORD_00333,CUST_0011,PROD_008,2023-12-17,4,367.3,1469.2
ORD_04079,CUST_0098,PROD_029,2023-12-17,1,193.53,193.53
ORD_02688,CUST_0882,PROD_033,2023-12-17,4,446.15,1784.6
ORD_01023,CUST_0070,PROD_044,2023-12-17,5,306.83,1534.1499999999999
ORD_04159,CUST_0371,PROD_038,2023-12-17,5,322.08,1610.3999999999999
ORD_00786,CUST_0287,PROD_017,2023-12-17,4,228.75,915.0
ORD_01559,CUST_0460,PROD_022,2023-12-17,3,221.18,663.54
ORD_02559,CUST_0782,PROD_045,2023-12-17,3,188.65,565.95
ORD_04646,CUST_0226,PROD_026,2023-12-17,3,304.53,913.5899999999999
ORD_00895,CUST_0461,PROD_031,2023-12-17,3,220.96,662.88
ORD_04026,CUST_0222,PROD_036,2023-12-17,3,22.47,67.41
ORD_04194,CUST_0656,PROD_015,2023-12-18,1,160.09,160.09
ORD_04623,CUST_0785,PROD_015,2023-12-18,2,160.09,320.18
ORD_00594,CUST_0263,PROD_017,2023-12-18,4,228.75,915.0
ORD_03910,CUST_0517,PROD_023,2023-12-18,1,166.24,166.24
ORD_01572,CUST_0843,PROD_007,2023-12-18,5,178.15,890.75
ORD_02988,CUST_0865,PROD_048,2023-12-18,5,232.46,1162.3
ORD_01017,CUST_0165,PROD_016,2023-12-18,1,396.6,396.6
ORD_03314,CUST_0085,PROD_038,2023-12-18,3,322.08,966.24
ORD_04832,CUST_0394,PROD_030,2023-12-18,4,91.76,367.04
ORD_00035,CUST_0794,PROD_045,2023-12-18,5,188.65,943.25
ORD_04590,CUST_0670,PROD_017,2023-12-18,3,228.75,686.25
ORD_02452,CUST_0409,PROD_010,2023-12-18,3,424.35,1273.0500000000002
ORD_01285,CUST_0495,PROD_023,2023-12-18,5,166.24,831.2
ORD_02442,CUST_0871,PROD_028,2023-12-18,4,347.32,1389.28
ORD_00067,CUST_0475,PROD_024,2023-12-18,4,295.28,1181.12
ORD_03207,CUST_0490,PROD_025,2023-12-18,4,191.87,767.48
ORD_02425,CUST_0890,PROD_028,2023-12-18,4,347.32,1389.28
ORD_02659,CUST_0961,PROD_023,2023-12-18,4,166.24,664.96
ORD_01375,CUST_0883,PROD_044,2023-12-18,2,306.83,613.66
ORD_03666,CUST_0620,PROD_039,2023-12-18,1,176.9,176.9
ORD_01243,CUST_0378,PROD_022,2023-12-18,1,221.18,221.18
ORD_01514,CUST_0250,PROD_043,2023-12-18,4,341.79,1367.16
ORD_01532,CUST_0370,PROD_045,2023-12-18,4,188.65,754.6
ORD_04182,CUST_0901,PROD_020,2023-12-19,4,430.21,1720.84
ORD_01925,CUST_0334,PROD_003,2023-12-19,3,292.83,878.49
ORD_02945,CUST_0527,PROD_008,2023-12-19,4,367.3,1469.2
ORD_02935,CUST_0272,PROD_028,2023-12-19,4,347.32,1389.28
ORD_03009,CUST_0993,PROD_032,2023-12-19,4,79.87,319.48
ORD_03290,CUST_0731,PROD_041,2023-12-19,5,210.72,1053.6
ORD_00338,CUST_0890,PROD_029,2023-12-19,4,193.53,774.12
ORD_03781,CUST_0495,PROD_004,2023-12-19,4,31.43,125.72
ORD_03060,CUST_0826,PROD_038,2023-12-19,5,322.08,1610.3999999999999
ORD_00103,CUST_0862,PROD_009,2023-12-19,4,329.62,1318.48
ORD_04870,CUST_0985,PROD_003,2023-12-19,4,292.83,1171.32
ORD_01312,CUST_0403,PROD_037,2023-12-19,2,326.45,652.9
ORD_03029,CUST_0263,PROD_030,2023-12-19,3,91.76,275.28000000000003
ORD_00870,CUST_0721,PROD_004,2023-12-19,4,31.43,125.72
ORD_01730,CUST_0116,PROD_013,2023-12-19,1,339.75,339.75
ORD_02121,CUST_0674,PROD_003,2023-12-19,1,292.83,292.83
ORD_04116,CUST_0535,PROD_013,2023-12-19,4,339.75,1359.0
ORD_00838,CUST_0983,PROD_033,2023-12-19,5,446.15,2230.75
ORD_00752,CUST_0378,PROD_031,2023-12-19,5,220.96,1104.8
ORD_04662,CUST_0669,PROD_029,2023-12-19,5,193.53,967.65
ORD_01405,CUST_0918,PROD_002,2023-12-19,2,248.14,496.28
ORD_03441,CUST_0916,PROD_015,2023-12-19,5,160.09,800.45
ORD_02350,CUST_0947,PROD_032,2023-12-19,1,79.87,79.87
ORD_03854,CUST_0074,PROD_045,2023-12-19,1,188.65,188.65
ORD_01417,CUST_0311,PROD_025,2023-12-20,5,191.87,959.35
ORD_01795,CUST_0792,PROD_005,2023-12-20,5,70.27,351.34999999999997
ORD_04740,CUST_0826,PROD_004,2023-12-20,1,31.43,31.43
ORD_01204,CUST_0322,PROD_001,2023-12-20,5,154.57,772.8499999999999
ORD_01099,CUST_0160,PROD_008,2023-12-20,3,367.3,1101.9
ORD_02033,CUST_0070,PROD_040,2023-12-20,2,45.14,90.28
ORD_00324,CUST_0459,PROD_028,2023-12-20,2,347.32,694.64
ORD_04702,CUST_0648,PROD_036,2023-12-20,1,22.47,22.47
ORD_01507,CUST_0745,PROD_040,2023-12-20,4,45.14,180.56
ORD_02032,CUST_0964,PROD_003,2023-12-20,1,292.83,292.83
ORD_00165,CUST_0181,PROD_007,2023-12-20,5,178.15,890.75
ORD_02924,CUST_0730,PROD_005,2023-12-20,3,70.27,210.81
ORD_03180,CUST_0306,PROD_025,2023-12-20,1,191.87,191.87
ORD_02358,CUST_0920,PROD_016,2023-12-20,3,396.6,1189.8000000000002
ORD_03695,CUST_0026,PROD_037,2023-12-20,1,326.45,326.45
ORD_01995,CUST_0981,PROD_002,2023-12-20,3,248.14,744.42
ORD_00854,CUST_0428,PROD_023,2023-12-20,3,166.24,498.72
ORD_01550,CUST_0197,PROD_042,2023-12-20,1,162.5,162.5
ORD_03874,CUST_0495,PROD_014,2023-12-20,1,144.94,144.94
ORD_00767,CUST_0325,PROD_020,2023-12-20,3,430.21,1290.6299999999999
ORD_01469,CUST_0197,PROD_032,2023-12-20,4,79.87,319.48
ORD_00953,CUST_0220,PROD_019,2023-12-20,3,412.99,1238.97
ORD_02248,CUST_0610,PROD_046,2023-12-20,1,116.77,116.77
ORD_03208,CUST_0715,PROD_022,2023-12-20,3,221.18,663.54
ORD_03803,CUST_0130,PROD_009,2023-12-20,4,329.62,1318.48
ORD_04449,CUST_0055,PROD_028,2023-12-20,5,347.32,1736.6
ORD_04129,CUST_0179,PROD_039,2023-12-21,4,176.9,707.6
ORD_01656,CUST_0335,PROD_045,2023-12-21,1,188.65,188.65
ORD_00446,CUST_0538,PROD_007,2023-12-21,5,178.15,890.75
ORD_03674,CUST_0020,PROD_029,2023-12-21,3,193.53,580.59
ORD_03043,CUST_0915,PROD_014,2023-12-21,5,144.94,724.7
ORD_04153,CUST_0486,PROD_024,2023-12-21,2,295.28,590.56
ORD_00879,CUST_0527,PROD_044,2023-12-21,4,306.83,1227.32
ORD_03052,CUST_0263,PROD_025,2023-12-21,5,191.87,959.35
ORD_03569,CUST_0180,PROD_034,2023-12-21,5,179.48,897.4
ORD_04729,CUST_0108,PROD_003,2023-12-21,5,292.83,1464.1499999999999
ORD_04022,CUST_0207,PROD_043,2023-12-21,5,341.79,1708.95
ORD_00388,CUST_0552,PROD_010,2023-12-21,3,424.35,1273.0500000000002
ORD_01134,CUST_0802,PROD_040,2023-12-21,2,45.14,90.28
ORD_02341,CUST_0097,PROD_026,2023-12-21,3,304.53,913.5899999999999
ORD_04098,CUST_0940,PROD_021,2023-12-21,4,459.15,1836.6
ORD_00957,CUST_0149,PROD_004,2023-12-21,1,31.43,31.43
ORD_02530,CUST_0226,PROD_010,2023-12-21,2,424.35,848.7
ORD_01415,CUST_0674,PROD_011,2023-12-21,3,349.32,1047.96
ORD_01647,CUST_0543,PROD_036,2023-12-21,5,22.47,112.35
ORD_00660,CUST_0663,PROD_012,2023-12-21,3,220.67,662.01
ORD_00064,CUST_0793,PROD_009,2023-12-21,3,329.62,988.86
ORD_02518,CUST_0899,PROD_004,2023-12-21,3,31.43,94.28999999999999
ORD_01618,CUST_0109,PROD_023,2023-12-21,3,166.24,498.72
ORD_01625,CUST_0594,PROD_026,2023-12-21,4,304.53,1218.12
ORD_03016,CUST_0755,PROD_030,2023-12-21,1,91.76,91.76
ORD_01279,CUST_0372,PROD_025,2023-12-21,4,191.87,767.48
ORD_01121,CUST_0237,PROD_023,2023-12-21,2,166.24,332.48
ORD_01468,CUST_0826,PROD_036,2023-12-21,4,22.47,89.88
ORD_01796,CUST_0424,PROD_029,2023-12-21,2,193.53,387.06
ORD_00508,CUST_0795,PROD_009,2023-12-21,1,329.62,329.62
ORD_02180,CUST_0514,PROD_045,2023-12-22,2,188.65,377.3
ORD_03221,CUST_0652,PROD_029,2023-12-22,4,193.53,774.12
ORD_03533,CUST_0550,PROD_007,2023-12-22,5,178.15,890.75
ORD_02373,CUST_0019,PROD_021,2023-12-22,5,459.15,2295.75
ORD_01752,CUST_0456,PROD_044,2023-12-22,3,306.83,920.49
ORD_00169,CUST_0470,PROD_008,2023-12-22,3,367.3,1101.9
ORD_04667,CUST_0372,PROD_002,2023-12-22,1,248.14,248.14
ORD_02020,CUST_0084,PROD_026,2023-12-22,2,304.53,609.06
ORD_03558,CUST_0459,PROD_006,2023-12-22,2,283.73,567.46
ORD_02670,CUST_0981,PROD_017,2023-12-22,4,228.75,915.0
ORD_00538,CUST_0226,PROD_010,2023-12-22,2,424.35,848.7
ORD_03356,CUST_0225,PROD_023,2023-12-22,2,166.24,332.48
ORD_04143,CUST_0614,PROD_005,2023-12-22,3,70.27,210.81
ORD_01901,CUST_0933,PROD_047,2023-12-22,5,494.14,2470.7
ORD_03476,CUST_0361,PROD_022,2023-12-22,4,221.18,884.72
ORD_01290,CUST_0071,PROD_043,2023-12-22,2,341.79,683.58
ORD_02794,CUST_0958,PROD_036,2023-12-22,1,22.47,22.47
ORD_02336,CUST_0988,PROD_016,2023-12-22,3,396.6,1189.8000000000002
ORD_00828,CUST_0327,PROD_022,2023-12-22,4,221.18,884.72
ORD_01358,CUST_0345,PROD_017,2023-12-22,2,228.75,457.5
ORD_00744,CUST_0016,PROD_044,2023-12-22,4,306.83,1227.32
ORD_03350,CUST_0144,PROD_023,2023-12-22,3,166.24,498.72
ORD_03015,CUST_0958,PROD_024,2023-12-22,4,295.28,1181.12
ORD_00629,CUST_0873,PROD_014,2023-12-22,2,144.94,289.88
ORD_03244,CUST_0402,PROD_047,2023-12-22,3,494.14,1482.42
ORD_01148,CUST_0996,PROD_002,2023-12-22,4,248.14,992.56
ORD_02290,CUST_0355,PROD_014,2023-12-22,2,144.94,289.88
ORD_03438,CUST_0070,PROD_001,2023-12-22,3,154.57,463.71
ORD_01636,CUST_0516,PROD_025,2023-12-22,2,191.87,383.74
ORD_00154,CUST_0715,PROD_021,2023-12-22,4,459.15,1836.6
ORD_00886,CUST_0134,PROD_045,2023-12-22,3,188.65,565.95
ORD_00177,CUST_0116,PROD_025,2023-12-23,5,191.87,959.35
ORD_04998,CUST_0378,PROD_006,2023-12-23,1,283.73,283.73
ORD_04886,CUST_0626,PROD_018,2023-12-23,3,401.21,1203.6299999999999
ORD_01911,CUST_0392,PROD_022,2023-12-23,1,221.18,221.18
ORD_03041,CUST_0419,PROD_026,2023-12-23,3,304.53,913.5899999999999
ORD_03514,CUST_0040,PROD_047,2023-12-23,2,494.14,988.28
ORD_02919,CUST_0040,PROD_030,2023-12-23,1,91.76,91.76
ORD_03756,CUST_0442,PROD_012,2023-12-23,4,220.67,882.68
ORD_00113,CUST_0156,PROD_037,2023-12-23,2,326.45,652.9
ORD_01658,CUST_0016,PROD_005,2023-12-23,2,70.27,140.54
ORD_03639,CUST_0883,PROD_004,2023-12-23,1,31.43,31.43
ORD_04297,CUST_0524,PROD_044,2023-12-23,4,306.83,1227.32
ORD_03440,CUST_0941,PROD_050,2023-12-23,2,78.87,157.74
ORD_01539,CUST_0387,PROD_023,2023-12-23,3,166.24,498.72
ORD_03103,CUST_0498,PROD_043,2023-12-23,5,341.79,1708.95
ORD_04109,CUST_0372,PROD_039,2023-12-23,3,176.9,530.7
ORD_00027,CUST_0934,PROD_011,2023-12-23,2,349.32,698.64
ORD_03876,CUST_0285,PROD_045,2023-12-23,5,188.65,943.25
ORD_00648,CUST_0995,PROD_024,2023-12-23,2,295.28,590.56
ORD_01236,CUST_0245,PROD_048,2023-12-23,3,232.46,697.38
ORD_04067,CUST_0880,PROD_031,2023-12-24,2,220.96,441.92
ORD_02025,CUST_0207,PROD_003,2023-12-24,4,292.83,1171.32
ORD_00655,CUST_0116,PROD_032,2023-12-24,1,79.87,79.87
ORD_04557,CUST_0404,PROD_040,2023-12-24,1,45.14,45.14
ORD_03420,CUST_0085,PROD_006,2023-12-24,2,283.73,567.46
ORD_03513,CUST_0593,PROD_010,2023-12-24,1,424.35,424.35
ORD_01935,CUST_0017,PROD_024,2023-12-24,5,295.28,1476.3999999999999
ORD_03334,CUST_0996,PROD_038,2023-12-24,4,322.08,1288.32
ORD_04144,CUST_0432,PROD_018,2023-12-24,5,401.21,2006.05
ORD_02049,CUST_0792,PROD_049,2023-12-24,2,347.25,694.5
ORD_04686,CUST_0178,PROD_022,2023-12-24,1,221.18,221.18
ORD_03912,CUST_0685,PROD_038,2023-12-24,4,322.08,1288.32
ORD_04648,CUST_0538,PROD_050,2023-12-24,2,78.87,157.74
ORD_02830,CUST_0087,PROD_038,2023-12-24,4,322.08,1288.32
ORD_00717,CUST_0299,PROD_035,2023-12-24,2,85.69,171.38
ORD_04887,CUST_0026,PROD_040,2023-12-24,5,45.14,225.7
ORD_01966,CUST_0342,PROD_002,2023-12-24,4,248.14,992.56
ORD_01632,CUST_0652,PROD_022,2023-12-24,1,221.18,221.18
ORD_01144,CUST_0548,PROD_040,2023-12-24,2,45.14,90.28
ORD_02103,CUST_0096,PROD_004,2023-12-24,3,31.43,94.28999999999999
ORD_00671,CUST_0605,PROD_013,2023-12-24,3,339.75,1019.25
ORD_03064,CUST_0929,PROD_030,2023-12-24,3,91.76,275.28000000000003
ORD_02880,CUST_0381,PROD_009,2023-12-24,3,329.62,988.86
ORD_04453,CUST_0322,PROD_013,2023-12-24,2,339.75,679.5
ORD_04191,CUST_0559,PROD_044,2023-12-24,3,306.83,920.49
ORD_00852,CUST_0380,PROD_050,2023-12-24,2,78.87,157.74
ORD_03231,CUST_0481,PROD_008,2023-12-24,5,367.3,1836.5
ORD_00922,CUST_0626,PROD_006,2023-12-25,4,283.73,1134.92
ORD_03838,CUST_0802,PROD_005,2023-12-25,3,70.27,210.81
ORD_01989,CUST_0235,PROD_019,2023-12-25,2,412.99,825.98
ORD_03010,CUST_0452,PROD_015,2023-12-25,2,160.09,320.18
ORD_00059,CUST_0020,PROD_007,2023-12-25,5,178.15,890.75
ORD_00473,CUST_0890,PROD_048,2023-12-25,1,232.46,232.46
ORD_01130,CUST_0506,PROD_048,2023-12-25,3,232.46,697.38
ORD_02568,CUST_0556,PROD_031,2023-12-25,4,220.96,883.84
ORD_00606,CUST_0904,PROD_029,2023-12-25,3,193.53,580.59
ORD_04817,CUST_0568,PROD_038,2023-12-25,4,322.08,1288.32
ORD_04766,CUST_0718,PROD_003,2023-12-25,1,292.83,292.83
ORD_03418,CUST_0392,PROD_039,2023-12-25,3,176.9,530.7
ORD_02726,CUST_0942,PROD_027,2023-12-25,4,355.74,1422.96
ORD_02270,CUST_0480,PROD_007,2023-12-25,2,178.15,356.3
ORD_00824,CUST_0320,PROD_015,2023-12-25,3,160.09,480.27
ORD_02907,CUST_0630,PROD_033,2023-12-25,1,446.15,446.15
ORD_01069,CUST_0145,PROD_006,2023-12-25,3,283.73,851.19
ORD_00341,CUST_0318,PROD_045,2023-12-25,3,188.65,565.95
ORD_01768,CUST_0923,PROD_039,2023-12-25,3,176.9,530.7
ORD_03498,CUST_0470,PROD_001,2023-12-26,1,154.57,154.57
ORD_01533,CUST_0785,PROD_010,2023-12-26,4,424.35,1697.4
ORD_03677,CUST_0311,PROD_017,2023-12-26,1,228.75,228.75
ORD_02173,CUST_0446,PROD_017,2023-12-26,3,228.75,686.25
ORD_01002,CUST_0626,PROD_040,2023-12-26,3,45.14,135.42000000000002
ORD_03033,CUST_0574,PROD_041,2023-12-26,1,210.72,210.72
ORD_03725,CUST_0875,PROD_022,2023-12-26,4,221.18,884.72
ORD_01720,CUST_0504,PROD_007,2023-12-26,1,178.15,178.15
ORD_03228,CUST_0433,PROD_014,2023-12-26,4,144.94,579.76
ORD_02164,CUST_0116,PROD_028,2023-12-26,3,347.32,1041.96
ORD_04800,CUST_0745,PROD_023,2023-12-26,1,166.24,166.24
ORD_03150,CUST_0324,PROD_036,2023-12-26,2,22.47,44.94
ORD_03142,CUST_0014,PROD_047,2023-12-26,1,494.14,494.14
ORD_04391,CUST_0991,PROD_046,2023-12-26,3,116.77,350.31
ORD_01793,CUST_0985,PROD_030,2023-12-26,2,91.76,183.52
ORD_04307,CUST_0413,PROD_047,2023-12-26,5,494.14,2470.7
ORD_01567,CUST_0003,PROD_025,2023-12-27,2,191.87,383.74
ORD_02731,CUST_0098,PROD_039,2023-12-27,3,176.9,530.7
ORD_00303,CUST_0994,PROD_015,2023-12-27,2,160.09,320.18
ORD_03894,CUST_0923,PROD_030,2023-12-27,5,91.76,458.8
ORD_02515,CUST_0767,PROD_048,2023-12-27,4,232.46,929.84
ORD_02977,CUST_0283,PROD_018,2023-12-27,2,401.21,802.42
ORD_00021,CUST_0743,PROD_005,2023-12-27,1,70.27,70.27
ORD_03697,CUST_0888,PROD_026,2023-12-27,2,304.53,609.06
ORD_02213,CUST_0049,PROD_027,2023-12-27,4,355.74,1422.96
ORD_03229,CUST_0742,PROD_037,2023-12-27,1,326.45,326.45
ORD_04568,CUST_0691,PROD_040,2023-12-27,2,45.14,90.28
ORD_04470,CUST_0442,PROD_001,2023-12-27,4,154.57,618.28
ORD_04565,CUST_0928,PROD_015,2023-12-27,5,160.09,800.45
ORD_02029,CUST_0449,PROD_014,2023-12-27,1,144.94,144.94
ORD_04268,CUST_0052,PROD_006,2023-12-27,3,283.73,851.19
ORD_00085,CUST_0871,PROD_044,2023-12-27,5,306.83,1534.1499999999999
ORD_00913,CUST_0798,PROD_013,2023-12-27,1,339.75,339.75
ORD_04008,CUST_0698,PROD_005,2023-12-27,1,70.27,70.27
ORD_02090,CUST_0050,PROD_044,2023-12-27,5,306.83,1534.1499999999999
ORD_04355,CUST_0284,PROD_036,2023-12-27,3,22.47,67.41
ORD_00546,CUST_0404,PROD_047,2023-12-27,4,494.14,1976.56
ORD_00699,CUST_0546,PROD_028,2023-12-27,1,347.32,347.32
ORD_04663,CUST_0835,PROD_012,2023-12-27,4,220.67,882.68
ORD_04735,CUST_0306,PROD_006,2023-12-27,2,283.73,567.46
ORD_01458,CUST_0808,PROD_043,2023-12-27,5,341.79,1708.95
ORD_03954,CUST_0375,PROD_036,2023-12-27,1,22.47,22.47
ORD_00368,CUST_0907,PROD_011,2023-12-28,1,349.32,349.32
ORD_02100,CUST_0934,PROD_003,2023-12-28,4,292.83,1171.32
ORD_03116,CUST_0837,PROD_018,2023-12-28,2,401.21,802.42
ORD_01605,CUST_0043,PROD_048,2023-12-28,1,232.46,232.46
ORD_02490,CUST_0527,PROD_006,2023-12-28,1,283.73,283.73
ORD_01762,CUST_0033,PROD_048,2023-12-28,2,232.46,464.92
ORD_00723,CUST_0572,PROD_039,2023-12-28,1,176.9,176.9
ORD_03179,CUST_0438,PROD_016,2023-12-28,3,396.6,1189.8000000000002
ORD_01380,CUST_0964,PROD_013,2023-12-28,3,339.75,1019.25
ORD_01982,CUST_0562,PROD_033,2023-12-28,4,446.15,1784.6
ORD_00816,CUST_0626,PROD_050,2023-12-28,1,78.87,78.87
ORD_04807,CUST_0296,PROD_003,2023-12-28,4,292.83,1171.32
ORD_03920,CUST_0869,PROD_011,2023-12-28,3,349.32,1047.96
ORD_01677,CUST_0557,PROD_047,2023-12-28,4,494.14,1976.56
ORD_02648,CUST_0833,PROD_010,2023-12-28,2,424.35,848.7
ORD_03063,CUST_0698,PROD_030,2023-12-28,5,91.76,458.8
ORD_00794,CUST_0463,PROD_048,2023-12-28,3,232.46,697.38
ORD_00132,CUST_0343,PROD_003,2023-12-28,5,292.83,1464.1499999999999
ORD_03434,CUST_0180,PROD_045,2023-12-28,3,188.65,565.95
ORD_02273,CUST_0128,PROD_015,2023-12-28,5,160.09,800.45
ORD_03800,CUST_0158,PROD_046,2023-12-28,2,116.77,233.54
ORD_00382,CUST_0725,PROD_035,2023-12-28,5,85.69,428.45
